[1 / 150; MWC1 ]: using timeout 9.4 sec...
Set parameter Username
Academic license - for non-commercial use only - expires 2026-03-11
Set parameter TimeLimit to value 9.4114677906036377e+00
Gurobi Optimizer version 10.0.1 build v10.0.1rc0 (linux64)

CPU model: 12th Gen Intel(R) Core(TM) i5-1235U, instruction set [SSE2|AVX|AVX2]
Thread count: 12 physical cores, 12 logical processors, using up to 12 threads

Optimize a model with 0 rows, 5 columns and 0 nonzeros
Model fingerprint: 0xbd877c4b
Variable types: 0 continuous, 5 integer (5 binary)
Coefficient statistics:
  Matrix range     [0e+00, 0e+00]
  Objective range  [0e+00, 0e+00]
  Bounds range     [1e+00, 1e+00]
  RHS range        [0e+00, 0e+00]
Found heuristic solution: objective 0.0000000

Explored 0 nodes (0 simplex iterations) in 0.00 seconds (0.00 work units)
Thread count was 1 (of 12 available processors)

Solution count 1: 0 

Optimal solution found (tolerance 1.00e-04)
Best objective 0.000000000000e+00, best bound 0.000000000000e+00, gap 0.0000%
[1 / 150; MWC1 ] ✓ done.
[2 / 150; MWC10 ]: using timeout 6.9 sec...
Set parameter TimeLimit to value 6.8979480266571045e+00
Gurobi Optimizer version 10.0.1 build v10.0.1rc0 (linux64)

CPU model: 12th Gen Intel(R) Core(TM) i5-1235U, instruction set [SSE2|AVX|AVX2]
Thread count: 12 physical cores, 12 logical processors, using up to 12 threads

Optimize a model with 0 rows, 35 columns and 0 nonzeros
Model fingerprint: 0x036f22ff
Model has 152 quadratic objective terms
Variable types: 0 continuous, 35 integer (35 binary)
Coefficient statistics:
  Matrix range     [0e+00, 0e+00]
  Objective range  [2e+00, 1e+01]
  QObjective range [2e-02, 8e+00]
  Bounds range     [1e+00, 1e+00]
  RHS range        [0e+00, 0e+00]
Found heuristic solution: objective 0.0000000
Found heuristic solution: objective -108.4556174
Presolve removed 0 rows and 1 columns
Presolve time: 0.01s
Presolved: 139 rows, 173 columns, 417 nonzeros
Variable types: 0 continuous, 173 integer (173 binary)

Root relaxation: objective -1.365475e+02, 40 iterations, 0.00 seconds (0.00 work units)

    Nodes    |    Current Node    |     Objective Bounds      |     Work
 Expl Unexpl |  Obj  Depth IntInf | Incumbent    BestBd   Gap | It/Node Time

     0     0 -136.54748    0   33 -108.45562 -136.54748  25.9%     -    0s
     0     0 -115.35888    0   69 -108.45562 -115.35888  6.37%     -    0s
     0     0 -112.64270    0   72 -108.45562 -112.64270  3.86%     -    0s
     0     0 -112.64270    0   72 -108.45562 -112.64270  3.86%     -    0s
     0     2 -112.64270    0   72 -108.45562 -112.64270  3.86%     -    0s

Cutting planes:
  Gomory: 3
  MIR: 22
  Zero half: 23
  RLT: 15
  BQP: 18

Explored 7 nodes (417 simplex iterations) in 0.10 seconds (0.04 work units)
Thread count was 12 (of 12 available processors)

Solution count 2: -108.456 0 
No other solutions better than -108.456

Optimal solution found (tolerance 1.00e-04)
Best objective -1.084556174253e+02, best bound -1.084556174253e+02, gap 0.0000%
[2 / 150; MWC10 ] ✓ done.
[3 / 150; MWC100 ]: using timeout 17.9 sec...
Set parameter TimeLimit to value 1.7883170843124383e+01
Gurobi Optimizer version 10.0.1 build v10.0.1rc0 (linux64)

CPU model: 12th Gen Intel(R) Core(TM) i5-1235U, instruction set [SSE2|AVX|AVX2]
Thread count: 12 physical cores, 12 logical processors, using up to 12 threads

Optimize a model with 0 rows, 75 columns and 0 nonzeros
Model fingerprint: 0x3c20e974
Model has 668 quadratic objective terms
Variable types: 0 continuous, 75 integer (75 binary)
Coefficient statistics:
  Matrix range     [0e+00, 0e+00]
  Objective range  [4e+01, 1e+02]
  QObjective range [5e-03, 3e+01]
  Bounds range     [1e+00, 1e+00]
  RHS range        [0e+00, 0e+00]
Found heuristic solution: objective 0.0000000
Found heuristic solution: objective -0.0000000
Found heuristic solution: objective -1837.259301
Presolve time: 0.08s
Presolved: 643 rows, 718 columns, 1929 nonzeros
Variable types: 0 continuous, 718 integer (718 binary)

Root relaxation: objective -2.661133e+03, 123 iterations, 0.00 seconds (0.00 work units)

    Nodes    |    Current Node    |     Objective Bounds      |     Work
 Expl Unexpl |  Obj  Depth IntInf | Incumbent    BestBd   Gap | It/Node Time

     0     0 -2661.1325    0   74 -1837.2593 -2661.1325  44.8%     -    0s
     0     0 -2086.6762    0  309 -1837.2593 -2086.6762  13.6%     -    0s
     0     0 -2083.9717    0  310 -1837.2593 -2083.9717  13.4%     -    0s
     0     0 -2013.7881    0  402 -1837.2593 -2013.7881  9.61%     -    0s
     0     0 -2013.7881    0  402 -1837.2593 -2013.7881  9.61%     -    0s
     0     2 -2013.7881    0  402 -1837.2593 -2013.7881  9.61%     -    0s
  3134   738     cutoff   15      -1837.2593 -1888.9380  2.81%   101    5s
  4991   735 -1854.5217   12  355 -1837.2593 -1876.2947  2.12%  98.1   10s
  7487   551 -1842.5586   13  424 -1837.2593 -1864.5763  1.49%  94.8   15s

Cutting planes:
  Gomory: 10
  MIR: 103
  Zero half: 88
  RLT: 119
  BQP: 260

Explored 8871 nodes (831185 simplex iterations) in 17.89 seconds (12.19 work units)
Thread count was 12 (of 12 available processors)

Solution count 2: -1837.26 -3.25251e-12 

Time limit reached
Best objective -1.837259301248e+03, best bound -1.856649257327e+03, gap 1.0554%
[3 / 150; MWC100 ] ✓ done.
[4 / 150; MWC101 ]: using timeout 23.6 sec...
Set parameter TimeLimit to value 2.3639453649520892e+01
Gurobi Optimizer version 10.0.1 build v10.0.1rc0 (linux64)

CPU model: 12th Gen Intel(R) Core(TM) i5-1235U, instruction set [SSE2|AVX|AVX2]
Thread count: 12 physical cores, 12 logical processors, using up to 12 threads

Optimize a model with 0 rows, 75 columns and 0 nonzeros
Model fingerprint: 0x7e2db24e
Model has 1388 quadratic objective terms
Variable types: 0 continuous, 75 integer (75 binary)
Coefficient statistics:
  Matrix range     [0e+00, 0e+00]
  Objective range  [5e+01, 1e+02]
  QObjective range [5e-03, 2e+01]
  Bounds range     [1e+00, 1e+00]
  RHS range        [0e+00, 0e+00]
Found heuristic solution: objective 0.0000000
Found heuristic solution: objective -1675.920123
Presolve time: 0.20s
Presolved: 1336 rows, 1411 columns, 4008 nonzeros
Variable types: 0 continuous, 1411 integer (1411 binary)

Root relaxation: objective -2.654031e+03, 147 iterations, 0.01 seconds (0.00 work units)

    Nodes    |    Current Node    |     Objective Bounds      |     Work
 Expl Unexpl |  Obj  Depth IntInf | Incumbent    BestBd   Gap | It/Node Time

     0     0 -2654.0308    0   74 -1675.9201 -2654.0308  58.4%     -    0s
     0     0 -2400.1234    0  210 -1675.9201 -2400.1234  43.2%     -    1s
     0     0 -2162.3178    0  484 -1675.9201 -2162.3178  29.0%     -    2s
     0     0 -2133.5016    0  568 -1675.9201 -2133.5016  27.3%     -    2s
     0     0 -2127.5663    0  497 -1675.9201 -2127.5663  26.9%     -    3s
     0     0 -1912.2076    0 1289 -1675.9201 -1912.2076  14.1%     -    8s
     0     0 -1912.2076    0 1289 -1675.9201 -1912.2076  14.1%     -    8s
     0     2 -1912.2076    0 1289 -1675.9201 -1912.2076  14.1%     -    9s
     1     5 -1900.3695    1 1270 -1675.9201 -1912.1767  14.1%  1819   10s
     7    16 -1864.1588    3 1242 -1675.9201 -1876.6851  12.0%  2955   15s
    39    52 -1831.4186    5 1212 -1675.9201 -1861.7126  11.1%  2377   22s

Cutting planes:
  MIR: 401
  Zero half: 62
  RLT: 420
  BQP: 611

Explored 56 nodes (134124 simplex iterations) in 23.65 seconds (14.59 work units)
Thread count was 12 (of 12 available processors)

Solution count 2: -1675.92 0 

Time limit reached
Best objective -1.675920123205e+03, best bound -1.861712627571e+03, gap 11.0860%
[4 / 150; MWC101 ] ✓ done.
[5 / 150; MWC102 ]: using timeout 36.1 sec...
Set parameter TimeLimit to value 36.142954826355
Gurobi Optimizer version 10.0.1 build v10.0.1rc0 (linux64)

CPU model: 12th Gen Intel(R) Core(TM) i5-1235U, instruction set [SSE2|AVX|AVX2]
Thread count: 12 physical cores, 12 logical processors, using up to 12 threads

Optimize a model with 0 rows, 75 columns and 0 nonzeros
Model fingerprint: 0x532410c4
Model has 2058 quadratic objective terms
Variable types: 0 continuous, 75 integer (75 binary)
Coefficient statistics:
  Matrix range     [0e+00, 0e+00]
  Objective range  [2e+02, 3e+02]
  QObjective range [2e-02, 4e+01]
  Bounds range     [1e+00, 1e+00]
  RHS range        [0e+00, 0e+00]
Found heuristic solution: objective 0.0000000
Found heuristic solution: objective -5334.636265
Found heuristic solution: objective -5357.051075
Presolve time: 0.26s
Presolved: 0 rows, 75 columns, 0 nonzeros
Presolved model has 2069 quadratic objective terms
Variable types: 0 continuous, 75 integer (75 binary)

Root relaxation: objective -5.571123e+03, 112 iterations, 0.00 seconds (0.00 work units)

    Nodes    |    Current Node    |     Objective Bounds      |     Work
 Expl Unexpl |  Obj  Depth IntInf | Incumbent    BestBd   Gap | It/Node Time

     0     0 -5571.1228    0   71 -5357.0511 -5571.1228  4.00%     -    0s
     0     0 -5571.1228    0   71 -5357.0511 -5571.1228  4.00%     -    0s
     0     2 -5571.1228    0   71 -5357.0511 -5571.1228  4.00%     -    0s
  3317  2375 -5526.2962   40   47 -5357.0511 -5526.2962  3.16%  18.6    5s
 11842  8575 -5526.2962   35   50 -5357.0511 -5526.2962  3.16%  23.1   10s
 22835 16177 -5526.2962   31   61 -5357.0511 -5526.2962  3.16%  22.5   15s
 36854 27693 -5526.2962   34   52 -5357.0511 -5526.2962  3.16%  22.0   20s
 51600 38717 -5526.2962   40   47 -5357.0511 -5526.2962  3.16%  22.1   25s
 55345 41797     cutoff   69      -5357.0511 -5526.2962  3.16%  22.1   31s
 63891 48309 -5526.2962   41   47 -5357.0511 -5526.2962  3.16%  22.7   35s

Cutting planes:
  Gomory: 96
  Implied bound: 30
  MIR: 376
  Flow cover: 261
  RLT: 184
  Relax-and-lift: 155

Explored 66045 nodes (1509622 simplex iterations) in 36.15 seconds (17.52 work units)
Thread count was 12 (of 12 available processors)

Solution count 4: -5357.05 -5357.05 -5334.64 0 

Time limit reached
Best objective -5.357051075235e+03, best bound -5.526296210488e+03, gap 3.1593%
[5 / 150; MWC102 ] ✓ done.
[6 / 150; MWC103 ]: using timeout 25.0 sec...
Set parameter TimeLimit to value 2.5006350755691521e+01
Gurobi Optimizer version 10.0.1 build v10.0.1rc0 (linux64)

CPU model: 12th Gen Intel(R) Core(TM) i5-1235U, instruction set [SSE2|AVX|AVX2]
Thread count: 12 physical cores, 12 logical processors, using up to 12 threads

Optimize a model with 0 rows, 85 columns and 0 nonzeros
Model fingerprint: 0xadf49725
Model has 911 quadratic objective terms
Variable types: 0 continuous, 85 integer (85 binary)
Coefficient statistics:
  Matrix range     [0e+00, 0e+00]
  Objective range  [6e+01, 2e+02]
  QObjective range [8e-02, 4e+01]
  Bounds range     [1e+00, 1e+00]
  RHS range        [0e+00, 0e+00]
Found heuristic solution: objective 0.0000000
Found heuristic solution: objective -0.0000000
Found heuristic solution: objective -3056.048172
Presolve time: 0.18s
Presolved: 886 rows, 971 columns, 2658 nonzeros
Variable types: 0 continuous, 971 integer (971 binary)

Root relaxation: objective -4.565091e+03, 138 iterations, 0.00 seconds (0.00 work units)

    Nodes    |    Current Node    |     Objective Bounds      |     Work
 Expl Unexpl |  Obj  Depth IntInf | Incumbent    BestBd   Gap | It/Node Time

     0     0 -4565.0909    0   84 -3056.0482 -4565.0909  49.4%     -    0s
     0     0 -3539.1291    0  431 -3056.0482 -3539.1291  15.8%     -    0s
     0     0 -3532.5105    0  449 -3056.0482 -3532.5105  15.6%     -    0s
     0     0 -3385.1479    0  608 -3056.0482 -3385.1479  10.8%     -    1s
     0     0 -3385.1479    0  608 -3056.0482 -3385.1479  10.8%     -    1s
     0     2 -3385.1479    0  608 -3056.0482 -3385.1479  10.8%     -    1s
   169   175 -3150.3277   10  542 -3056.0482 -3295.0789  7.82%   346    5s
   636   422 -3206.5849    7  576 -3056.0482 -3274.1048  7.14%   255   11s
  1250   802 -3216.4555    6  559 -3056.0482 -3265.6694  6.86%   213   15s
  1628  1038 -3067.2196   20  422 -3056.0482 -3241.6077  6.07%   200   20s

Cutting planes:
  Gomory: 12
  MIR: 118
  Flow cover: 97
  Zero half: 113
  RLT: 204
  BQP: 299

Explored 1854 nodes (367985 simplex iterations) in 25.01 seconds (14.58 work units)
Thread count was 12 (of 12 available processors)

Solution count 2: -3056.05 -5.26779e-12 

Time limit reached
Best objective -3.056048171851e+03, best bound -3.241607691460e+03, gap 6.0719%
[6 / 150; MWC103 ] ✓ done.
[7 / 150; MWC104 ]: using timeout 82.3 sec...
Set parameter TimeLimit to value 8.2265249252319308e+01
Gurobi Optimizer version 10.0.1 build v10.0.1rc0 (linux64)

CPU model: 12th Gen Intel(R) Core(TM) i5-1235U, instruction set [SSE2|AVX|AVX2]
Thread count: 12 physical cores, 12 logical processors, using up to 12 threads

Optimize a model with 0 rows, 85 columns and 0 nonzeros
Model fingerprint: 0xb2d1abc3
Model has 1839 quadratic objective terms
Variable types: 0 continuous, 85 integer (85 binary)
Coefficient statistics:
  Matrix range     [0e+00, 0e+00]
  Objective range  [4e+01, 9e+01]
  QObjective range [3e-03, 1e+01]
  Bounds range     [1e+00, 1e+00]
  RHS range        [0e+00, 0e+00]
Found heuristic solution: objective 0.0000000
Found heuristic solution: objective -1628.609540
Presolve time: 0.15s
Presolved: 0 rows, 85 columns, 0 nonzeros
Presolved model has 1871 quadratic objective terms
Variable types: 0 continuous, 85 integer (85 binary)

Root relaxation: objective -1.705383e+03, 116 iterations, 0.00 seconds (0.00 work units)

    Nodes    |    Current Node    |     Objective Bounds      |     Work
 Expl Unexpl |  Obj  Depth IntInf | Incumbent    BestBd   Gap | It/Node Time

     0     0 -1705.3829    0   81 -1628.6095 -1705.3829  4.71%     -    0s
     0     0 -1705.3829    0   81 -1628.6095 -1705.3829  4.71%     -    0s
     0     2 -1705.3829    0   81 -1628.6095 -1705.3829  4.71%     -    0s
H    7    16                    -1634.143845 -1703.7209  4.26%   3.7    0s
H   16    28                    -1634.882323 -1702.1443  4.11%   3.9    0s
  4665  2952 -1692.7476   34   62 -1634.8823 -1692.7476  3.54%  24.1    5s
 10243  6701 -1692.7476   32   67 -1634.8823 -1692.7476  3.54%  26.7   10s
 21347 15903 -1692.7476   37   59 -1634.8823 -1692.7476  3.54%  27.3   15s
 31428 23431 -1692.7476   63   28 -1634.8823 -1692.7476  3.54%  27.0   20s
 42951 32342 -1692.7476   33   65 -1634.8823 -1692.7476  3.54%  26.7   25s
 53855 40408 -1692.7476   33   65 -1634.8823 -1692.7476  3.54%  26.5   30s
 56298 42560 -1692.7476   51   40 -1634.8823 -1692.7476  3.54%  26.5   35s
 66221 49319 -1692.7476   38   58 -1634.8823 -1692.7476  3.54%  26.4   40s
 75413 58011 -1692.7476   34   66 -1634.8823 -1692.7476  3.54%  26.8   45s
 85897 65176 -1692.7476   45   45 -1634.8823 -1692.7476  3.54%  26.9   50s
 95902 73047 -1692.7476   56   40 -1634.8823 -1692.7476  3.54%  27.1   55s
 106027 79795 -1692.7476   35   62 -1634.8823 -1692.7476  3.54%  27.2   63s
 108920 83459 -1692.7476   37   59 -1634.8823 -1692.7476  3.54%  27.3   65s
 119427 91321 -1692.7476   49   44 -1634.8823 -1692.7476  3.54%  27.4   70s
 129575 99389 -1692.7476   38   59 -1634.8823 -1692.7476  3.54%  27.5   75s
 139941 107357 -1692.7476   35   60 -1634.8823 -1692.7476  3.54%  27.6   80s

Cutting planes:
  Gomory: 52
  Implied bound: 32
  MIR: 241
  Flow cover: 216
  RLT: 202
  Relax-and-lift: 130

Explored 146101 nodes (4026313 simplex iterations) in 82.28 seconds (40.86 work units)
Thread count was 12 (of 12 available processors)

Solution count 4: -1634.88 -1634.14 -1628.61 0 

Time limit reached
Best objective -1.634882322615e+03, best bound -1.692747591690e+03, gap 3.5394%
[7 / 150; MWC104 ] ✓ done.
[8 / 150; MWC105 ]: using timeout 44.5 sec...
Set parameter TimeLimit to value 4.4522767543792760e+01
Gurobi Optimizer version 10.0.1 build v10.0.1rc0 (linux64)

CPU model: 12th Gen Intel(R) Core(TM) i5-1235U, instruction set [SSE2|AVX|AVX2]
Thread count: 12 physical cores, 12 logical processors, using up to 12 threads

Optimize a model with 0 rows, 85 columns and 0 nonzeros
Model fingerprint: 0x34beedad
Model has 2699 quadratic objective terms
Variable types: 0 continuous, 85 integer (85 binary)
Coefficient statistics:
  Matrix range     [0e+00, 0e+00]
  Objective range  [5e+01, 8e+01]
  QObjective range [3e-03, 8e+00]
  Bounds range     [1e+00, 1e+00]
  RHS range        [0e+00, 0e+00]
Found heuristic solution: objective 0.0000000
Found heuristic solution: objective -1564.025475
Found heuristic solution: objective -1564.359937
Presolve time: 0.21s
Presolved: 0 rows, 85 columns, 0 nonzeros
Presolved model has 2715 quadratic objective terms
Variable types: 0 continuous, 85 integer (85 binary)

Root relaxation: objective -1.621657e+03, 126 iterations, 0.00 seconds (0.00 work units)

    Nodes    |    Current Node    |     Objective Bounds      |     Work
 Expl Unexpl |  Obj  Depth IntInf | Incumbent    BestBd   Gap | It/Node Time

     0     0 -1621.6570    0   81 -1564.3599 -1621.6570  3.66%     -    0s
     0     0 -1621.6570    0   81 -1564.3599 -1621.6570  3.66%     -    0s
     0     2 -1621.6570    0   81 -1564.3599 -1621.6570  3.66%     -    0s
  5937  3714 -1608.1473   35   58 -1564.3599 -1608.1473  2.80%  15.1    5s
 18067 14209     cutoff   82      -1564.3599 -1608.1473  2.80%  15.7   10s
 33403 26876 -1608.1473   46   53 -1564.3599 -1608.1473  2.80%  15.5   15s
 50624 40312 -1608.1473   59   42 -1564.3599 -1608.1473  2.80%  15.0   20s
 54922 43864 -1608.1473   42   55 -1564.3599 -1608.1473  2.80%  15.1   26s
 64443 51816 -1608.1473   60   40 -1564.3599 -1608.1473  2.80%  15.6   30s
 77249 62781 -1576.0726   70   33 -1564.3599 -1608.1473  2.80%  16.2   35s
 89217 71312 -1608.1473   41   57 -1564.3599 -1608.1473  2.80%  16.5   40s

Cutting planes:
  Gomory: 118
  Implied bound: 31
  MIR: 192
  Flow cover: 195
  RLT: 65
  Relax-and-lift: 131

Explored 101363 nodes (1701078 simplex iterations) in 44.53 seconds (20.78 work units)
Thread count was 12 (of 12 available processors)

Solution count 3: -1564.36 -1564.03 0 

Time limit reached
Best objective -1.564359937037e+03, best bound -1.608147257752e+03, gap 2.7991%
[8 / 150; MWC105 ] ✓ done.
[9 / 150; MWC106 ]: using timeout 42.9 sec...
Set parameter TimeLimit to value 42.8945331573486
Gurobi Optimizer version 10.0.1 build v10.0.1rc0 (linux64)

CPU model: 12th Gen Intel(R) Core(TM) i5-1235U, instruction set [SSE2|AVX|AVX2]
Thread count: 12 physical cores, 12 logical processors, using up to 12 threads

Optimize a model with 0 rows, 95 columns and 0 nonzeros
Model fingerprint: 0xf72d5a64
Model has 1088 quadratic objective terms
Variable types: 0 continuous, 95 integer (95 binary)
Coefficient statistics:
  Matrix range     [0e+00, 0e+00]
  Objective range  [3e+01, 9e+01]
  QObjective range [2e-03, 2e+01]
  Bounds range     [1e+00, 1e+00]
  RHS range        [0e+00, 0e+00]
Found heuristic solution: objective 0.0000000
Found heuristic solution: objective -1842.323436
Presolve time: 0.19s
Presolved: 1056 rows, 1151 columns, 3168 nonzeros
Variable types: 0 continuous, 1151 integer (1151 binary)

Root relaxation: objective -2.733246e+03, 158 iterations, 0.00 seconds (0.00 work units)

    Nodes    |    Current Node    |     Objective Bounds      |     Work
 Expl Unexpl |  Obj  Depth IntInf | Incumbent    BestBd   Gap | It/Node Time

     0     0 -2733.2460    0   94 -1842.3234 -2733.2460  48.4%     -    0s
     0     0 -2173.8922    0  434 -1842.3234 -2173.8922  18.0%     -    0s
     0     0 -2127.2832    0  541 -1842.3234 -2127.2832  15.5%     -    0s
     0     0 -2032.7318    0  676 -1842.3234 -2032.7318  10.3%     -    1s
     0     0 -2032.7318    0  676 -1842.3234 -2032.7318  10.3%     -    1s
     0     2 -2032.7318    0  676 -1842.3234 -2032.7318  10.3%     -    1s
    63    76 -1928.6503    7  737 -1842.3234 -1979.3725  7.44%   668    5s
   349   293 -1880.8172   15  632 -1842.3234 -1979.3725  7.44%   332   10s
   726   516 -1941.5684    5  748 -1842.3234 -1958.2856  6.29%   268   15s
  1070   739 -1856.0356   14  505 -1842.3234 -1958.2856  6.29%   245   20s
  1374   864 -1915.5107    8  649 -1842.3234 -1948.1438  5.74%   229   25s
  1679  1033     cutoff   18      -1842.3234 -1948.1438  5.74%   225   30s
  1779  1037 -1920.3497    9  793 -1842.3234 -1948.1438  5.74%   222   35s
  1803  1053 -1856.3548   24 1068 -1842.3234 -1925.8979  4.54%   219   40s

Cutting planes:
  Gomory: 8
  MIR: 140
  StrongCG: 1
  Flow cover: 89
  Zero half: 188
  RLT: 273
  BQP: 372
  PSD: 5

Explored 1814 nodes (423038 simplex iterations) in 42.92 seconds (23.37 work units)
Thread count was 12 (of 12 available processors)

Solution count 2: -1842.32 0 

Time limit reached
Best objective -1.842323436248e+03, best bound -1.918018333623e+03, gap 4.1087%
[9 / 150; MWC106 ] ✓ done.
[10 / 150; MWC107 ]: using timeout 52.2 sec...
Set parameter TimeLimit to value 5.2158876419067418e+01
Gurobi Optimizer version 10.0.1 build v10.0.1rc0 (linux64)

CPU model: 12th Gen Intel(R) Core(TM) i5-1235U, instruction set [SSE2|AVX|AVX2]
Thread count: 12 physical cores, 12 logical processors, using up to 12 threads

Optimize a model with 0 rows, 95 columns and 0 nonzeros
Model fingerprint: 0x34f3566c
Model has 2220 quadratic objective terms
Variable types: 0 continuous, 95 integer (95 binary)
Coefficient statistics:
  Matrix range     [0e+00, 0e+00]
  Objective range  [3e+01, 7e+01]
  QObjective range [6e-04, 8e+00]
  Bounds range     [1e+00, 1e+00]
  RHS range        [0e+00, 0e+00]
Found heuristic solution: objective 0.0000000
Found heuristic solution: objective -1342.987860
Presolve time: 0.17s
Presolved: 0 rows, 95 columns, 0 nonzeros
Presolved model has 2257 quadratic objective terms
Variable types: 0 continuous, 95 integer (95 binary)

Root relaxation: objective -1.415438e+03, 149 iterations, 0.00 seconds (0.00 work units)

    Nodes    |    Current Node    |     Objective Bounds      |     Work
 Expl Unexpl |  Obj  Depth IntInf | Incumbent    BestBd   Gap | It/Node Time

     0     0 -1415.4380    0   88 -1342.9879 -1415.4380  5.39%     -    0s
H    0     0                    -1344.756765 -1415.4380  5.26%     -    0s
     0     0 -1415.4380    0   88 -1344.7568 -1415.4380  5.26%     -    0s
     0     2 -1415.4380    0   88 -1344.7568 -1415.4380  5.26%     -    0s
H    7    16                    -1345.424946 -1412.6133  4.99%   4.1    0s
H   15    28                    -1348.322368 -1410.8304  4.64%   4.5    0s
  3160  2409 -1405.4253   48   63 -1348.3224 -1405.4253  4.24%  22.2    5s
 10012  6629 -1405.4253   56   49 -1348.3224 -1405.4253  4.24%  26.9   10s
 16133 12011 -1405.4253   34   78 -1348.3224 -1405.4253  4.24%  26.3   15s
 25656 20278 -1405.4253   55   46 -1348.3224 -1405.4253  4.24%  25.7   20s
 35857 28301 -1405.4253   63   39 -1348.3224 -1405.4253  4.24%  24.5   25s
 42702 33111 -1405.4253   35   72 -1348.3224 -1405.4253  4.24%  24.7   36s
 47729 38457 -1405.4253   57   51 -1348.3224 -1405.4253  4.24%  24.8   40s
 54698 44576 -1405.4253   35   75 -1348.3224 -1405.4253  4.24%  24.8   51s

Cutting planes:
  Gomory: 70
  Implied bound: 35
  MIR: 295
  Flow cover: 263
  RLT: 198
  Relax-and-lift: 111

Explored 57529 nodes (1427612 simplex iterations) in 52.18 seconds (25.51 work units)
Thread count was 12 (of 12 available processors)

Solution count 5: -1348.32 -1345.42 -1344.76 ... 0

Time limit reached
Best objective -1.348322367520e+03, best bound -1.405425293150e+03, gap 4.2351%
[10 / 150; MWC107 ] ✓ done.
[11 / 150; MWC108 ]: using timeout 91.9 sec...
Set parameter TimeLimit to value 9.1926476716995225e+01
Gurobi Optimizer version 10.0.1 build v10.0.1rc0 (linux64)

CPU model: 12th Gen Intel(R) Core(TM) i5-1235U, instruction set [SSE2|AVX|AVX2]
Thread count: 12 physical cores, 12 logical processors, using up to 12 threads

Optimize a model with 0 rows, 95 columns and 0 nonzeros
Model fingerprint: 0x282cc798
Model has 3361 quadratic objective terms
Variable types: 0 continuous, 95 integer (95 binary)
Coefficient statistics:
  Matrix range     [0e+00, 0e+00]
  Objective range  [3e+02, 4e+02]
  QObjective range [1e-02, 4e+01]
  Bounds range     [1e+00, 1e+00]
  RHS range        [0e+00, 0e+00]
Found heuristic solution: objective 0.0000000
Found heuristic solution: objective -0.0000000
Found heuristic solution: objective -8812.999852
Presolve time: 0.26s
Presolved: 0 rows, 95 columns, 0 nonzeros
Presolved model has 3378 quadratic objective terms
Variable types: 0 continuous, 95 integer (95 binary)

Root relaxation: objective -9.135728e+03, 141 iterations, 0.00 seconds (0.00 work units)

    Nodes    |    Current Node    |     Objective Bounds      |     Work
 Expl Unexpl |  Obj  Depth IntInf | Incumbent    BestBd   Gap | It/Node Time

     0     0 -9135.7284    0   91 -8812.9999 -9135.7284  3.66%     -    0s
     0     0 -9135.7284    0   91 -8812.9999 -9135.7284  3.66%     -    0s
     0     2 -9135.7284    0   91 -8812.9999 -9135.7284  3.66%     -    0s
  2445  1979 -9086.5171   48   58 -8812.9999 -9086.5171  3.10%  13.0    5s
  8915  6233 -9086.5171   34   70 -8812.9999 -9086.5171  3.10%  18.7   10s
 17060 13384 -9086.5171   35   68 -8812.9999 -9086.5171  3.10%  19.8   15s
 29045 24714 -9086.5171   50   57 -8812.9999 -9086.5171  3.10%  20.0   20s
 42611 35804 -9086.5171   39   67 -8812.9999 -9086.5171  3.10%  19.3   25s
 55033 46230 -9086.5171   41   64 -8812.9999 -9086.5171  3.10%  19.3   38s
 58851 48675 -9086.5171   37   71 -8812.9999 -9086.5171  3.10%  19.5   40s
 65872 54946 -9086.5171   37   69 -8812.9999 -9086.5171  3.10%  20.4   45s
 73690 61599 -9086.5171   47   55 -8812.9999 -9086.5171  3.10%  20.9   50s
 81873 67686 -9086.5171   38   68 -8812.9999 -9086.5171  3.10%  21.4   55s
 88876 73540 -9086.5171   37   73 -8812.9999 -9086.5171  3.10%  21.7   60s
 97977 81488 -9086.5171   45   59 -8812.9999 -9086.5171  3.10%  22.0   65s
 103567 86020 -9008.9552   77   30 -8812.9999 -9086.5171  3.10%  22.2   70s
 110743 91963 -9086.5171   52   56 -8812.9999 -9086.5171  3.10%  22.5   75s
 117474 96787 -9086.5171   47   57 -8812.9999 -9086.5171  3.10%  22.7   91s

Cutting planes:
  Gomory: 79
  Implied bound: 58
  MIR: 235
  Flow cover: 158
  RLT: 82
  Relax-and-lift: 179

Explored 117486 nodes (2670485 simplex iterations) in 91.95 seconds (38.77 work units)
Thread count was 12 (of 12 available processors)

Solution count 3: -8813 -8813 -4.49472e-11 

Time limit reached
Best objective -8.812999851552e+03, best bound -9.086517148277e+03, gap 3.1036%
[11 / 150; MWC108 ] ✓ done.
[12 / 150; MWC11 ]: using timeout 9.3 sec...
Set parameter TimeLimit to value 9.28957438468933
Gurobi Optimizer version 10.0.1 build v10.0.1rc0 (linux64)

CPU model: 12th Gen Intel(R) Core(TM) i5-1235U, instruction set [SSE2|AVX|AVX2]
Thread count: 12 physical cores, 12 logical processors, using up to 12 threads

Optimize a model with 0 rows, 35 columns and 0 nonzeros
Model fingerprint: 0x1693f6db
Model has 306 quadratic objective terms
Variable types: 0 continuous, 35 integer (35 binary)
Coefficient statistics:
  Matrix range     [0e+00, 0e+00]
  Objective range  [2e+01, 5e+01]
  QObjective range [3e-02, 2e+01]
  Bounds range     [1e+00, 1e+00]
  RHS range        [0e+00, 0e+00]
Found heuristic solution: objective 0.0000000
Found heuristic solution: objective -0.0000000
Found heuristic solution: objective -407.0522034
Presolve time: 0.02s
Presolved: 287 rows, 322 columns, 861 nonzeros
Variable types: 0 continuous, 322 integer (322 binary)

Root relaxation: objective -5.952359e+02, 58 iterations, 0.00 seconds (0.00 work units)

    Nodes    |    Current Node    |     Objective Bounds      |     Work
 Expl Unexpl |  Obj  Depth IntInf | Incumbent    BestBd   Gap | It/Node Time

     0     0 -595.23589    0   34 -407.05220 -595.23589  46.2%     -    0s
     0     0 -465.06826    0  196 -407.05220 -465.06826  14.3%     -    0s
     0     0 -464.03492    0  191 -407.05220 -464.03492  14.0%     -    0s
     0     0 -431.80732    0  291 -407.05220 -431.80732  6.08%     -    0s
     0     0 -431.80732    0  291 -407.05220 -431.80732  6.08%     -    0s
     0     2 -431.80732    0  291 -407.05220 -431.80732  6.08%     -    0s

Cutting planes:
  Gomory: 18
  MIR: 80
  Zero half: 18
  RLT: 62
  BQP: 85

Explored 203 nodes (15951 simplex iterations) in 1.10 seconds (0.31 work units)
Thread count was 12 (of 12 available processors)

Solution count 2: -407.052 -1.59872e-14 
No other solutions better than -407.052

Optimal solution found (tolerance 1.00e-04)
Best objective -4.070522034440e+02, best bound -4.070522034440e+02, gap 0.0000%
[12 / 150; MWC11 ] ✓ done.
[13 / 150; MWC12 ]: using timeout 8.1 sec...
Set parameter TimeLimit to value 8.0748817920684814e+00
Gurobi Optimizer version 10.0.1 build v10.0.1rc0 (linux64)

CPU model: 12th Gen Intel(R) Core(TM) i5-1235U, instruction set [SSE2|AVX|AVX2]
Thread count: 12 physical cores, 12 logical processors, using up to 12 threads

Optimize a model with 0 rows, 35 columns and 0 nonzeros
Model fingerprint: 0xcd2b782e
Model has 464 quadratic objective terms
Variable types: 0 continuous, 35 integer (35 binary)
Coefficient statistics:
  Matrix range     [0e+00, 0e+00]
  Objective range  [2e+01, 3e+01]
  QObjective range [2e-02, 8e+00]
  Bounds range     [1e+00, 1e+00]
  RHS range        [0e+00, 0e+00]
Found heuristic solution: objective 0.0000000
Found heuristic solution: objective -277.4004202
Presolve time: 0.01s
Presolved: 435 rows, 470 columns, 1305 nonzeros
Variable types: 0 continuous, 470 integer (470 binary)

Root relaxation: objective -4.342182e+02, 67 iterations, 0.00 seconds (0.00 work units)

    Nodes    |    Current Node    |     Objective Bounds      |     Work
 Expl Unexpl |  Obj  Depth IntInf | Incumbent    BestBd   Gap | It/Node Time

     0     0 -434.21822    0   34 -277.40042 -434.21822  56.5%     -    0s
     0     0 -365.66642    0  155 -277.40042 -365.66642  31.8%     -    0s
     0     0 -361.26298    0  170 -277.40042 -361.26298  30.2%     -    0s
     0     0 -356.02593    0  170 -277.40042 -356.02593  28.3%     -    0s
     0     0 -307.77348    0  449 -277.40042 -307.77348  10.9%     -    0s
     0     0 -307.77348    0  449 -277.40042 -307.77348  10.9%     -    0s
     0     2 -307.77348    0  449 -277.40042 -307.77348  10.9%     -    1s
  1336   209 -280.23697    9  289 -277.40042 -287.80010  3.75%   130    5s

Cutting planes:
  Gomory: 4
  MIR: 268
  Zero half: 52
  RLT: 160
  BQP: 66

Explored 2075 nodes (264068 simplex iterations) in 6.38 seconds (3.45 work units)
Thread count was 12 (of 12 available processors)

Solution count 2: -277.4 0 
No other solutions better than -277.4

Optimal solution found (tolerance 1.00e-04)
Best objective -2.774004202168e+02, best bound -2.774004202168e+02, gap 0.0000%
[13 / 150; MWC12 ] ✓ done.
[14 / 150; MWC13 ]: using timeout 8.8 sec...
Set parameter TimeLimit to value 8.7775924205780083e+00
Gurobi Optimizer version 10.0.1 build v10.0.1rc0 (linux64)

CPU model: 12th Gen Intel(R) Core(TM) i5-1235U, instruction set [SSE2|AVX|AVX2]
Thread count: 12 physical cores, 12 logical processors, using up to 12 threads

Optimize a model with 0 rows, 45 columns and 0 nonzeros
Model fingerprint: 0x8d7602c0
Model has 236 quadratic objective terms
Variable types: 0 continuous, 45 integer (45 binary)
Coefficient statistics:
  Matrix range     [0e+00, 0e+00]
  Objective range  [5e+00, 2e+01]
  QObjective range [3e-02, 1e+01]
  Bounds range     [1e+00, 1e+00]
  RHS range        [0e+00, 0e+00]
Found heuristic solution: objective 0.0000000
Found heuristic solution: objective -0.0000000
Found heuristic solution: objective -247.0105227
Presolve time: 0.07s
Presolved: 222 rows, 267 columns, 666 nonzeros
Variable types: 0 continuous, 267 integer (267 binary)

Root relaxation: objective -3.261740e+02, 59 iterations, 0.00 seconds (0.00 work units)

    Nodes    |    Current Node    |     Objective Bounds      |     Work
 Expl Unexpl |  Obj  Depth IntInf | Incumbent    BestBd   Gap | It/Node Time

     0     0 -326.17396    0   44 -247.01052 -326.17396  32.0%     -    0s
     0     0 -266.37544    0  107 -247.01052 -266.37544  7.84%     -    0s
     0     0 -266.16346    0  117 -247.01052 -266.16346  7.75%     -    0s
     0     0 -261.97914    0  129 -247.01052 -261.97914  6.06%     -    0s
     0     0 -261.97914    0  129 -247.01052 -261.97914  6.06%     -    0s
     0     2 -261.97914    0  129 -247.01052 -261.97914  6.06%     -    0s

Cutting planes:
  Gomory: 4
  MIR: 34
  Zero half: 35
  RLT: 33
  BQP: 45

Explored 80 nodes (2630 simplex iterations) in 0.29 seconds (0.07 work units)
Thread count was 12 (of 12 available processors)

Solution count 2: -247.011 -1.45661e-13 
No other solutions better than -247.011

Optimal solution found (tolerance 1.00e-04)
Best objective -2.470105226860e+02, best bound -2.470105226860e+02, gap 0.0000%
[14 / 150; MWC13 ] ✓ done.
[15 / 150; MWC14 ]: using timeout 13.8 sec...
Set parameter TimeLimit to value 13.7518675327301
Gurobi Optimizer version 10.0.1 build v10.0.1rc0 (linux64)

CPU model: 12th Gen Intel(R) Core(TM) i5-1235U, instruction set [SSE2|AVX|AVX2]
Thread count: 12 physical cores, 12 logical processors, using up to 12 threads

Optimize a model with 0 rows, 45 columns and 0 nonzeros
Model fingerprint: 0xb5d60dbd
Model has 490 quadratic objective terms
Variable types: 0 continuous, 45 integer (45 binary)
Coefficient statistics:
  Matrix range     [0e+00, 0e+00]
  Objective range  [4e+01, 9e+01]
  QObjective range [9e-02, 2e+01]
  Bounds range     [1e+00, 1e+00]
  RHS range        [0e+00, 0e+00]
Found heuristic solution: objective 0.0000000
Found heuristic solution: objective -0.0000000
Found heuristic solution: objective -987.5265990
Presolve time: 0.07s
Presolved: 467 rows, 512 columns, 1401 nonzeros
Variable types: 0 continuous, 512 integer (512 binary)

Root relaxation: objective -1.455545e+03, 119 iterations, 0.00 seconds (0.00 work units)

    Nodes    |    Current Node    |     Objective Bounds      |     Work
 Expl Unexpl |  Obj  Depth IntInf | Incumbent    BestBd   Gap | It/Node Time

     0     0 -1455.5453    0   44 -987.52660 -1455.5453  47.4%     -    0s
     0     0 -1175.5487    0  244 -987.52660 -1175.5487  19.0%     -    0s
     0     0 -1162.1487    0  250 -987.52660 -1162.1487  17.7%     -    0s
     0     0 -1055.8594    0  452 -987.52660 -1055.8594  6.92%     -    0s
     0     0 -1055.8594    0  452 -987.52660 -1055.8594  6.92%     -    0s
     0     2 -1055.8594    0  452 -987.52660 -1055.8594  6.92%     -    1s

Cutting planes:
  Gomory: 6
  MIR: 144
  Zero half: 28
  RLT: 122
  BQP: 183

Explored 221 nodes (44174 simplex iterations) in 2.66 seconds (1.51 work units)
Thread count was 12 (of 12 available processors)

Solution count 2: -987.527 -8.50875e-13 
No other solutions better than -987.527

Optimal solution found (tolerance 1.00e-04)
Best objective -9.875265989983e+02, best bound -9.875265989983e+02, gap 0.0000%
[15 / 150; MWC14 ] ✓ done.
[16 / 150; MWC15 ]: using timeout 24.2 sec...
Set parameter TimeLimit to value 2.4166094779968251e+01
Gurobi Optimizer version 10.0.1 build v10.0.1rc0 (linux64)

CPU model: 12th Gen Intel(R) Core(TM) i5-1235U, instruction set [SSE2|AVX|AVX2]
Thread count: 12 physical cores, 12 logical processors, using up to 12 threads

Optimize a model with 0 rows, 45 columns and 0 nonzeros
Model fingerprint: 0xf9d10c9f
Model has 736 quadratic objective terms
Variable types: 0 continuous, 45 integer (45 binary)
Coefficient statistics:
  Matrix range     [0e+00, 0e+00]
  Objective range  [1e+02, 2e+02]
  QObjective range [1e-03, 4e+01]
  Bounds range     [1e+00, 1e+00]
  RHS range        [0e+00, 0e+00]
Found heuristic solution: objective 0.0000000
Found heuristic solution: objective -1941.015932
Presolve time: 0.08s
Presolved: 704 rows, 749 columns, 2112 nonzeros
Variable types: 0 continuous, 749 integer (749 binary)

Root relaxation: objective -3.141984e+03, 94 iterations, 0.00 seconds (0.00 work units)

    Nodes    |    Current Node    |     Objective Bounds      |     Work
 Expl Unexpl |  Obj  Depth IntInf | Incumbent    BestBd   Gap | It/Node Time

     0     0 -3141.9838    0   44 -1941.0159 -3141.9838  61.9%     -    0s
     0     0 -2628.3880    0  265 -1941.0159 -2628.3880  35.4%     -    0s
     0     0 -2598.4431    0  256 -1941.0159 -2598.4431  33.9%     -    0s
     0     0 -2255.3040    0  647 -1941.0159 -2255.3040  16.2%     -    1s
     0     0 -2255.3040    0  647 -1941.0159 -2255.3040  16.2%     -    1s
     0     2 -2255.3040    0  647 -1941.0159 -2255.3040  16.2%     -    1s
   219   177 -2042.7888   11  489 -1941.0159 -2178.6350  12.2%   349    5s
  1000   623 -2032.9340   10  350 -1941.0159 -2164.8706  11.5%   204   10s
  1980  1083 -2090.8496    7  480 -1941.0159 -2120.4963  9.25%   180   15s
  3029  1585 -2056.0434    9  456 -1941.0159 -2099.6091  8.17%   171   20s

Cutting planes:
  Gomory: 1
  MIR: 141
  Flow cover: 474
  Zero half: 94
  RLT: 233
  BQP: 92

Explored 3354 nodes (574028 simplex iterations) in 24.17 seconds (15.02 work units)
Thread count was 12 (of 12 available processors)

Solution count 2: -1941.02 0 

Time limit reached
Best objective -1.941015932118e+03, best bound -2.099438394067e+03, gap 8.1618%
[16 / 150; MWC15 ] ✓ done.
[17 / 150; MWC157 ]: using timeout 6.5 sec...
Set parameter TimeLimit to value 6.5426201820373535e+00
Gurobi Optimizer version 10.0.1 build v10.0.1rc0 (linux64)

CPU model: 12th Gen Intel(R) Core(TM) i5-1235U, instruction set [SSE2|AVX|AVX2]
Thread count: 12 physical cores, 12 logical processors, using up to 12 threads

Optimize a model with 0 rows, 5 columns and 0 nonzeros
Model fingerprint: 0x7dc1c42c
Model has 4 quadratic objective terms
Variable types: 0 continuous, 5 integer (5 binary)
Coefficient statistics:
  Matrix range     [0e+00, 0e+00]
  Objective range  [2e+00, 6e+00]
  QObjective range [1e+00, 2e+01]
  Bounds range     [1e+00, 1e+00]
  RHS range        [0e+00, 0e+00]
Found heuristic solution: objective 0.0000000
Found heuristic solution: objective -0.0000000
Found heuristic solution: objective -9.7809419
Presolve removed 0 rows and 5 columns
Presolve time: 0.00s
Presolve: All rows and columns removed

Explored 0 nodes (0 simplex iterations) in 0.00 seconds (0.00 work units)
Thread count was 1 (of 12 available processors)

Solution count 3: -9.78094 -2.66454e-15 0 
No other solutions better than -9.78094

Optimal solution found (tolerance 1.00e-04)
Best objective -9.780941902881e+00, best bound -9.780941902881e+00, gap 0.0000%
[17 / 150; MWC157 ] ✓ done.
[18 / 150; MWC158 ]: using timeout 6.8 sec...
Set parameter TimeLimit to value 6.81785774230957
Gurobi Optimizer version 10.0.1 build v10.0.1rc0 (linux64)

CPU model: 12th Gen Intel(R) Core(TM) i5-1235U, instruction set [SSE2|AVX|AVX2]
Thread count: 12 physical cores, 12 logical processors, using up to 12 threads

Optimize a model with 0 rows, 5 columns and 0 nonzeros
Model fingerprint: 0x234b22fd
Model has 4 quadratic objective terms
Variable types: 0 continuous, 5 integer (5 binary)
Coefficient statistics:
  Matrix range     [0e+00, 0e+00]
  Objective range  [6e-01, 5e+00]
  QObjective range [3e+00, 1e+01]
  Bounds range     [1e+00, 1e+00]
  RHS range        [0e+00, 0e+00]
Found heuristic solution: objective 0.0000000
Found heuristic solution: objective -0.0000000
Found heuristic solution: objective -7.3101610
Presolve removed 0 rows and 5 columns
Presolve time: 0.00s
Presolve: All rows and columns removed

Explored 0 nodes (0 simplex iterations) in 0.00 seconds (0.00 work units)
Thread count was 1 (of 12 available processors)

Solution count 3: -7.31016 -1.77636e-15 0 
No other solutions better than -7.31016

Optimal solution found (tolerance 1.00e-04)
Best objective -7.310160973629e+00, best bound -7.310160973629e+00, gap 0.0000%
[18 / 150; MWC158 ] ✓ done.
[19 / 150; MWC159 ]: using timeout 6.4 sec...
Set parameter TimeLimit to value 6.3540062904357910e+00
Gurobi Optimizer version 10.0.1 build v10.0.1rc0 (linux64)

CPU model: 12th Gen Intel(R) Core(TM) i5-1235U, instruction set [SSE2|AVX|AVX2]
Thread count: 12 physical cores, 12 logical processors, using up to 12 threads

Optimize a model with 0 rows, 5 columns and 0 nonzeros
Model fingerprint: 0xf81f38e2
Model has 10 quadratic objective terms
Variable types: 0 continuous, 5 integer (5 binary)
Coefficient statistics:
  Matrix range     [0e+00, 0e+00]
  Objective range  [1e+01, 2e+01]
  QObjective range [2e+00, 3e+01]
  Bounds range     [1e+00, 1e+00]
  RHS range        [0e+00, 0e+00]
Found heuristic solution: objective 0.0000000
Found heuristic solution: objective -29.3021685
Presolve time: 0.00s
Presolved: 6 rows, 11 columns, 18 nonzeros
Variable types: 0 continuous, 11 integer (11 binary)

Root relaxation: objective -3.001352e+01, 3 iterations, 0.00 seconds (0.00 work units)

    Nodes    |    Current Node    |     Objective Bounds      |     Work
 Expl Unexpl |  Obj  Depth IntInf | Incumbent    BestBd   Gap | It/Node Time

     0     0 infeasible    0       -29.30217  -29.30217  0.00%     -    0s

Explored 1 nodes (3 simplex iterations) in 0.00 seconds (0.00 work units)
Thread count was 12 (of 12 available processors)

Solution count 2: -29.3022 0 
No other solutions better than -29.3022

Optimal solution found (tolerance 1.00e-04)
Best objective -2.930216850934e+01, best bound -2.930216850934e+01, gap 0.0000%
[19 / 150; MWC159 ] ✓ done.
[20 / 150; MWC16 ]: using timeout 9.6 sec...
Set parameter TimeLimit to value 9.5550501346588135e+00
Gurobi Optimizer version 10.0.1 build v10.0.1rc0 (linux64)

CPU model: 12th Gen Intel(R) Core(TM) i5-1235U, instruction set [SSE2|AVX|AVX2]
Thread count: 12 physical cores, 12 logical processors, using up to 12 threads

Optimize a model with 0 rows, 55 columns and 0 nonzeros
Model fingerprint: 0xb170beb0
Model has 373 quadratic objective terms
Variable types: 0 continuous, 55 integer (55 binary)
Coefficient statistics:
  Matrix range     [0e+00, 0e+00]
  Objective range  [1e+01, 5e+01]
  QObjective range [7e-02, 2e+01]
  Bounds range     [1e+00, 1e+00]
  RHS range        [0e+00, 0e+00]
Found heuristic solution: objective 0.0000000
Found heuristic solution: objective -0.0000000
Found heuristic solution: objective -531.4857748
Presolve time: 0.05s
Presolved: 355 rows, 410 columns, 1065 nonzeros
Variable types: 0 continuous, 410 integer (410 binary)

Root relaxation: objective -7.361465e+02, 70 iterations, 0.00 seconds (0.00 work units)

    Nodes    |    Current Node    |     Objective Bounds      |     Work
 Expl Unexpl |  Obj  Depth IntInf | Incumbent    BestBd   Gap | It/Node Time

     0     0 -736.14651    0   54 -531.48577 -736.14651  38.5%     -    0s
     0     0 -596.89278    0  162 -531.48577 -596.89278  12.3%     -    0s
     0     0 -594.58886    0  169 -531.48577 -594.58886  11.9%     -    0s
     0     0 -579.64690    0  180 -531.48577 -579.64690  9.06%     -    0s
     0     0 -579.64690    0  180 -531.48577 -579.64690  9.06%     -    0s
     0     2 -579.64690    0  180 -531.48577 -579.64690  9.06%     -    0s
*  367   153               9    -532.5319411 -564.92064  6.08%  51.6    0s

Cutting planes:
  Gomory: 7
  MIR: 56
  Zero half: 48
  RLT: 67
  BQP: 102

Explored 1259 nodes (58190 simplex iterations) in 1.13 seconds (0.52 work units)
Thread count was 12 (of 12 available processors)

Solution count 3: -532.532 -531.486 -2.03393e-13 
No other solutions better than -532.532

Optimal solution found (tolerance 1.00e-04)
Best objective -5.325319410700e+02, best bound -5.325319410700e+02, gap 0.0000%
[20 / 150; MWC16 ] ✓ done.
[21 / 150; MWC160 ]: using timeout 6.5 sec...
Set parameter TimeLimit to value 6.5181040763854980e+00
Gurobi Optimizer version 10.0.1 build v10.0.1rc0 (linux64)

CPU model: 12th Gen Intel(R) Core(TM) i5-1235U, instruction set [SSE2|AVX|AVX2]
Thread count: 12 physical cores, 12 logical processors, using up to 12 threads

Optimize a model with 0 rows, 15 columns and 0 nonzeros
Model fingerprint: 0x9b750661
Model has 26 quadratic objective terms
Variable types: 0 continuous, 15 integer (15 binary)
Coefficient statistics:
  Matrix range     [0e+00, 0e+00]
  Objective range  [1e+00, 3e+01]
  QObjective range [2e+00, 3e+01]
  Bounds range     [1e+00, 1e+00]
  RHS range        [0e+00, 0e+00]
Found heuristic solution: objective 0.0000000
Found heuristic solution: objective -76.1644728
Presolve removed 0 rows and 8 columns
Presolve time: 0.00s
Presolved: 11 rows, 18 columns, 33 nonzeros
Variable types: 0 continuous, 18 integer (18 binary)

Root relaxation: cutoff, 5 iterations, 0.00 seconds (0.00 work units)

    Nodes    |    Current Node    |     Objective Bounds      |     Work
 Expl Unexpl |  Obj  Depth IntInf | Incumbent    BestBd   Gap | It/Node Time

     0     0     cutoff    0       -76.16447  -76.16447  0.00%     -    0s

Explored 1 nodes (5 simplex iterations) in 0.00 seconds (0.00 work units)
Thread count was 12 (of 12 available processors)

Solution count 2: -76.1645 0 
No other solutions better than -76.1645

Optimal solution found (tolerance 1.00e-04)
Best objective -7.616447280185e+01, best bound -7.616447280185e+01, gap 0.0000%
[21 / 150; MWC160 ] ✓ done.
[22 / 150; MWC161 ]: using timeout 6.3 sec...
Set parameter TimeLimit to value 6.2895417213439941e+00
Gurobi Optimizer version 10.0.1 build v10.0.1rc0 (linux64)

CPU model: 12th Gen Intel(R) Core(TM) i5-1235U, instruction set [SSE2|AVX|AVX2]
Thread count: 12 physical cores, 12 logical processors, using up to 12 threads

Optimize a model with 0 rows, 15 columns and 0 nonzeros
Model fingerprint: 0xf36979d7
Model has 59 quadratic objective terms
Variable types: 0 continuous, 15 integer (15 binary)
Coefficient statistics:
  Matrix range     [0e+00, 0e+00]
  Objective range  [2e+01, 4e+01]
  QObjective range [3e-01, 3e+01]
  Bounds range     [1e+00, 1e+00]
  RHS range        [0e+00, 0e+00]
Found heuristic solution: objective 0.0000000
Found heuristic solution: objective -149.8619741
Presolve time: 0.00s
Presolved: 50 rows, 65 columns, 150 nonzeros
Variable types: 0 continuous, 65 integer (65 binary)

Root relaxation: objective -1.886853e+02, 20 iterations, 0.00 seconds (0.00 work units)

    Nodes    |    Current Node    |     Objective Bounds      |     Work
 Expl Unexpl |  Obj  Depth IntInf | Incumbent    BestBd   Gap | It/Node Time

     0     0 -188.68533    0   14 -149.86197 -188.68533  25.9%     -    0s
     0     0 -154.55355    0   32 -149.86197 -154.55355  3.13%     -    0s

Cutting planes:
  Gomory: 2
  MIR: 19
  Zero half: 11
  RLT: 7
  BQP: 9

Explored 1 nodes (72 simplex iterations) in 0.02 seconds (0.00 work units)
Thread count was 12 (of 12 available processors)

Solution count 2: -149.862 0 
No other solutions better than -149.862

Optimal solution found (tolerance 1.00e-04)
Best objective -1.498619740653e+02, best bound -1.498619740653e+02, gap 0.0000%
[22 / 150; MWC161 ] ✓ done.
[23 / 150; MWC162 ]: using timeout 6.6 sec...
Set parameter TimeLimit to value 6.5740156173706055e+00
Gurobi Optimizer version 10.0.1 build v10.0.1rc0 (linux64)

CPU model: 12th Gen Intel(R) Core(TM) i5-1235U, instruction set [SSE2|AVX|AVX2]
Thread count: 12 physical cores, 12 logical processors, using up to 12 threads

Optimize a model with 0 rows, 15 columns and 0 nonzeros
Model fingerprint: 0x17e97e1a
Model has 76 quadratic objective terms
Variable types: 0 continuous, 15 integer (15 binary)
Coefficient statistics:
  Matrix range     [0e+00, 0e+00]
  Objective range  [3e+01, 6e+01]
  QObjective range [3e-02, 3e+01]
  Bounds range     [1e+00, 1e+00]
  RHS range        [0e+00, 0e+00]
Found heuristic solution: objective 0.0000000
Found heuristic solution: objective -211.4265395
Presolve time: 0.00s
Presolved: 64 rows, 79 columns, 192 nonzeros
Variable types: 0 continuous, 79 integer (79 binary)

Root relaxation: objective -2.780538e+02, 17 iterations, 0.00 seconds (0.00 work units)

    Nodes    |    Current Node    |     Objective Bounds      |     Work
 Expl Unexpl |  Obj  Depth IntInf | Incumbent    BestBd   Gap | It/Node Time

     0     0 -278.05378    0   14 -211.42654 -278.05378  31.5%     -    0s
     0     0 -219.02398    0   38 -211.42654 -219.02398  3.59%     -    0s
     0     0 -211.42654    0   39 -211.42654 -211.42654  0.00%     -    0s

Cutting planes:
  Gomory: 1
  MIR: 32
  Zero half: 12
  RLT: 10
  BQP: 10

Explored 1 nodes (104 simplex iterations) in 0.03 seconds (0.00 work units)
Thread count was 12 (of 12 available processors)

Solution count 2: -211.427 0 
No other solutions better than -211.427

Optimal solution found (tolerance 1.00e-04)
Best objective -2.114265394760e+02, best bound -2.114265394760e+02, gap 0.0000%
[23 / 150; MWC162 ] ✓ done.
[24 / 150; MWC163 ]: using timeout 6.7 sec...
Set parameter TimeLimit to value 6.7143526077270508e+00
Gurobi Optimizer version 10.0.1 build v10.0.1rc0 (linux64)

CPU model: 12th Gen Intel(R) Core(TM) i5-1235U, instruction set [SSE2|AVX|AVX2]
Thread count: 12 physical cores, 12 logical processors, using up to 12 threads

Optimize a model with 0 rows, 25 columns and 0 nonzeros
Model fingerprint: 0x5ad28447
Model has 85 quadratic objective terms
Variable types: 0 continuous, 25 integer (25 binary)
Coefficient statistics:
  Matrix range     [0e+00, 0e+00]
  Objective range  [4e+00, 2e+01]
  QObjective range [9e-02, 1e+01]
  Bounds range     [1e+00, 1e+00]
  RHS range        [0e+00, 0e+00]
Found heuristic solution: objective 0.0000000
Found heuristic solution: objective -101.2603546
Presolve removed 0 rows and 1 columns
Presolve time: 0.00s
Presolved: 73 rows, 97 columns, 219 nonzeros
Variable types: 0 continuous, 97 integer (97 binary)

Root relaxation: objective -1.219132e+02, 40 iterations, 0.00 seconds (0.00 work units)

    Nodes    |    Current Node    |     Objective Bounds      |     Work
 Expl Unexpl |  Obj  Depth IntInf | Incumbent    BestBd   Gap | It/Node Time

     0     0 -121.91316    0   23 -101.26035 -121.91316  20.4%     -    0s
     0     0 -106.89141    0   40 -101.26035 -106.89141  5.56%     -    0s
     0     0 -101.26035    0   50 -101.26035 -101.26035  0.00%     -    0s

Cutting planes:
  Gomory: 3
  MIR: 6
  Zero half: 16
  RLT: 10
  BQP: 10

Explored 1 nodes (121 simplex iterations) in 0.03 seconds (0.00 work units)
Thread count was 12 (of 12 available processors)

Solution count 2: -101.26 0 
No other solutions better than -101.26

Optimal solution found (tolerance 1.00e-04)
Best objective -1.012603546481e+02, best bound -1.012603546481e+02, gap 0.0000%
[24 / 150; MWC163 ] ✓ done.
[25 / 150; MWC164 ]: using timeout 13.1 sec...
Set parameter TimeLimit to value 1.3138865709304810e+01
Gurobi Optimizer version 10.0.1 build v10.0.1rc0 (linux64)

CPU model: 12th Gen Intel(R) Core(TM) i5-1235U, instruction set [SSE2|AVX|AVX2]
Thread count: 12 physical cores, 12 logical processors, using up to 12 threads

Optimize a model with 0 rows, 25 columns and 0 nonzeros
Model fingerprint: 0x8921e6a5
Model has 156 quadratic objective terms
Variable types: 0 continuous, 25 integer (25 binary)
Coefficient statistics:
  Matrix range     [0e+00, 0e+00]
  Objective range  [1e+01, 3e+01]
  QObjective range [5e-01, 1e+01]
  Bounds range     [1e+00, 1e+00]
  RHS range        [0e+00, 0e+00]
Found heuristic solution: objective 0.0000000
Found heuristic solution: objective -0.0000000
Found heuristic solution: objective -163.3401977
Presolve time: 0.01s
Presolved: 140 rows, 165 columns, 420 nonzeros
Variable types: 0 continuous, 165 integer (165 binary)

Root relaxation: objective -2.289507e+02, 29 iterations, 0.00 seconds (0.00 work units)

    Nodes    |    Current Node    |     Objective Bounds      |     Work
 Expl Unexpl |  Obj  Depth IntInf | Incumbent    BestBd   Gap | It/Node Time

     0     0 -228.95069    0   24 -163.34020 -228.95069  40.2%     -    0s
     0     0 -177.31369    0  107 -163.34020 -177.31369  8.55%     -    0s
     0     0 -168.59352    0  146 -163.34020 -168.59352  3.22%     -    0s
     0     0 -168.59352    0  146 -163.34020 -168.59352  3.22%     -    0s
     0     2 -168.59352    0  146 -163.34020 -168.59352  3.22%     -    0s

Cutting planes:
  Gomory: 2
  MIR: 40
  Zero half: 18
  RLT: 25
  BQP: 23

Explored 15 nodes (1083 simplex iterations) in 0.18 seconds (0.04 work units)
Thread count was 12 (of 12 available processors)

Solution count 2: -163.34 -1.20792e-13 
No other solutions better than -163.34

Optimal solution found (tolerance 1.00e-04)
Best objective -1.633401976815e+02, best bound -1.633401976815e+02, gap 0.0000%
[25 / 150; MWC164 ] ✓ done.
[26 / 150; MWC165 ]: using timeout 13.3 sec...
Set parameter TimeLimit to value 1.3340677738189695e+01
Gurobi Optimizer version 10.0.1 build v10.0.1rc0 (linux64)

CPU model: 12th Gen Intel(R) Core(TM) i5-1235U, instruction set [SSE2|AVX|AVX2]
Thread count: 12 physical cores, 12 logical processors, using up to 12 threads

Optimize a model with 0 rows, 25 columns and 0 nonzeros
Model fingerprint: 0x75478876
Model has 226 quadratic objective terms
Variable types: 0 continuous, 25 integer (25 binary)
Coefficient statistics:
  Matrix range     [0e+00, 0e+00]
  Objective range  [4e+01, 7e+01]
  QObjective range [2e-01, 2e+01]
  Bounds range     [1e+00, 1e+00]
  RHS range        [0e+00, 0e+00]
Found heuristic solution: objective 0.0000000
Found heuristic solution: objective -0.0000000
Found heuristic solution: objective -443.0690869
Presolve time: 0.01s
Presolved: 205 rows, 230 columns, 615 nonzeros
Variable types: 0 continuous, 230 integer (230 binary)

Root relaxation: objective -6.500136e+02, 59 iterations, 0.00 seconds (0.00 work units)

    Nodes    |    Current Node    |     Objective Bounds      |     Work
 Expl Unexpl |  Obj  Depth IntInf | Incumbent    BestBd   Gap | It/Node Time

     0     0 -650.01364    0   24 -443.06909 -650.01364  46.7%     -    0s
     0     0 -514.38367    0   90 -443.06909 -514.38367  16.1%     -    0s
     0     0 -510.90539    0   86 -443.06909 -510.90539  15.3%     -    0s
     0     0 -459.55366    0  221 -443.06909 -459.55366  3.72%     -    0s
     0     2 -459.55366    0  221 -443.06909 -459.55366  3.72%     -    0s

Cutting planes:
  Gomory: 2
  MIR: 88
  Zero half: 18
  RLT: 47
  BQP: 19

Explored 42 nodes (3337 simplex iterations) in 0.37 seconds (0.13 work units)
Thread count was 12 (of 12 available processors)

Solution count 2: -443.069 -3.81917e-13 
No other solutions better than -443.069

Optimal solution found (tolerance 1.00e-04)
Best objective -4.430690868651e+02, best bound -4.430690868651e+02, gap 0.0000%
[26 / 150; MWC165 ] ✓ done.
[27 / 150; MWC166 ]: using timeout 7.1 sec...
Set parameter TimeLimit to value 7.0963733196258545e+00
Gurobi Optimizer version 10.0.1 build v10.0.1rc0 (linux64)

CPU model: 12th Gen Intel(R) Core(TM) i5-1235U, instruction set [SSE2|AVX|AVX2]
Thread count: 12 physical cores, 12 logical processors, using up to 12 threads

Optimize a model with 0 rows, 35 columns and 0 nonzeros
Model fingerprint: 0xd64a6d12
Model has 139 quadratic objective terms
Variable types: 0 continuous, 35 integer (35 binary)
Coefficient statistics:
  Matrix range     [0e+00, 0e+00]
  Objective range  [6e+00, 7e+01]
  QObjective range [5e-02, 3e+01]
  Bounds range     [1e+00, 1e+00]
  RHS range        [0e+00, 0e+00]
Found heuristic solution: objective 0.0000000
Found heuristic solution: objective -0.0000000
Found heuristic solution: objective -424.5011304
Found heuristic solution: objective -424.9965707
Presolve removed 0 rows and 3 columns
Presolve time: 0.00s
Presolved: 123 rows, 155 columns, 369 nonzeros
Variable types: 0 continuous, 155 integer (155 binary)

Root relaxation: objective -5.274193e+02, 40 iterations, 0.00 seconds (0.00 work units)

    Nodes    |    Current Node    |     Objective Bounds      |     Work
 Expl Unexpl |  Obj  Depth IntInf | Incumbent    BestBd   Gap | It/Node Time

     0     0 -527.41932    0   31 -424.99657 -527.41932  24.1%     -    0s
     0     0 -446.10283    0   72 -424.99657 -446.10283  4.97%     -    0s
     0     0 -439.89623    0   67 -424.99657 -439.89623  3.51%     -    0s
     0     0 -439.89623    0   67 -424.99657 -439.89623  3.51%     -    0s
     0     2 -439.89623    0   67 -424.99657 -439.89623  3.51%     -    0s

Cutting planes:
  Gomory: 4
  MIR: 16
  Zero half: 19
  RLT: 16
  BQP: 15

Explored 7 nodes (355 simplex iterations) in 0.11 seconds (0.03 work units)
Thread count was 12 (of 12 available processors)

Solution count 4: -424.997 -424.501 -2.77112e-13 0 
No other solutions better than -424.997

Optimal solution found (tolerance 1.00e-04)
Best objective -4.249965706670e+02, best bound -4.249965706670e+02, gap 0.0000%
[27 / 150; MWC166 ] ✓ done.
[28 / 150; MWC167 ]: using timeout 9.6 sec...
Set parameter TimeLimit to value 9.6452853679656947e+00
Gurobi Optimizer version 10.0.1 build v10.0.1rc0 (linux64)

CPU model: 12th Gen Intel(R) Core(TM) i5-1235U, instruction set [SSE2|AVX|AVX2]
Thread count: 12 physical cores, 12 logical processors, using up to 12 threads

Optimize a model with 0 rows, 35 columns and 0 nonzeros
Model fingerprint: 0xafa40588
Model has 303 quadratic objective terms
Variable types: 0 continuous, 35 integer (35 binary)
Coefficient statistics:
  Matrix range     [0e+00, 0e+00]
  Objective range  [2e+01, 4e+01]
  QObjective range [2e-02, 1e+01]
  Bounds range     [1e+00, 1e+00]
  RHS range        [0e+00, 0e+00]
Found heuristic solution: objective 0.0000000
Found heuristic solution: objective -290.4187953
Found heuristic solution: objective -291.2310822
Presolve time: 0.04s
Presolved: 282 rows, 317 columns, 846 nonzeros
Variable types: 0 continuous, 317 integer (317 binary)

Root relaxation: objective -4.255167e+02, 50 iterations, 0.00 seconds (0.00 work units)

    Nodes    |    Current Node    |     Objective Bounds      |     Work
 Expl Unexpl |  Obj  Depth IntInf | Incumbent    BestBd   Gap | It/Node Time

     0     0 -425.51675    0   34 -291.23108 -425.51675  46.1%     -    0s
     0     0 -338.51808    0  160 -291.23108 -338.51808  16.2%     -    0s
     0     0 -337.09148    0  168 -291.23108 -337.09148  15.7%     -    0s
     0     0 -311.73120    0  235 -291.23108 -311.73120  7.04%     -    0s
     0     0 -311.73120    0  235 -291.23108 -311.73120  7.04%     -    0s
     0     2 -311.73120    0  235 -291.23108 -311.73120  7.04%     -    0s

Cutting planes:
  Gomory: 2
  MIR: 80
  Zero half: 16
  RLT: 65
  BQP: 88

Explored 228 nodes (14239 simplex iterations) in 0.64 seconds (0.24 work units)
Thread count was 12 (of 12 available processors)

Solution count 3: -291.231 -290.419 0 
No other solutions better than -291.231

Optimal solution found (tolerance 1.00e-04)
Best objective -2.912310822423e+02, best bound -2.912310822423e+02, gap 0.0000%
[28 / 150; MWC167 ] ✓ done.
[29 / 150; MWC168 ]: using timeout 9.2 sec...
Set parameter TimeLimit to value 9.1810646057128871e+00
Gurobi Optimizer version 10.0.1 build v10.0.1rc0 (linux64)

CPU model: 12th Gen Intel(R) Core(TM) i5-1235U, instruction set [SSE2|AVX|AVX2]
Thread count: 12 physical cores, 12 logical processors, using up to 12 threads

Optimize a model with 0 rows, 35 columns and 0 nonzeros
Model fingerprint: 0x60638625
Model has 440 quadratic objective terms
Variable types: 0 continuous, 35 integer (35 binary)
Coefficient statistics:
  Matrix range     [0e+00, 0e+00]
  Objective range  [2e+01, 5e+01]
  QObjective range [3e-02, 1e+01]
  Bounds range     [1e+00, 1e+00]
  RHS range        [0e+00, 0e+00]
Found heuristic solution: objective 0.0000000
Found heuristic solution: objective -406.3615166
Presolve time: 0.01s
Presolved: 411 rows, 446 columns, 1233 nonzeros
Variable types: 0 continuous, 446 integer (446 binary)

Root relaxation: objective -6.266146e+02, 68 iterations, 0.00 seconds (0.00 work units)

    Nodes    |    Current Node    |     Objective Bounds      |     Work
 Expl Unexpl |  Obj  Depth IntInf | Incumbent    BestBd   Gap | It/Node Time

     0     0 -626.61463    0   34 -406.36152 -626.61463  54.2%     -    0s
     0     0 -508.29150    0  185 -406.36152 -508.29150  25.1%     -    0s
     0     0 -505.19410    0  193 -406.36152 -505.19410  24.3%     -    0s
     0     0 -440.82611    0  436 -406.36152 -440.82611  8.48%     -    0s
     0     2 -440.82611    0  436 -406.36152 -440.82611  8.48%     -    1s

Cutting planes:
  MIR: 165
  Zero half: 32
  RLT: 157
  BQP: 87

Explored 858 nodes (110150 simplex iterations) in 3.95 seconds (2.22 work units)
Thread count was 12 (of 12 available processors)

Solution count 2: -406.362 0 
No other solutions better than -406.362

Optimal solution found (tolerance 1.00e-04)
Best objective -4.063615166420e+02, best bound -4.063615166420e+02, gap 0.0000%
[29 / 150; MWC168 ] ✓ done.
[30 / 150; MWC169 ]: using timeout 9.5 sec...
Set parameter TimeLimit to value 9.5484132766723633e+00
Gurobi Optimizer version 10.0.1 build v10.0.1rc0 (linux64)

CPU model: 12th Gen Intel(R) Core(TM) i5-1235U, instruction set [SSE2|AVX|AVX2]
Thread count: 12 physical cores, 12 logical processors, using up to 12 threads

Optimize a model with 0 rows, 45 columns and 0 nonzeros
Model fingerprint: 0xe3af4fc1
Model has 250 quadratic objective terms
Variable types: 0 continuous, 45 integer (45 binary)
Coefficient statistics:
  Matrix range     [0e+00, 0e+00]
  Objective range  [5e+00, 2e+01]
  QObjective range [2e-03, 8e+00]
  Bounds range     [1e+00, 1e+00]
  RHS range        [0e+00, 0e+00]
Found heuristic solution: objective 0.0000000
Found heuristic solution: objective -176.2847732
Presolve time: 0.04s
Presolved: 234 rows, 279 columns, 702 nonzeros
Variable types: 0 continuous, 279 integer (279 binary)

Root relaxation: objective -2.377853e+02, 62 iterations, 0.00 seconds (0.00 work units)

    Nodes    |    Current Node    |     Objective Bounds      |     Work
 Expl Unexpl |  Obj  Depth IntInf | Incumbent    BestBd   Gap | It/Node Time

     0     0 -237.78532    0   44 -176.28477 -237.78532  34.9%     -    0s
     0     0 -197.12338    0  114 -176.28477 -197.12338  11.8%     -    0s
     0     0 -196.12325    0  113 -176.28477 -196.12325  11.3%     -    0s
     0     0 -189.45400    0  123 -176.28477 -189.45400  7.47%     -    0s
     0     0 -189.45400    0  123 -176.28477 -189.45400  7.47%     -    0s
     0     2 -189.45400    0  123 -176.28477 -189.45400  7.47%     -    0s

Cutting planes:
  Gomory: 3
  MIR: 49
  Zero half: 32
  RLT: 33
  BQP: 41

Explored 143 nodes (4478 simplex iterations) in 0.36 seconds (0.08 work units)
Thread count was 12 (of 12 available processors)

Solution count 2: -176.285 0 
No other solutions better than -176.285

Optimal solution found (tolerance 1.00e-04)
Best objective -1.762847732110e+02, best bound -1.762847732110e+02, gap 0.0000%
[30 / 150; MWC169 ] ✓ done.
[31 / 150; MWC17 ]: using timeout 22.3 sec...
Set parameter TimeLimit to value 2.2307300806045490e+01
Gurobi Optimizer version 10.0.1 build v10.0.1rc0 (linux64)

CPU model: 12th Gen Intel(R) Core(TM) i5-1235U, instruction set [SSE2|AVX|AVX2]
Thread count: 12 physical cores, 12 logical processors, using up to 12 threads

Optimize a model with 0 rows, 55 columns and 0 nonzeros
Model fingerprint: 0x221b91ab
Model has 739 quadratic objective terms
Variable types: 0 continuous, 55 integer (55 binary)
Coefficient statistics:
  Matrix range     [0e+00, 0e+00]
  Objective range  [5e+01, 1e+02]
  QObjective range [7e-02, 2e+01]
  Bounds range     [1e+00, 1e+00]
  RHS range        [0e+00, 0e+00]
Found heuristic solution: objective 0.0000000
Found heuristic solution: objective -0.0000000
Found heuristic solution: objective -1367.936879
Presolve time: 0.12s
Presolved: 708 rows, 763 columns, 2124 nonzeros
Variable types: 0 continuous, 763 integer (763 binary)

Root relaxation: objective -2.121240e+03, 142 iterations, 0.01 seconds (0.00 work units)

    Nodes    |    Current Node    |     Objective Bounds      |     Work
 Expl Unexpl |  Obj  Depth IntInf | Incumbent    BestBd   Gap | It/Node Time

     0     0 -2121.2399    0   54 -1367.9369 -2121.2399  55.1%     -    0s
     0     0 -1699.9395    0  346 -1367.9369 -1699.9395  24.3%     -    0s
     0     0 -1666.0696    0  364 -1367.9369 -1666.0696  21.8%     -    0s
     0     0 -1518.4130    0  700 -1367.9369 -1518.4130  11.0%     -    2s
     0     0 -1518.4130    0  700 -1367.9369 -1518.4130  11.0%     -    2s
     0     2 -1518.4130    0  700 -1367.9369 -1518.4130  11.0%     -    2s
    51    64 -1434.9149    6  592 -1367.9369 -1464.2363  7.04%   922    5s
   408   279 -1427.6576    6  601 -1367.9369 -1460.2713  6.75%   431   10s
   996   497 -1392.0149   11  440 -1367.9369 -1443.4247  5.52%   328   15s
  1630   676 -1368.1087   14  463 -1367.9369 -1427.9735  4.39%   288   20s

Cutting planes:
  Gomory: 6
  MIR: 290
  Zero half: 52
  RLT: 236
  BQP: 300

Explored 2123 nodes (583161 simplex iterations) in 22.31 seconds (14.14 work units)
Thread count was 12 (of 12 available processors)

Solution count 2: -1367.94 -7.86482e-13 

Time limit reached
Best objective -1.367936879028e+03, best bound -1.424457100947e+03, gap 4.1318%
[31 / 150; MWC17 ] ✓ done.
[32 / 150; MWC170 ]: using timeout 11.6 sec...
Set parameter TimeLimit to value 1.1601994991302494e+01
Gurobi Optimizer version 10.0.1 build v10.0.1rc0 (linux64)

CPU model: 12th Gen Intel(R) Core(TM) i5-1235U, instruction set [SSE2|AVX|AVX2]
Thread count: 12 physical cores, 12 logical processors, using up to 12 threads

Optimize a model with 0 rows, 45 columns and 0 nonzeros
Model fingerprint: 0x755fe7e9
Model has 491 quadratic objective terms
Variable types: 0 continuous, 45 integer (45 binary)
Coefficient statistics:
  Matrix range     [0e+00, 0e+00]
  Objective range  [5e+01, 1e+02]
  QObjective range [2e-01, 4e+01]
  Bounds range     [1e+00, 1e+00]
  RHS range        [0e+00, 0e+00]
Found heuristic solution: objective 0.0000000
Found heuristic solution: objective -0.0000000
Found heuristic solution: objective -1399.633706
Presolve time: 0.09s
Presolved: 463 rows, 508 columns, 1389 nonzeros
Variable types: 0 continuous, 508 integer (508 binary)

Root relaxation: objective -2.115046e+03, 88 iterations, 0.00 seconds (0.00 work units)

    Nodes    |    Current Node    |     Objective Bounds      |     Work
 Expl Unexpl |  Obj  Depth IntInf | Incumbent    BestBd   Gap | It/Node Time

     0     0 -2115.0461    0   44 -1399.6337 -2115.0461  51.1%     -    0s
     0     0 -1661.4028    0  202 -1399.6337 -1661.4028  18.7%     -    0s
     0     0 -1652.2439    0  311 -1399.6337 -1652.2439  18.0%     -    0s
     0     0 -1514.0628    0  460 -1399.6337 -1514.0628  8.18%     -    1s
     0     0 -1514.0628    0  460 -1399.6337 -1514.0628  8.18%     -    1s
     0     2 -1514.0628    0  460 -1399.6337 -1514.0628  8.18%     -    1s

Cutting planes:
  Gomory: 3
  MIR: 199
  Zero half: 36
  RLT: 127
  BQP: 169

Explored 1118 nodes (159859 simplex iterations) in 4.93 seconds (2.66 work units)
Thread count was 12 (of 12 available processors)

Solution count 2: -1399.63 -1.58096e-12 
No other solutions better than -1399.63

Optimal solution found (tolerance 1.00e-04)
Best objective -1.399633706142e+03, best bound -1.399633706142e+03, gap 0.0000%
[32 / 150; MWC170 ] ✓ done.
[33 / 150; MWC171 ]: using timeout 13.5 sec...
Set parameter TimeLimit to value 1.3468711137771610e+01
Gurobi Optimizer version 10.0.1 build v10.0.1rc0 (linux64)

CPU model: 12th Gen Intel(R) Core(TM) i5-1235U, instruction set [SSE2|AVX|AVX2]
Thread count: 12 physical cores, 12 logical processors, using up to 12 threads

Optimize a model with 0 rows, 45 columns and 0 nonzeros
Model fingerprint: 0x5cbed06a
Model has 741 quadratic objective terms
Variable types: 0 continuous, 45 integer (45 binary)
Coefficient statistics:
  Matrix range     [0e+00, 0e+00]
  Objective range  [4e+01, 7e+01]
  QObjective range [2e-02, 1e+01]
  Bounds range     [1e+00, 1e+00]
  RHS range        [0e+00, 0e+00]
Found heuristic solution: objective 0.0000000
Found heuristic solution: objective -674.4955479
Found heuristic solution: objective -675.8190280
Presolve time: 0.12s
Presolved: 702 rows, 747 columns, 2106 nonzeros
Variable types: 0 continuous, 747 integer (747 binary)

Root relaxation: objective -1.081872e+03, 86 iterations, 0.00 seconds (0.00 work units)

    Nodes    |    Current Node    |     Objective Bounds      |     Work
 Expl Unexpl |  Obj  Depth IntInf | Incumbent    BestBd   Gap | It/Node Time

     0     0 -1081.8720    0   44 -675.81903 -1081.8720  60.1%     -    0s
     0     0 -882.59313    0  251 -675.81903 -882.59313  30.6%     -    0s
     0     0 -876.62719    0  288 -675.81903 -876.62719  29.7%     -    0s
     0     0 -765.71604    0  712 -675.81903 -765.71604  13.3%     -    1s
     0     0 -765.71604    0  712 -675.81903 -765.71604  13.3%     -    1s
     0     2 -765.71604    0  712 -675.81903 -765.71604  13.3%     -    2s
    99   113 -712.73514    8  524 -675.81903 -742.31914  9.84%   655    5s
   510   341 -724.80488    6  580 -675.81903 -735.01246  8.76%   331   10s

Cutting planes:
  Gomory: 9
  MIR: 370
  Zero half: 58
  RLT: 299
  BQP: 161

Explored 964 nodes (270190 simplex iterations) in 13.47 seconds (9.27 work units)
Thread count was 12 (of 12 available processors)

Solution count 3: -675.819 -674.496 0 

Time limit reached
Best objective -6.758190280144e+02, best bound -7.346055568364e+02, gap 8.6986%
[33 / 150; MWC171 ] ✓ done.
[34 / 150; MWC172 ]: using timeout 16.8 sec...
Set parameter TimeLimit to value 1.6776778459548950e+01
Gurobi Optimizer version 10.0.1 build v10.0.1rc0 (linux64)

CPU model: 12th Gen Intel(R) Core(TM) i5-1235U, instruction set [SSE2|AVX|AVX2]
Thread count: 12 physical cores, 12 logical processors, using up to 12 threads

Optimize a model with 0 rows, 55 columns and 0 nonzeros
Model fingerprint: 0x61a23d6e
Model has 379 quadratic objective terms
Variable types: 0 continuous, 55 integer (55 binary)
Coefficient statistics:
  Matrix range     [0e+00, 0e+00]
  Objective range  [2e+01, 7e+01]
  QObjective range [6e-02, 3e+01]
  Bounds range     [1e+00, 1e+00]
  RHS range        [0e+00, 0e+00]
Found heuristic solution: objective 0.0000000
Found heuristic solution: objective -920.6180943
Presolve time: 0.11s
Presolved: 362 rows, 417 columns, 1086 nonzeros
Variable types: 0 continuous, 417 integer (417 binary)

Root relaxation: objective -1.271948e+03, 71 iterations, 0.00 seconds (0.00 work units)

    Nodes    |    Current Node    |     Objective Bounds      |     Work
 Expl Unexpl |  Obj  Depth IntInf | Incumbent    BestBd   Gap | It/Node Time

     0     0 -1271.9483    0   54 -920.61809 -1271.9483  38.2%     -    0s
     0     0 -1021.8835    0  197 -920.61809 -1021.8835  11.0%     -    0s
     0     0 -1015.0299    0  175 -920.61809 -1015.0299  10.3%     -    0s
     0     0 -987.05057    0  214 -920.61809 -987.05057  7.22%     -    0s
     0     0 -987.05057    0  214 -920.61809 -987.05057  7.22%     -    0s
     0     2 -987.05057    0  214 -920.61809 -987.05057  7.22%     -    0s
*  157    67               8    -921.0887571 -952.56553  3.42%  69.7    0s

Cutting planes:
  Gomory: 4
  MIR: 72
  Zero half: 41
  RLT: 59
  BQP: 105

Explored 351 nodes (20095 simplex iterations) in 0.72 seconds (0.34 work units)
Thread count was 12 (of 12 available processors)

Solution count 3: -921.089 -920.618 0 
No other solutions better than -921.089

Optimal solution found (tolerance 1.00e-04)
Best objective -9.210887570810e+02, best bound -9.210887570810e+02, gap 0.0000%
[34 / 150; MWC172 ] ✓ done.
[35 / 150; MWC173 ]: using timeout 14.7 sec...
Set parameter TimeLimit to value 1.4658117532730103e+01
Gurobi Optimizer version 10.0.1 build v10.0.1rc0 (linux64)

CPU model: 12th Gen Intel(R) Core(TM) i5-1235U, instruction set [SSE2|AVX|AVX2]
Thread count: 12 physical cores, 12 logical processors, using up to 12 threads

Optimize a model with 0 rows, 55 columns and 0 nonzeros
Model fingerprint: 0xa5aa3d0a
Model has 755 quadratic objective terms
Variable types: 0 continuous, 55 integer (55 binary)
Coefficient statistics:
  Matrix range     [0e+00, 0e+00]
  Objective range  [9e+00, 2e+01]
  QObjective range [4e-03, 4e+00]
  Bounds range     [1e+00, 1e+00]
  RHS range        [0e+00, 0e+00]
Found heuristic solution: objective 0.0000000
Found heuristic solution: objective -0.0000000
Found heuristic solution: objective -243.4912033
Presolve time: 0.11s
Presolved: 722 rows, 777 columns, 2166 nonzeros
Variable types: 0 continuous, 777 integer (777 binary)

Root relaxation: objective -3.689868e+02, 100 iterations, 0.00 seconds (0.00 work units)

    Nodes    |    Current Node    |     Objective Bounds      |     Work
 Expl Unexpl |  Obj  Depth IntInf | Incumbent    BestBd   Gap | It/Node Time

     0     0 -368.98684    0   54 -243.49120 -368.98684  51.5%     -    0s
     0     0 -295.11486    0  280 -243.49120 -295.11486  21.2%     -    0s
     0     0 -291.32018    0  356 -243.49120 -291.32018  19.6%     -    0s
     0     0 -259.89876    0  747 -243.49120 -259.89876  6.74%     -    2s
     0     0 -259.89876    0  747 -243.49120 -259.89876  6.74%     -    2s
     0     2 -259.89876    0  747 -243.49120 -259.89876  6.74%     -    3s
    51    64 -248.86600    6  616 -243.49120 -255.24679  4.83%   778    5s
   392   189 -248.27807    7  576 -243.49120 -253.76775  4.22%   447   10s

Cutting planes:
  Gomory: 9
  MIR: 201
  Zero half: 55
  RLT: 241
  BQP: 321

Explored 876 nodes (325698 simplex iterations) in 14.66 seconds (9.74 work units)
Thread count was 12 (of 12 available processors)

Solution count 2: -243.491 -7.65166e-13 

Time limit reached
Best objective -2.434912033288e+02, best bound -2.516856840188e+02, gap 3.3654%
[35 / 150; MWC173 ] ✓ done.
[36 / 150; MWC174 ]: using timeout 15.2 sec...
Set parameter TimeLimit to value 1.5185747385025024e+01
Gurobi Optimizer version 10.0.1 build v10.0.1rc0 (linux64)

CPU model: 12th Gen Intel(R) Core(TM) i5-1235U, instruction set [SSE2|AVX|AVX2]
Thread count: 12 physical cores, 12 logical processors, using up to 12 threads

Optimize a model with 0 rows, 55 columns and 0 nonzeros
Model fingerprint: 0xacb19f36
Model has 1114 quadratic objective terms
Variable types: 0 continuous, 55 integer (55 binary)
Coefficient statistics:
  Matrix range     [0e+00, 0e+00]
  Objective range  [5e+01, 8e+01]
  QObjective range [1e-03, 1e+01]
  Bounds range     [1e+00, 1e+00]
  RHS range        [0e+00, 0e+00]
Found heuristic solution: objective 0.0000000
Found heuristic solution: objective -0.0000000
Found heuristic solution: objective -988.7536384
Presolve time: 0.17s
Presolved: 1068 rows, 1123 columns, 3204 nonzeros
Variable types: 0 continuous, 1123 integer (1123 binary)

Root relaxation: objective -1.621401e+03, 162 iterations, 0.01 seconds (0.00 work units)

    Nodes    |    Current Node    |     Objective Bounds      |     Work
 Expl Unexpl |  Obj  Depth IntInf | Incumbent    BestBd   Gap | It/Node Time

     0     0 -1621.4013    0   54 -988.75364 -1621.4013  64.0%     -    0s
     0     0 -1370.9487    0  367 -988.75364 -1370.9487  38.7%     -    0s
     0     0 -1345.1178    0  391 -988.75364 -1345.1178  36.0%     -    0s
     0     0 -1345.1111    0  393 -988.75364 -1345.1111  36.0%     -    0s
     0     0 -1184.3008    0  856 -988.75364 -1184.3008  19.8%     -    3s
     0     0 -1184.3008    0  856 -988.75364 -1184.3008  19.8%     -    3s
     0     2 -1184.3008    0  856 -988.75364 -1184.3008  19.8%     -    3s
    15    28 -1131.7631    4  905 -988.75364 -1161.2671  17.4%  1224    5s
    90   105 -1107.9421    7  784 -988.75364 -1155.5820  16.9%   810   10s
   327   278 -1063.1185   13  625 -988.75364 -1155.5820  16.9%   469   15s

Cutting planes:
  Gomory: 3
  MIR: 427
  Zero half: 59
  RLT: 332
  BQP: 301

Explored 356 nodes (166389 simplex iterations) in 15.20 seconds (11.31 work units)
Thread count was 12 (of 12 available processors)

Solution count 2: -988.754 -6.90559e-13 

Time limit reached
Best objective -9.887536384077e+02, best bound -1.155582046315e+03, gap 16.8726%
[36 / 150; MWC174 ] ✓ done.
[37 / 150; MWC175 ]: using timeout 22.0 sec...
Set parameter TimeLimit to value 2.1965252637863202e+01
Gurobi Optimizer version 10.0.1 build v10.0.1rc0 (linux64)

CPU model: 12th Gen Intel(R) Core(TM) i5-1235U, instruction set [SSE2|AVX|AVX2]
Thread count: 12 physical cores, 12 logical processors, using up to 12 threads

Optimize a model with 0 rows, 65 columns and 0 nonzeros
Model fingerprint: 0x97fc7fda
Model has 516 quadratic objective terms
Variable types: 0 continuous, 65 integer (65 binary)
Coefficient statistics:
  Matrix range     [0e+00, 0e+00]
  Objective range  [6e+00, 3e+01]
  QObjective range [1e-02, 8e+00]
  Bounds range     [1e+00, 1e+00]
  RHS range        [0e+00, 0e+00]
Found heuristic solution: objective 0.0000000
Found heuristic solution: objective -0.0000000
Found heuristic solution: objective -366.6920248
Presolve time: 0.16s
Presolved: 497 rows, 562 columns, 1491 nonzeros
Variable types: 0 continuous, 562 integer (562 binary)

Root relaxation: objective -5.152036e+02, 96 iterations, 0.00 seconds (0.00 work units)

    Nodes    |    Current Node    |     Objective Bounds      |     Work
 Expl Unexpl |  Obj  Depth IntInf | Incumbent    BestBd   Gap | It/Node Time

     0     0 -515.20358    0   64 -366.69202 -515.20358  40.5%     -    0s
     0     0 -408.99682    0  222 -366.69202 -408.99682  11.5%     -    0s
     0     0 -407.56955    0  231 -366.69202 -407.56955  11.1%     -    0s
     0     0 -398.25940    0  277 -366.69202 -398.25940  8.61%     -    0s
     0     0 -398.25940    0  277 -366.69202 -398.25940  8.61%     -    0s
     0     2 -398.25940    0  277 -366.69202 -398.25940  8.61%     -    0s
H  280   140                    -366.9750734 -384.35205  4.74%  83.0    1s

Cutting planes:
  Gomory: 7
  MIR: 76
  Zero half: 63
  RLT: 87
  BQP: 150

Explored 1248 nodes (79972 simplex iterations) in 2.51 seconds (1.13 work units)
Thread count was 12 (of 12 available processors)

Solution count 3: -366.975 -366.692 -1.15463e-13 
No other solutions better than -366.975

Optimal solution found (tolerance 1.00e-04)
Best objective -3.669750733816e+02, best bound -3.669750733816e+02, gap 0.0000%
[37 / 150; MWC175 ] ✓ done.
[38 / 150; MWC176 ]: using timeout 51.9 sec...
Set parameter TimeLimit to value 5.1862876415252742e+01
Gurobi Optimizer version 10.0.1 build v10.0.1rc0 (linux64)

CPU model: 12th Gen Intel(R) Core(TM) i5-1235U, instruction set [SSE2|AVX|AVX2]
Thread count: 12 physical cores, 12 logical processors, using up to 12 threads

Optimize a model with 0 rows, 65 columns and 0 nonzeros
Model fingerprint: 0x2788a239
Model has 1015 quadratic objective terms
Variable types: 0 continuous, 65 integer (65 binary)
Coefficient statistics:
  Matrix range     [0e+00, 0e+00]
  Objective range  [6e+01, 1e+02]
  QObjective range [6e-03, 2e+01]
  Bounds range     [1e+00, 1e+00]
  RHS range        [0e+00, 0e+00]
Found heuristic solution: objective 0.0000000
Found heuristic solution: objective -0.0000000
Found heuristic solution: objective -1922.392607
Presolve time: 0.19s
Presolved: 974 rows, 1039 columns, 2922 nonzeros
Variable types: 0 continuous, 1039 integer (1039 binary)

Root relaxation: objective -2.997678e+03, 97 iterations, 0.00 seconds (0.00 work units)

    Nodes    |    Current Node    |     Objective Bounds      |     Work
 Expl Unexpl |  Obj  Depth IntInf | Incumbent    BestBd   Gap | It/Node Time

     0     0 -2997.6785    0   64 -1922.3926 -2997.6785  55.9%     -    0s
     0     0 -2565.1738    0  263 -1922.3926 -2565.1738  33.4%     -    1s
     0     0 -2402.6353    0  464 -1922.3926 -2402.6353  25.0%     -    1s
     0     0 -2370.1793    0  485 -1922.3926 -2370.1793  23.3%     -    1s
     0     0 -2127.9728    0  979 -1922.3926 -2127.9728  10.7%     -    4s
     0     0 -2127.9728    0  979 -1922.3926 -2127.9728  10.7%     -    4s
     0     2 -2127.9728    0  979 -1922.3926 -2127.9728  10.7%     -    5s
    39    52 -2040.7824    5  866 -1922.3926 -2082.1667  8.31%  1409   10s
   166   162 -2003.4705   10  754 -1922.3926 -2082.1667  8.31%   869   15s
   316   254 -1957.4751   15  670 -1922.3926 -2082.1667  8.31%   690   20s
   451   329 -1926.7653   19  623 -1922.3926 -2066.6915  7.51%   612   25s
   663   462 -2010.9655    8  802 -1922.3926 -2066.6915  7.51%   573   31s
   826   557 -1998.7414    9  781 -1922.3926 -2066.6915  7.51%   551   35s
  1056   677 -1963.4573   13  715 -1922.3926 -2066.6915  7.51%   515   40s
  1263   800 -1941.8321   16  657 -1922.3926 -2066.6915  7.51%   500   45s
  1537   900 -2043.2769    5  846 -1922.3926 -2050.2274  6.65%   477   50s

Cutting planes:
  Gomory: 1
  MIR: 336
  Zero half: 76
  RLT: 304
  BQP: 461

Explored 1724 nodes (816950 simplex iterations) in 51.87 seconds (33.23 work units)
Thread count was 12 (of 12 available processors)

Solution count 2: -1922.39 -2.71916e-12 

Time limit reached
Best objective -1.922392606792e+03, best bound -2.050227436018e+03, gap 6.6498%
[38 / 150; MWC176 ] ✓ done.
[39 / 150; MWC177 ]: using timeout 51.0 sec...
Set parameter TimeLimit to value 5.1015262842178309e+01
Gurobi Optimizer version 10.0.1 build v10.0.1rc0 (linux64)

CPU model: 12th Gen Intel(R) Core(TM) i5-1235U, instruction set [SSE2|AVX|AVX2]
Thread count: 12 physical cores, 12 logical processors, using up to 12 threads

Optimize a model with 0 rows, 65 columns and 0 nonzeros
Model fingerprint: 0x21873c7d
Model has 1541 quadratic objective terms
Variable types: 0 continuous, 65 integer (65 binary)
Coefficient statistics:
  Matrix range     [0e+00, 0e+00]
  Objective range  [6e+01, 9e+01]
  QObjective range [6e-04, 1e+01]
  Bounds range     [1e+00, 1e+00]
  RHS range        [0e+00, 0e+00]
Found heuristic solution: objective 0.0000000
Found heuristic solution: objective -0.0000000
Found heuristic solution: objective -1354.884155
Presolve time: 0.18s
Presolved: 0 rows, 65 columns, 0 nonzeros
Presolved model has 1552 quadratic objective terms
Variable types: 0 continuous, 65 integer (65 binary)

Root relaxation: objective -1.411934e+03, 93 iterations, 0.00 seconds (0.00 work units)

    Nodes    |    Current Node    |     Objective Bounds      |     Work
 Expl Unexpl |  Obj  Depth IntInf | Incumbent    BestBd   Gap | It/Node Time

     0     0 -1411.9343    0   62 -1354.8842 -1411.9343  4.21%     -    0s
     0     0 -1411.9343    0   62 -1354.8842 -1411.9343  4.21%     -    0s
     0     2 -1411.9343    0   62 -1354.8842 -1411.9343  4.21%     -    0s
 20837 14185 -1397.0651   39   44 -1354.8842 -1397.0651  3.11%  11.8    5s
 41151 29309 -1397.0651   40   40 -1354.8842 -1397.0651  3.11%  11.7   10s
 54908 40119 -1397.0651   43   36 -1354.8842 -1397.0651  3.11%  11.7   15s
 75315 54457 -1397.0651   53   31 -1354.8842 -1397.0651  3.11%  13.0   20s
 97865 69696 -1396.1841   61   18 -1354.8842 -1397.0651  3.11%  13.7   25s
 120714 85483 -1397.0651   51   31 -1354.8842 -1397.0651  3.11%  14.2   30s
 141821 100484 -1397.0651   43   34 -1354.8842 -1397.0651  3.11%  14.6   35s
 166343 116419 -1397.0651   44   35 -1354.8842 -1397.0651  3.11%  14.7   40s
 186435 130177 -1394.2726   58   27 -1354.8842 -1397.0651  3.11%  14.9   45s
 209822 145910 -1361.9200   64   18 -1354.8842 -1397.0651  3.11%  14.9   50s

Cutting planes:
  Gomory: 74
  Implied bound: 46
  MIR: 220
  Flow cover: 211
  RLT: 65
  Relax-and-lift: 97

Explored 215590 nodes (3215120 simplex iterations) in 51.02 seconds (22.81 work units)
Thread count was 12 (of 12 available processors)

Solution count 3: -1354.88 -1354.88 -4.68514e-13 

Time limit reached
Best objective -1.354884155269e+03, best bound -1.397065094290e+03, gap 3.1133%
[39 / 150; MWC177 ] ✓ done.
[40 / 150; MWC178 ]: using timeout 24.8 sec...
Set parameter TimeLimit to value 2.4804681777954052e+01
Gurobi Optimizer version 10.0.1 build v10.0.1rc0 (linux64)

CPU model: 12th Gen Intel(R) Core(TM) i5-1235U, instruction set [SSE2|AVX|AVX2]
Thread count: 12 physical cores, 12 logical processors, using up to 12 threads

Optimize a model with 0 rows, 75 columns and 0 nonzeros
Model fingerprint: 0x52db2fc9
Model has 659 quadratic objective terms
Variable types: 0 continuous, 75 integer (75 binary)
Coefficient statistics:
  Matrix range     [0e+00, 0e+00]
  Objective range  [1e+01, 4e+01]
  QObjective range [5e-02, 1e+01]
  Bounds range     [1e+00, 1e+00]
  RHS range        [0e+00, 0e+00]
Found heuristic solution: objective 0.0000000
Found heuristic solution: objective -0.0000000
Found heuristic solution: objective -684.3586369
Presolve time: 0.18s
Presolved: 635 rows, 710 columns, 1905 nonzeros
Variable types: 0 continuous, 710 integer (710 binary)

Root relaxation: objective -9.745520e+02, 99 iterations, 0.00 seconds (0.00 work units)

    Nodes    |    Current Node    |     Objective Bounds      |     Work
 Expl Unexpl |  Obj  Depth IntInf | Incumbent    BestBd   Gap | It/Node Time

     0     0 -974.55200    0   74 -684.35864 -974.55200  42.4%     -    0s
     0     0 -758.62307    0  354 -684.35864 -758.62307  10.9%     -    0s
     0     0 -758.59424    0  362 -684.35864 -758.59424  10.8%     -    0s
     0     0 -728.62541    0  470 -684.35864 -728.62541  6.47%     -    0s
     0     0 -728.62541    0  470 -684.35864 -728.62541  6.47%     -    0s
     0     2 -728.62541    0  470 -684.35864 -728.62541  6.47%     -    0s
  1113   128     cutoff    9      -684.35864 -695.17505  1.58%   111    5s

Cutting planes:
  Gomory: 14
  MIR: 96
  Zero half: 60
  RLT: 138
  BQP: 254

Explored 1444 nodes (149542 simplex iterations) in 5.57 seconds (3.10 work units)
Thread count was 12 (of 12 available processors)

Solution count 2: -684.359 -1.07736e-12 
No other solutions better than -684.359

Optimal solution found (tolerance 1.00e-04)
Best objective -6.843586369076e+02, best bound -6.843586369076e+02, gap 0.0000%
[40 / 150; MWC178 ] ✓ done.
[41 / 150; MWC179 ]: using timeout 31.5 sec...
Set parameter TimeLimit to value 3.1492289304733280e+01
Gurobi Optimizer version 10.0.1 build v10.0.1rc0 (linux64)

CPU model: 12th Gen Intel(R) Core(TM) i5-1235U, instruction set [SSE2|AVX|AVX2]
Thread count: 12 physical cores, 12 logical processors, using up to 12 threads

Optimize a model with 0 rows, 75 columns and 0 nonzeros
Model fingerprint: 0xd49163c8
Model has 1383 quadratic objective terms
Variable types: 0 continuous, 75 integer (75 binary)
Coefficient statistics:
  Matrix range     [0e+00, 0e+00]
  Objective range  [9e+01, 2e+02]
  QObjective range [2e-02, 3e+01]
  Bounds range     [1e+00, 1e+00]
  RHS range        [0e+00, 0e+00]
Found heuristic solution: objective 0.0000000
Found heuristic solution: objective -3394.203927
Presolve time: 0.17s
Presolved: 1343 rows, 1418 columns, 4029 nonzeros
Variable types: 0 continuous, 1418 integer (1418 binary)

Root relaxation: objective -5.433857e+03, 176 iterations, 0.01 seconds (0.01 work units)

    Nodes    |    Current Node    |     Objective Bounds      |     Work
 Expl Unexpl |  Obj  Depth IntInf | Incumbent    BestBd   Gap | It/Node Time

     0     0 -5433.8573    0   74 -3394.2039 -5433.8573  60.1%     -    0s
     0     0 -4927.7592    0  217 -3394.2039 -4927.7592  45.2%     -    1s
     0     0 -4435.2953    0  566 -3394.2039 -4435.2953  30.7%     -    2s
     0     0 -4377.1631    0  574 -3394.2039 -4377.1631  29.0%     -    2s
     0     0 -4370.2053    0  587 -3394.2039 -4370.2053  28.8%     -    2s
     0     0 -3918.0043    0 1302 -3394.2039 -3918.0043  15.4%     -    6s
     0     0 -3918.0043    0 1302 -3394.2039 -3918.0043  15.4%     -    6s
     0     2 -3918.0043    0 1302 -3394.2039 -3918.0043  15.4%     -    7s
     3     8 -3847.5488    2 1210 -3394.2039 -3893.0344  14.7%  1907   10s
    15    28 -3785.0433    4 1182 -3394.2039 -3825.6887  12.7%  2326   15s
    51    64 -3726.6192    6 1165 -3394.2039 -3811.3718  12.3%  1962   20s
   101   116 -3692.6893    8 1120 -3394.2039 -3811.3718  12.3%  1595   25s
   182   196 -3647.3168   10 1082 -3394.2039 -3811.3718  12.3%  1211   30s

Cutting planes:
  Gomory: 5
  MIR: 451
  Zero half: 79
  RLT: 445
  BQP: 543

Explored 233 nodes (254740 simplex iterations) in 31.51 seconds (21.35 work units)
Thread count was 12 (of 12 available processors)

Solution count 2: -3394.2 0 

Time limit reached
Best objective -3.394203926906e+03, best bound -3.811371806399e+03, gap 12.2906%
[41 / 150; MWC179 ] ✓ done.
[42 / 150; MWC18 ]: using timeout 19.1 sec...
Set parameter TimeLimit to value 1.9136055469512918e+01
Gurobi Optimizer version 10.0.1 build v10.0.1rc0 (linux64)

CPU model: 12th Gen Intel(R) Core(TM) i5-1235U, instruction set [SSE2|AVX|AVX2]
Thread count: 12 physical cores, 12 logical processors, using up to 12 threads

Optimize a model with 0 rows, 55 columns and 0 nonzeros
Model fingerprint: 0xe1a00c32
Model has 1105 quadratic objective terms
Variable types: 0 continuous, 55 integer (55 binary)
Coefficient statistics:
  Matrix range     [0e+00, 0e+00]
  Objective range  [1e+02, 2e+02]
  QObjective range [2e-02, 3e+01]
  Bounds range     [1e+00, 1e+00]
  RHS range        [0e+00, 0e+00]
Found heuristic solution: objective 0.0000000
Found heuristic solution: objective -2657.510980
Presolve time: 0.04s
Presolved: 1059 rows, 1114 columns, 3177 nonzeros
Variable types: 0 continuous, 1114 integer (1114 binary)

Root relaxation: objective -4.381568e+03, 108 iterations, 0.01 seconds (0.00 work units)

    Nodes    |    Current Node    |     Objective Bounds      |     Work
 Expl Unexpl |  Obj  Depth IntInf | Incumbent    BestBd   Gap | It/Node Time

     0     0 -4381.5680    0   54 -2657.5110 -4381.5680  64.9%     -    0s
     0     0 -3602.7087    0  352 -2657.5110 -3602.7087  35.6%     -    0s
     0     0 -3602.7087    0  392 -2657.5110 -3602.7087  35.6%     -    0s
     0     0 -3227.5523    0  817 -2657.5110 -3227.5523  21.5%     -    3s
     0     0 -3227.5523    0  817 -2657.5110 -3227.5523  21.5%     -    3s
     0     2 -3227.5523    0  817 -2657.5110 -3227.5523  21.5%     -    3s
     7    16 -3103.2660    3  848 -2657.5110 -3154.0926  18.7%  1489    5s
   115   131 -2948.0221    9  667 -2657.5110 -3106.4053  16.9%   829   10s
   323   293 -2825.1536   15  514 -2657.5110 -3106.4053  16.9%   529   15s

Cutting planes:
  Gomory: 3
  MIR: 386
  Zero half: 77
  RLT: 344
  BQP: 367

Explored 560 nodes (240213 simplex iterations) in 19.15 seconds (12.06 work units)
Thread count was 12 (of 12 available processors)

Solution count 2: -2657.51 0 

Time limit reached
Best objective -2.657510979906e+03, best bound -3.106405306998e+03, gap 16.8915%
[42 / 150; MWC18 ] ✓ done.
[43 / 150; MWC180 ]: using timeout 51.3 sec...
Set parameter TimeLimit to value 5.1296616554260247e+01
Gurobi Optimizer version 10.0.1 build v10.0.1rc0 (linux64)

CPU model: 12th Gen Intel(R) Core(TM) i5-1235U, instruction set [SSE2|AVX|AVX2]
Thread count: 12 physical cores, 12 logical processors, using up to 12 threads

Optimize a model with 0 rows, 75 columns and 0 nonzeros
Model fingerprint: 0x8090808d
Model has 2090 quadratic objective terms
Variable types: 0 continuous, 75 integer (75 binary)
Coefficient statistics:
  Matrix range     [0e+00, 0e+00]
  Objective range  [6e+01, 1e+02]
  QObjective range [1e-02, 1e+01]
  Bounds range     [1e+00, 1e+00]
  RHS range        [0e+00, 0e+00]
Found heuristic solution: objective 0.0000000
Found heuristic solution: objective -0.0000000
Found heuristic solution: objective -1803.941478
Presolve time: 0.22s
Presolved: 0 rows, 75 columns, 0 nonzeros
Presolved model has 2165 quadratic objective terms
Variable types: 0 continuous, 75 integer (75 binary)

Root relaxation: objective -1.881836e+03, 113 iterations, 0.00 seconds (0.00 work units)

    Nodes    |    Current Node    |     Objective Bounds      |     Work
 Expl Unexpl |  Obj  Depth IntInf | Incumbent    BestBd   Gap | It/Node Time

     0     0 -1881.8356    0   74 -1803.9415 -1881.8356  4.32%     -    0s
     0     0 -1881.8356    0   74 -1803.9415 -1881.8356  4.32%     -    0s
     0     2 -1881.8356    0   74 -1803.9415 -1881.8356  4.32%     -    0s
H   14    16                    -1804.271701 -1876.5525  4.01%   3.0    0s
  4086  2824 -1866.8712   35   59 -1804.2717 -1866.8712  3.47%  19.7    5s
 13734  9470 -1866.8712   40   52 -1804.2717 -1866.8712  3.47%  20.8   10s
 25638 19994     cutoff   73      -1804.2717 -1866.8712  3.47%  20.7   15s
 40190 30998 -1866.8712   46   44 -1804.2717 -1866.8712  3.47%  20.3   20s
 51140 38935 -1866.8712   49   47 -1804.2717 -1866.8712  3.47%  20.2   25s
 54900 41908 -1866.8712   41   55 -1804.2717 -1866.8712  3.47%  20.2   31s
 61611 46799 -1866.8712   43   48 -1804.2717 -1866.8712  3.47%  20.5   35s
 68466 51081 -1866.8712   55   34 -1804.2717 -1866.8712  3.47%  20.7   46s
 76100 58118 -1866.8712   41   53 -1804.2717 -1866.8712  3.47%  21.0   50s

Cutting planes:
  Gomory: 81
  Implied bound: 29
  MIR: 241
  Flow cover: 197
  RLT: 93
  Relax-and-lift: 132

Explored 80758 nodes (1685728 simplex iterations) in 51.30 seconds (19.95 work units)
Thread count was 12 (of 12 available processors)

Solution count 4: -1804.27 -1803.94 -5.66325e-12 0 

Time limit reached
Best objective -1.804271700633e+03, best bound -1.866871195877e+03, gap 3.4695%
[43 / 150; MWC180 ] ✓ done.
[44 / 150; MWC181 ]: using timeout 23.0 sec...
Set parameter TimeLimit to value 2.3015144348144567e+01
Gurobi Optimizer version 10.0.1 build v10.0.1rc0 (linux64)

CPU model: 12th Gen Intel(R) Core(TM) i5-1235U, instruction set [SSE2|AVX|AVX2]
Thread count: 12 physical cores, 12 logical processors, using up to 12 threads

Optimize a model with 0 rows, 85 columns and 0 nonzeros
Model fingerprint: 0x5ac64337
Model has 888 quadratic objective terms
Variable types: 0 continuous, 85 integer (85 binary)
Coefficient statistics:
  Matrix range     [0e+00, 0e+00]
  Objective range  [6e+00, 2e+01]
  QObjective range [2e-03, 4e+00]
  Bounds range     [1e+00, 1e+00]
  RHS range        [0e+00, 0e+00]
Found heuristic solution: objective 0.0000000
Found heuristic solution: objective -289.9749589
Found heuristic solution: objective -290.5504626
Presolve time: 0.20s
Presolved: 857 rows, 942 columns, 2571 nonzeros
Variable types: 0 continuous, 942 integer (942 binary)

Root relaxation: objective -4.256432e+02, 140 iterations, 0.00 seconds (0.00 work units)

    Nodes    |    Current Node    |     Objective Bounds      |     Work
 Expl Unexpl |  Obj  Depth IntInf | Incumbent    BestBd   Gap | It/Node Time

     0     0 -425.64319    0   84 -290.55046 -425.64319  46.5%     -    0s
     0     0 -331.26808    0  448 -290.55046 -331.26808  14.0%     -    0s
     0     0 -331.26808    0  469 -290.55046 -331.26808  14.0%     -    0s
     0     0 -318.07238    0  490 -290.55046 -318.07238  9.47%     -    1s
     0     0 -318.07238    0  490 -290.55046 -318.07238  9.47%     -    1s
     0     2 -318.07238    0  490 -290.55046 -318.07238  9.47%     -    1s
   158   155 -297.42893   10  607 -290.55046 -310.28752  6.79%   356    5s
   603   370     cutoff   15      -290.55046 -306.81874  5.60%   250   10s
  1350   738 -299.66604    8  654 -290.55046 -305.03491  4.99%   209   15s
  1875   959 -297.87226    9  604 -290.55046 -303.77959  4.55%   198   20s

Cutting planes:
  Gomory: 15
  MIR: 179
  Zero half: 102
  RLT: 195
  BQP: 417

Explored 2469 nodes (481473 simplex iterations) in 23.02 seconds (13.34 work units)
Thread count was 12 (of 12 available processors)

Solution count 3: -290.55 -289.975 0 

Time limit reached
Best objective -2.905504626163e+02, best bound -3.025970375515e+02, gap 4.1461%
[44 / 150; MWC181 ] ✓ done.
[45 / 150; MWC182 ]: using timeout 51.4 sec...
Set parameter TimeLimit to value 5.1440483093261747e+01
Gurobi Optimizer version 10.0.1 build v10.0.1rc0 (linux64)

CPU model: 12th Gen Intel(R) Core(TM) i5-1235U, instruction set [SSE2|AVX|AVX2]
Thread count: 12 physical cores, 12 logical processors, using up to 12 threads

Optimize a model with 0 rows, 85 columns and 0 nonzeros
Model fingerprint: 0x71fafe3b
Model has 1739 quadratic objective terms
Variable types: 0 continuous, 85 integer (85 binary)
Coefficient statistics:
  Matrix range     [0e+00, 0e+00]
  Objective range  [1e+02, 3e+02]
  QObjective range [3e-03, 4e+01]
  Bounds range     [1e+00, 1e+00]
  RHS range        [0e+00, 0e+00]
Found heuristic solution: objective 0.0000000
Found heuristic solution: objective -5229.547707
Found heuristic solution: objective -5243.694051
Presolve time: 0.19s
Presolved: 1691 rows, 1776 columns, 5073 nonzeros
Variable types: 0 continuous, 1776 integer (1776 binary)

Root relaxation: objective -8.382511e+03, 281 iterations, 0.01 seconds (0.01 work units)

    Nodes    |    Current Node    |     Objective Bounds      |     Work
 Expl Unexpl |  Obj  Depth IntInf | Incumbent    BestBd   Gap | It/Node Time

     0     0 -8382.5109    0   84 -5243.6941 -8382.5109  59.9%     -    0s
     0     0 -7702.8699    0  278 -5243.6941 -7702.8699  46.9%     -    1s
     0     0 -6919.1162    0  579 -5243.6941 -6919.1162  32.0%     -    2s
     0     0 -6837.8056    0  625 -5243.6941 -6837.8056  30.4%     -    2s
     0     0 -6824.1746    0  681 -5243.6941 -6824.1746  30.1%     -    3s
     0     0 -6244.3307    0 1221 -5243.6941 -6244.3307  19.1%     -    8s
     0     0 -6244.3307    0 1221 -5243.6941 -6244.3307  19.1%     -    8s
     0     2 -6244.3307    0 1221 -5243.6941 -6244.3307  19.1%     -    8s
     3     8 -6128.2407    2 1374 -5243.6941 -6217.9484  18.6%  2334   12s
     7    16 -6077.7334    3 1393 -5243.6941 -6142.8612  17.1%  2748   15s
    27    40 -6007.2228    5 1263 -5243.6941 -6114.7404  16.6%  2493   20s
    63    76 -5955.2270    7 1139 -5243.6941 -6097.0606  16.3%  1869   25s
   115   130 -5883.5890    9 1134 -5243.6941 -6094.8981  16.2%  1474   30s
   184   211 -5818.8756   11 1118 -5243.6941 -6094.8981  16.2%  1210   35s
   291   270 -5777.3022   13  980 -5243.6941 -6094.8981  16.2%   955   41s
   350   312 -5759.6979   14  890 -5243.6941 -6094.8981  16.2%   952   46s
   396   355 -5681.4322   16  930 -5243.6941 -6094.8981  16.2%   929   50s

Cutting planes:
  Gomory: 2
  MIR: 275
  Zero half: 75
  RLT: 395
  BQP: 854

Explored 434 nodes (400731 simplex iterations) in 51.46 seconds (35.54 work units)
Thread count was 12 (of 12 available processors)

Solution count 3: -5243.69 -5229.55 0 

Time limit reached
Best objective -5.243694051196e+03, best bound -6.094898081965e+03, gap 16.2329%
[45 / 150; MWC182 ] ✓ done.
[46 / 150; MWC183 ]: using timeout 47.9 sec...
Set parameter TimeLimit to value 4.7906607389450109e+01
Gurobi Optimizer version 10.0.1 build v10.0.1rc0 (linux64)

CPU model: 12th Gen Intel(R) Core(TM) i5-1235U, instruction set [SSE2|AVX|AVX2]
Thread count: 12 physical cores, 12 logical processors, using up to 12 threads

Optimize a model with 0 rows, 85 columns and 0 nonzeros
Model fingerprint: 0x0e1b2f9f
Model has 2671 quadratic objective terms
Variable types: 0 continuous, 85 integer (85 binary)
Coefficient statistics:
  Matrix range     [0e+00, 0e+00]
  Objective range  [2e+02, 3e+02]
  QObjective range [1e-02, 2e+01]
  Bounds range     [1e+00, 1e+00]
  RHS range        [0e+00, 0e+00]
Found heuristic solution: objective 0.0000000
Found heuristic solution: objective -0.0000000
Found heuristic solution: objective -4544.754086
Presolve time: 0.26s
Presolved: 0 rows, 85 columns, 0 nonzeros
Presolved model has 2686 quadratic objective terms
Variable types: 0 continuous, 85 integer (85 binary)

Root relaxation: objective -4.733848e+03, 123 iterations, 0.00 seconds (0.00 work units)

    Nodes    |    Current Node    |     Objective Bounds      |     Work
 Expl Unexpl |  Obj  Depth IntInf | Incumbent    BestBd   Gap | It/Node Time

     0     0 -4733.8484    0   82 -4544.7541 -4733.8484  4.16%     -    0s
     0     0 -4733.8484    0   82 -4544.7541 -4733.8484  4.16%     -    0s
H    0     2                    -4550.147318 -4733.8484  4.04%     -    0s
     0     2 -4733.8484    0   82 -4550.1473 -4733.8484  4.04%     -    0s
  4289  2855 -4697.7204   40   57 -4550.1473 -4697.7204  3.24%  15.6    6s
 13294  9262 -4697.7204   58   37 -4550.1473 -4697.7204  3.24%  17.7   10s
 26806 20808 -4697.7204   36   65 -4550.1473 -4697.7204  3.24%  17.7   15s
 41448 32931 -4697.7204   43   56 -4550.1473 -4697.7204  3.24%  17.8   20s
 55218 43995 -4697.7204   37   62 -4550.1473 -4697.7204  3.24%  17.8   31s
 64178 51010 -4697.7204   38   56 -4550.1473 -4697.7204  3.24%  18.4   35s
 75709 60039 -4697.7204   38   60 -4550.1473 -4697.7204  3.24%  18.9   40s
 85449 67877 -4560.0913   76   22 -4550.1473 -4697.7204  3.24%  19.2   45s

Cutting planes:
  Gomory: 57
  Implied bound: 40
  MIR: 219
  Flow cover: 187
  RLT: 78
  Relax-and-lift: 138

Explored 93527 nodes (1807489 simplex iterations) in 47.92 seconds (22.60 work units)
Thread count was 12 (of 12 available processors)

Solution count 3: -4550.15 -4544.75 -1.5175e-11 

Time limit reached
Best objective -4.550147318217e+03, best bound -4.697720442989e+03, gap 3.2433%
[46 / 150; MWC183 ] ✓ done.
[47 / 150; MWC184 ]: using timeout 29.8 sec...
Set parameter TimeLimit to value 2.9804795026779129e+01
Gurobi Optimizer version 10.0.1 build v10.0.1rc0 (linux64)

CPU model: 12th Gen Intel(R) Core(TM) i5-1235U, instruction set [SSE2|AVX|AVX2]
Thread count: 12 physical cores, 12 logical processors, using up to 12 threads

Optimize a model with 0 rows, 95 columns and 0 nonzeros
Model fingerprint: 0x3c844e5f
Model has 1099 quadratic objective terms
Variable types: 0 continuous, 95 integer (95 binary)
Coefficient statistics:
  Matrix range     [0e+00, 0e+00]
  Objective range  [6e+01, 2e+02]
  QObjective range [3e-02, 4e+01]
  Bounds range     [1e+00, 1e+00]
  RHS range        [0e+00, 0e+00]
Found heuristic solution: objective 0.0000000
Found heuristic solution: objective -0.0000000
Found heuristic solution: objective -3626.168298
Presolve time: 0.19s
Presolved: 1061 rows, 1156 columns, 3183 nonzeros
Variable types: 0 continuous, 1156 integer (1156 binary)

Root relaxation: objective -5.370119e+03, 150 iterations, 0.00 seconds (0.00 work units)

    Nodes    |    Current Node    |     Objective Bounds      |     Work
 Expl Unexpl |  Obj  Depth IntInf | Incumbent    BestBd   Gap | It/Node Time

     0     0 -5370.1194    0   94 -3626.1683 -5370.1194  48.1%     -    0s
     0     0 -4300.1347    0  435 -3626.1683 -4300.1347  18.6%     -    0s
     0     0 -4206.2071    0  494 -3626.1683 -4206.2071  16.0%     -    1s
     0     0 -4006.7003    0  732 -3626.1683 -4006.7003  10.5%     -    1s
     0     0 -4006.7003    0  732 -3626.1683 -4006.7003  10.5%     -    2s
     0     2 -4006.7003    0  732 -3626.1683 -4006.7003  10.5%     -    2s
    27    40 -3827.3371    5  807 -3626.1683 -3929.8219  8.37%  1149    5s
   230   194 -3724.3046   11  671 -3626.1683 -3923.5967  8.20%   452   10s
   461   344 -3655.9559   18  619 -3626.1683 -3923.5967  8.20%   373   15s
   769   511 -3665.9185   14  534 -3626.1683 -3867.3906  6.65%   331   20s
  1206   706 -3812.9640    7  719 -3626.1683 -3851.4002  6.21%   297   25s

Cutting planes:
  Gomory: 4
  MIR: 174
  Zero half: 178
  RLT: 277
  BQP: 620

Explored 1560 nodes (451438 simplex iterations) in 29.81 seconds (18.86 work units)
Thread count was 12 (of 12 available processors)

Solution count 2: -3626.17 -7.38787e-12 

Time limit reached
Best objective -3.626168297729e+03, best bound -3.840998689577e+03, gap 5.9244%
[47 / 150; MWC184 ] ✓ done.
[48 / 150; MWC185 ]: using timeout 54.3 sec...
Set parameter TimeLimit to value 5.4312539339065580e+01
Gurobi Optimizer version 10.0.1 build v10.0.1rc0 (linux64)

CPU model: 12th Gen Intel(R) Core(TM) i5-1235U, instruction set [SSE2|AVX|AVX2]
Thread count: 12 physical cores, 12 logical processors, using up to 12 threads

Optimize a model with 0 rows, 95 columns and 0 nonzeros
Model fingerprint: 0xfcd0c126
Model has 2232 quadratic objective terms
Variable types: 0 continuous, 95 integer (95 binary)
Coefficient statistics:
  Matrix range     [0e+00, 0e+00]
  Objective range  [3e+01, 7e+01]
  QObjective range [1e-03, 8e+00]
  Bounds range     [1e+00, 1e+00]
  RHS range        [0e+00, 0e+00]
Found heuristic solution: objective 0.0000000
Found heuristic solution: objective -0.0000000
Found heuristic solution: objective -1326.829729
Found heuristic solution: objective -1332.229595
Presolve time: 0.19s
Presolved: 0 rows, 95 columns, 0 nonzeros
Presolved model has 2266 quadratic objective terms
Variable types: 0 continuous, 95 integer (95 binary)

Root relaxation: objective -1.403688e+03, 129 iterations, 0.00 seconds (0.00 work units)

    Nodes    |    Current Node    |     Objective Bounds      |     Work
 Expl Unexpl |  Obj  Depth IntInf | Incumbent    BestBd   Gap | It/Node Time

     0     0 -1403.6880    0   91 -1332.2296 -1403.6880  5.36%     -    0s
     0     0 -1403.6880    0   91 -1332.2296 -1403.6880  5.36%     -    0s
H    0     0                    -1334.477234 -1403.6880  5.19%     -    0s
     0     2 -1403.6880    0   91 -1334.4772 -1403.6880  5.19%     -    0s
H    7    16                    -1335.970505 -1401.1354  4.88%   4.1    0s
H   11    16                    -1336.702605 -1401.1354  4.82%   3.8    0s
  3520  2608 -1396.1326   32   73 -1336.7026 -1396.1326  4.45%  15.3    5s
 11036  7986 -1396.1326   40   57 -1336.7026 -1396.1326  4.45%  20.3   11s
 17873 14125 -1396.1326   43   57 -1336.7026 -1396.1326  4.45%  20.7   15s
 27581 21240 -1396.1326   62   45 -1336.7026 -1396.1326  4.45%  20.5   20s
 35918 28131     cutoff   80      -1336.7026 -1396.1326  4.45%  20.5   29s
 37343 29141 -1396.1326   63   38 -1336.7026 -1396.1326  4.45%  20.6   30s
 43761 34549 -1396.1326   38   68 -1336.7026 -1396.1326  4.45%  21.3   35s
 49408 39526 -1396.1326   39   70 -1336.7026 -1396.1326  4.45%  21.7   40s
 56857 45262 -1396.1326   38   73 -1336.7026 -1396.1326  4.45%  22.0   45s
 63045 50311 -1396.1326   39   65 -1336.7026 -1396.1326  4.45%  22.2   50s

Cutting planes:
  Gomory: 117
  Implied bound: 60
  MIR: 309
  Flow cover: 252
  RLT: 229
  Relax-and-lift: 135

Explored 70589 nodes (1570775 simplex iterations) in 54.33 seconds (28.23 work units)
Thread count was 12 (of 12 available processors)

Solution count 6: -1336.7 -1335.97 -1334.48 ... -2.27374e-12

Time limit reached
Best objective -1.336702605381e+03, best bound -1.396132608465e+03, gap 4.4460%
[48 / 150; MWC185 ] ✓ done.
[49 / 150; MWC186 ]: using timeout 83.7 sec...
Set parameter TimeLimit to value 8.3711154699325519e+01
Gurobi Optimizer version 10.0.1 build v10.0.1rc0 (linux64)

CPU model: 12th Gen Intel(R) Core(TM) i5-1235U, instruction set [SSE2|AVX|AVX2]
Thread count: 12 physical cores, 12 logical processors, using up to 12 threads

Optimize a model with 0 rows, 95 columns and 0 nonzeros
Model fingerprint: 0x2d22b363
Model has 3338 quadratic objective terms
Variable types: 0 continuous, 95 integer (95 binary)
Coefficient statistics:
  Matrix range     [0e+00, 0e+00]
  Objective range  [2e+02, 3e+02]
  QObjective range [1e-02, 3e+01]
  Bounds range     [1e+00, 1e+00]
  RHS range        [0e+00, 0e+00]
Found heuristic solution: objective 0.0000000
Found heuristic solution: objective -7473.727459
Presolve time: 0.26s
Presolved: 0 rows, 95 columns, 0 nonzeros
Presolved model has 3357 quadratic objective terms
Variable types: 0 continuous, 95 integer (95 binary)

Root relaxation: objective -7.735427e+03, 138 iterations, 0.00 seconds (0.00 work units)

    Nodes    |    Current Node    |     Objective Bounds      |     Work
 Expl Unexpl |  Obj  Depth IntInf | Incumbent    BestBd   Gap | It/Node Time

     0     0 -7735.4266    0   91 -7473.7275 -7735.4266  3.50%     -    0s
     0     0 -7735.4266    0   91 -7473.7275 -7735.4266  3.50%     -    0s
     0     2 -7735.4266    0   91 -7473.7275 -7735.4266  3.50%     -    0s
H    4     8                    -7480.858473 -7731.5519  3.35%   4.5    0s
H    9    16                    -7486.619184 -7728.7940  3.23%   4.9    0s
H   10    16                    -7487.066543 -7728.7940  3.23%   5.0    0s
H   40    52                    -7488.370030 -7720.2756  3.10%   4.1    0s
H   54    64                    -7498.376473 -7715.2950  2.89%   4.1    0s
H   63    88                    -7499.033016 -7715.2950  2.88%   4.1    0s
  3625  2534 -7707.1871   39   61 -7499.0330 -7707.1871  2.78%  15.2    6s
 10195  7408 -7707.1871   44   54 -7499.0330 -7707.1871  2.78%  16.6   10s
 20411 16482 -7707.1871   34   74 -7499.0330 -7707.1871  2.78%  17.1   15s
 35174 29134 -7707.1871   57   49 -7499.0330 -7707.1871  2.78%  16.7   20s
 49140 40940 -7707.1871   38   65 -7499.0330 -7707.1871  2.78%  16.9   25s
 55224 45848 -7707.1871   47   53 -7499.0330 -7707.1871  2.78%  16.9   35s
 62878 52617 -7707.1871   36   68 -7499.0330 -7707.1871  2.78%  17.9   40s
 68840 57496 -7707.1871   40   64 -7499.0330 -7707.1871  2.78%  18.5   45s
 75751 63177 -7707.1871   37   74 -7499.0330 -7707.1871  2.78%  18.9   50s
 83764 70092 -7707.1871   36   72 -7499.0330 -7707.1871  2.78%  19.2   55s
 90900 75802 -7707.1871   37   73 -7499.0330 -7707.1871  2.78%  19.6   60s
 98601 81870 -7707.1871   42   62 -7499.0330 -7707.1871  2.78%  19.9   65s
 107106 89062 -7707.1871   41   66 -7499.0330 -7707.1871  2.78%  20.2   70s
 114407 94718 -7707.1871   76   32 -7499.0330 -7707.1871  2.78%  20.3   75s
 122006 101739 -7707.1871   62   42 -7499.0330 -7707.1871  2.78%  20.5   80s

Cutting planes:
  Gomory: 76
  Implied bound: 76
  MIR: 272
  Flow cover: 215
  RLT: 73
  Relax-and-lift: 179

Explored 127302 nodes (2613565 simplex iterations) in 83.72 seconds (41.69 work units)
Thread count was 12 (of 12 available processors)

Solution count 8: -7499.03 -7498.38 -7488.37 ... 0

Time limit reached
Best objective -7.499033016437e+03, best bound -7.707187102591e+03, gap 2.7757%
[49 / 150; MWC186 ] ✓ done.
[50 / 150; MWC19 ]: using timeout 15.8 sec...
Set parameter TimeLimit to value 1.5819689989089962e+01
Gurobi Optimizer version 10.0.1 build v10.0.1rc0 (linux64)

CPU model: 12th Gen Intel(R) Core(TM) i5-1235U, instruction set [SSE2|AVX|AVX2]
Thread count: 12 physical cores, 12 logical processors, using up to 12 threads

Optimize a model with 0 rows, 65 columns and 0 nonzeros
Model fingerprint: 0x13e80b6c
Model has 542 quadratic objective terms
Variable types: 0 continuous, 65 integer (65 binary)
Coefficient statistics:
  Matrix range     [0e+00, 0e+00]
  Objective range  [2e+01, 5e+01]
  QObjective range [1e-01, 2e+01]
  Bounds range     [1e+00, 1e+00]
  RHS range        [0e+00, 0e+00]
Found heuristic solution: objective 0.0000000
Found heuristic solution: objective -770.3437954
Presolve time: 0.15s
Presolved: 522 rows, 587 columns, 1566 nonzeros
Variable types: 0 continuous, 587 integer (587 binary)

Root relaxation: objective -1.082661e+03, 102 iterations, 0.00 seconds (0.00 work units)

    Nodes    |    Current Node    |     Objective Bounds      |     Work
 Expl Unexpl |  Obj  Depth IntInf | Incumbent    BestBd   Gap | It/Node Time

     0     0 -1082.6610    0   64 -770.34380 -1082.6610  40.5%     -    0s
     0     0 -879.40238    0  246 -770.34380 -879.40238  14.2%     -    0s
     0     0 -875.36245    0  244 -770.34380 -875.36245  13.6%     -    0s
     0     0 -842.86288    0  232 -770.34380 -842.86288  9.41%     -    0s
     0     0 -842.86288    0  232 -770.34380 -842.86288  9.41%     -    0s
     0     2 -842.86288    0  232 -770.34380 -842.86288  9.41%     -    0s

Cutting planes:
  Gomory: 11
  MIR: 90
  Zero half: 60
  RLT: 106
  BQP: 222

Explored 4264 nodes (176835 simplex iterations) in 3.91 seconds (1.95 work units)
Thread count was 12 (of 12 available processors)

Solution count 2: -770.344 0 
No other solutions better than -770.344

Optimal solution found (tolerance 1.00e-04)
Best objective -7.703437954466e+02, best bound -7.703437954466e+02, gap 0.0000%
[50 / 150; MWC19 ] ✓ done.
[51 / 150; MWC2 ]: using timeout 6.8 sec...
Set parameter TimeLimit to value 6.7630226612091064e+00
Gurobi Optimizer version 10.0.1 build v10.0.1rc0 (linux64)

CPU model: 12th Gen Intel(R) Core(TM) i5-1235U, instruction set [SSE2|AVX|AVX2]
Thread count: 12 physical cores, 12 logical processors, using up to 12 threads

Optimize a model with 0 rows, 5 columns and 0 nonzeros
Model fingerprint: 0xa9213d43
Model has 6 quadratic objective terms
Variable types: 0 continuous, 5 integer (5 binary)
Coefficient statistics:
  Matrix range     [0e+00, 0e+00]
  Objective range  [9e+00, 2e+01]
  QObjective range [3e+00, 3e+01]
  Bounds range     [1e+00, 1e+00]
  RHS range        [0e+00, 0e+00]
Found heuristic solution: objective 0.0000000
Found heuristic solution: objective -30.9340498
Presolve removed 0 rows and 5 columns
Presolve time: 0.00s
Presolve: All rows and columns removed

Explored 0 nodes (0 simplex iterations) in 0.00 seconds (0.00 work units)
Thread count was 1 (of 12 available processors)

Solution count 2: -30.934 0 
No other solutions better than -30.934

Optimal solution found (tolerance 1.00e-04)
Best objective -3.093404982541e+01, best bound -3.093404982541e+01, gap 0.0000%
[51 / 150; MWC2 ] ✓ done.
[52 / 150; MWC20 ]: using timeout 35.5 sec...
Set parameter TimeLimit to value 3.5525573968887286e+01
Gurobi Optimizer version 10.0.1 build v10.0.1rc0 (linux64)

CPU model: 12th Gen Intel(R) Core(TM) i5-1235U, instruction set [SSE2|AVX|AVX2]
Thread count: 12 physical cores, 12 logical processors, using up to 12 threads

Optimize a model with 0 rows, 65 columns and 0 nonzeros
Model fingerprint: 0xfdf645b7
Model has 1063 quadratic objective terms
Variable types: 0 continuous, 65 integer (65 binary)
Coefficient statistics:
  Matrix range     [0e+00, 0e+00]
  Objective range  [8e+01, 2e+02]
  QObjective range [2e-02, 3e+01]
  Bounds range     [1e+00, 1e+00]
  RHS range        [0e+00, 0e+00]
Found heuristic solution: objective 0.0000000
Found heuristic solution: objective -2301.610873
Presolve time: 0.20s
Presolved: 1021 rows, 1086 columns, 3063 nonzeros
Variable types: 0 continuous, 1086 integer (1086 binary)

Root relaxation: objective -3.620064e+03, 126 iterations, 0.01 seconds (0.00 work units)

    Nodes    |    Current Node    |     Objective Bounds      |     Work
 Expl Unexpl |  Obj  Depth IntInf | Incumbent    BestBd   Gap | It/Node Time

     0     0 -3620.0640    0   64 -2301.6109 -3620.0640  57.3%     -    0s
     0     0 -3229.3598    0  226 -2301.6109 -3229.3598  40.3%     -    0s
     0     0 -2939.3714    0  417 -2301.6109 -2939.3714  27.7%     -    1s
     0     0 -2909.0948    0  455 -2301.6109 -2909.0948  26.4%     -    1s
     0     0 -2906.7956    0  433 -2301.6109 -2906.7956  26.3%     -    1s
     0     0 -2567.8140    0 1046 -2301.6109 -2567.8140  11.6%     -    4s
     0     0 -2567.8140    0 1046 -2301.6109 -2567.8140  11.6%     -    4s
     0     2 -2567.8140    0 1046 -2301.6109 -2567.8140  11.6%     -    5s
    15    28 -2483.6516    4  932 -2301.6109 -2510.9325  9.09%  2075   10s
   101   114 -2433.7737    8  871 -2301.6109 -2505.5537  8.86%  1281   15s
   204   178 -2392.1601   11  819 -2301.6109 -2505.5537  8.86%   956   20s
   323   281 -2350.2376   16  724 -2301.6109 -2505.5537  8.86%   880   25s
   398   313 -2336.0969   18  689 -2301.6109 -2505.5537  8.86%   807   30s
   563   397 -2463.6901    5  864 -2301.6109 -2481.8152  7.83%   714   35s

Cutting planes:
  Gomory: 10
  MIR: 370
  Zero half: 59
  RLT: 336
  BQP: 473

Explored 598 nodes (430592 simplex iterations) in 35.53 seconds (24.05 work units)
Thread count was 12 (of 12 available processors)

Solution count 2: -2301.61 0 

Time limit reached
Best objective -2.301610872829e+03, best bound -2.481815156538e+03, gap 7.8295%
[52 / 150; MWC20 ] ✓ done.
[53 / 150; MWC21 ]: using timeout 41.9 sec...
Set parameter TimeLimit to value 4.1880550622940071e+01
Gurobi Optimizer version 10.0.1 build v10.0.1rc0 (linux64)

CPU model: 12th Gen Intel(R) Core(TM) i5-1235U, instruction set [SSE2|AVX|AVX2]
Thread count: 12 physical cores, 12 logical processors, using up to 12 threads

Optimize a model with 0 rows, 65 columns and 0 nonzeros
Model fingerprint: 0x2c644caa
Model has 1575 quadratic objective terms
Variable types: 0 continuous, 65 integer (65 binary)
Coefficient statistics:
  Matrix range     [0e+00, 0e+00]
  Objective range  [1e+02, 2e+02]
  QObjective range [4e-02, 3e+01]
  Bounds range     [1e+00, 1e+00]
  RHS range        [0e+00, 0e+00]
Found heuristic solution: objective 0.0000000
Found heuristic solution: objective -3203.463088
Presolve time: 0.18s
Presolved: 0 rows, 65 columns, 0 nonzeros
Presolved model has 1586 quadratic objective terms
Variable types: 0 continuous, 65 integer (65 binary)

Root relaxation: objective -3.326809e+03, 99 iterations, 0.00 seconds (0.00 work units)

    Nodes    |    Current Node    |     Objective Bounds      |     Work
 Expl Unexpl |  Obj  Depth IntInf | Incumbent    BestBd   Gap | It/Node Time

     0     0 -3326.8087    0   61 -3203.4631 -3326.8087  3.85%     -    0s
     0     0 -3326.8087    0   61 -3203.4631 -3326.8087  3.85%     -    0s
     0     2 -3326.8087    0   61 -3203.4631 -3326.8087  3.85%     -    0s
  7052  3977 -3289.4091   32   47 -3203.4631 -3289.4091  2.68%  16.3    5s
 21390 15008 -3289.4091   42   41 -3203.4631 -3289.4091  2.68%  17.5   10s
 41330 29369 -3289.4091   41   42 -3203.4631 -3289.4091  2.68%  17.5   15s
 55718 40028 -3289.4091   39   44 -3203.4631 -3289.4091  2.68%  17.5   22s
 63062 44761 -3289.4091   36   47 -3203.4631 -3289.4091  2.68%  17.8   25s
 71299 49295 -3289.4091   36   44 -3203.4631 -3289.4091  2.68%  17.8   34s
 71311 50387 -3289.4091   37   44 -3203.4631 -3289.4091  2.68%  17.8   35s
 83828 59196 -3289.4091   37   44 -3203.4631 -3289.4091  2.68%  18.1   40s

Cutting planes:
  Gomory: 75
  Implied bound: 27
  MIR: 313
  Flow cover: 222
  RLT: 128
  Relax-and-lift: 124

Explored 89852 nodes (1642920 simplex iterations) in 41.91 seconds (18.64 work units)
Thread count was 12 (of 12 available processors)

Solution count 3: -3203.46 -3203.46 0 

Time limit reached
Best objective -3.203463087918e+03, best bound -3.289409119610e+03, gap 2.6829%
[53 / 150; MWC21 ] ✓ done.
[54 / 150; MWC22 ]: using timeout 20.9 sec...
Set parameter TimeLimit to value 2.0877267599105867e+01
Gurobi Optimizer version 10.0.1 build v10.0.1rc0 (linux64)

CPU model: 12th Gen Intel(R) Core(TM) i5-1235U, instruction set [SSE2|AVX|AVX2]
Thread count: 12 physical cores, 12 logical processors, using up to 12 threads

Optimize a model with 0 rows, 75 columns and 0 nonzeros
Model fingerprint: 0x5068657d
Model has 715 quadratic objective terms
Variable types: 0 continuous, 75 integer (75 binary)
Coefficient statistics:
  Matrix range     [0e+00, 0e+00]
  Objective range  [2e+01, 5e+01]
  QObjective range [9e-03, 1e+01]
  Bounds range     [1e+00, 1e+00]
  RHS range        [0e+00, 0e+00]
Found heuristic solution: objective 0.0000000
Found heuristic solution: objective -757.8734731
Presolve time: 0.19s
Presolved: 684 rows, 759 columns, 2052 nonzeros
Variable types: 0 continuous, 759 integer (759 binary)

Root relaxation: objective -1.096626e+03, 118 iterations, 0.00 seconds (0.00 work units)

    Nodes    |    Current Node    |     Objective Bounds      |     Work
 Expl Unexpl |  Obj  Depth IntInf | Incumbent    BestBd   Gap | It/Node Time

     0     0 -1096.6255    0   74 -757.87347 -1096.6255  44.7%     -    0s
     0     0 -871.14506    0  298 -757.87347 -871.14506  14.9%     -    0s
     0     0 -870.49746    0  299 -757.87347 -870.49746  14.9%     -    0s
     0     0 -830.62567    0  444 -757.87347 -830.62567  9.60%     -    0s
     0     0 -830.62567    0  444 -757.87347 -830.62567  9.60%     -    0s
     0     2 -830.62567    0  444 -757.87347 -830.62567  9.60%     -    0s
  1147   457     cutoff   12      -757.87347 -795.81670  5.01%   115    5s
  2904   583 -760.85810   10  478 -757.87347 -782.78676  3.29%   109   10s
  4602   632     cutoff   11      -757.87347 -777.03100  2.53%   107   15s
  6522   574 -757.97512   11  342 -757.87347 -772.98616  1.99%   106   20s

Cutting planes:
  Gomory: 3
  MIR: 129
  Zero half: 69
  RLT: 146
  BQP: 302

Explored 7115 nodes (751915 simplex iterations) in 20.88 seconds (12.12 work units)
Thread count was 12 (of 12 available processors)

Solution count 2: -757.873 0 

Time limit reached
Best objective -7.578734730778e+02, best bound -7.718840636507e+02, gap 1.8487%
[54 / 150; MWC22 ] ✓ done.
[55 / 150; MWC23 ]: using timeout 31.5 sec...
Set parameter TimeLimit to value 3.1508556365966829e+01
Gurobi Optimizer version 10.0.1 build v10.0.1rc0 (linux64)

CPU model: 12th Gen Intel(R) Core(TM) i5-1235U, instruction set [SSE2|AVX|AVX2]
Thread count: 12 physical cores, 12 logical processors, using up to 12 threads

Optimize a model with 0 rows, 75 columns and 0 nonzeros
Model fingerprint: 0x8865695c
Model has 1406 quadratic objective terms
Variable types: 0 continuous, 75 integer (75 binary)
Coefficient statistics:
  Matrix range     [0e+00, 0e+00]
  Objective range  [1e+01, 3e+01]
  QObjective range [4e-03, 4e+00]
  Bounds range     [1e+00, 1e+00]
  RHS range        [0e+00, 0e+00]
Found heuristic solution: objective 0.0000000
Found heuristic solution: objective -437.4832899
Presolve time: 0.19s
Presolved: 1363 rows, 1438 columns, 4089 nonzeros
Variable types: 0 continuous, 1438 integer (1438 binary)

Root relaxation: objective -6.985606e+02, 180 iterations, 0.01 seconds (0.00 work units)

    Nodes    |    Current Node    |     Objective Bounds      |     Work
 Expl Unexpl |  Obj  Depth IntInf | Incumbent    BestBd   Gap | It/Node Time

     0     0 -698.56056    0   74 -437.48329 -698.56056  59.7%     -    0s
     0     0 -634.46603    0  241 -437.48329 -634.46603  45.0%     -    1s
     0     0 -574.14068    0  479 -437.48329 -574.14068  31.2%     -    2s
     0     0 -566.94663    0  543 -437.48329 -566.94663  29.6%     -    2s
     0     0 -565.64270    0  584 -437.48329 -565.64270  29.3%     -    2s
     0     0 -503.94452    0 1285 -437.48329 -503.94452  15.2%     -    7s
     0     0 -503.94452    0 1285 -437.48329 -503.94452  15.2%     -    7s
     0     2 -503.94452    0 1285 -437.48329 -503.94452  15.2%     -    8s
     3     8 -495.25059    2 1274 -437.48329 -501.74091  14.7%  1905   11s
    15    28 -487.06705    4 1242 -437.48329 -493.57938  12.8%  2209   16s
    39    52 -483.66639    5 1214 -437.48329 -490.04128  12.0%  2380   22s
    63    76 -481.35905    6 1196 -437.48329 -490.04128  12.0%  2197   25s
   102   116 -475.56115    8 1160 -437.48329 -490.04128  12.0%  1901   31s

Cutting planes:
  Gomory: 2
  MIR: 350
  Zero half: 58
  RLT: 465
  BQP: 575

Explored 122 nodes (226108 simplex iterations) in 31.52 seconds (19.21 work units)
Thread count was 12 (of 12 available processors)

Solution count 2: -437.483 0 

Time limit reached
Best objective -4.374832899307e+02, best bound -4.900412800556e+02, gap 12.0137%
[55 / 150; MWC23 ] ✓ done.
[56 / 150; MWC235 ]: using timeout 6.8 sec...
Set parameter TimeLimit to value 6.8248841762542725e+00
Gurobi Optimizer version 10.0.1 build v10.0.1rc0 (linux64)

CPU model: 12th Gen Intel(R) Core(TM) i5-1235U, instruction set [SSE2|AVX|AVX2]
Thread count: 12 physical cores, 12 logical processors, using up to 12 threads

Optimize a model with 0 rows, 5 columns and 0 nonzeros
Model fingerprint: 0x23821afa
Model has 3 quadratic objective terms
Variable types: 0 continuous, 5 integer (5 binary)
Coefficient statistics:
  Matrix range     [0e+00, 0e+00]
  Objective range  [2e+00, 1e+01]
  QObjective range [7e+00, 2e+01]
  Bounds range     [1e+00, 1e+00]
  RHS range        [0e+00, 0e+00]
Found heuristic solution: objective 0.0000000
Found heuristic solution: objective -0.0000000
Found heuristic solution: objective -13.0101922
Presolve removed 0 rows and 5 columns
Presolve time: 0.00s
Presolve: All rows and columns removed

Explored 0 nodes (0 simplex iterations) in 0.00 seconds (0.00 work units)
Thread count was 1 (of 12 available processors)

Solution count 3: -13.0102 -8.88178e-16 0 
No other solutions better than -13.0102

Optimal solution found (tolerance 1.00e-04)
Best objective -1.301019223787e+01, best bound -1.301019223787e+01, gap 0.0000%
[56 / 150; MWC235 ] ✓ done.
[57 / 150; MWC236 ]: using timeout 6.4 sec...
Set parameter TimeLimit to value 6.4452357292175293e+00
Gurobi Optimizer version 10.0.1 build v10.0.1rc0 (linux64)

CPU model: 12th Gen Intel(R) Core(TM) i5-1235U, instruction set [SSE2|AVX|AVX2]
Thread count: 12 physical cores, 12 logical processors, using up to 12 threads

Optimize a model with 0 rows, 5 columns and 0 nonzeros
Model fingerprint: 0x4507d3f9
Model has 6 quadratic objective terms
Variable types: 0 continuous, 5 integer (5 binary)
Coefficient statistics:
  Matrix range     [0e+00, 0e+00]
  Objective range  [2e+00, 1e+01]
  QObjective range [1e+00, 2e+01]
  Bounds range     [1e+00, 1e+00]
  RHS range        [0e+00, 0e+00]
Found heuristic solution: objective 0.0000000
Found heuristic solution: objective -0.0000000
Found heuristic solution: objective -12.6258884
Presolve removed 0 rows and 5 columns
Presolve time: 0.00s
Presolve: All rows and columns removed

Explored 0 nodes (0 simplex iterations) in 0.00 seconds (0.00 work units)
Thread count was 1 (of 12 available processors)

Solution count 4: -12.6259 -12.6259 -1.77636e-15 0 
No other solutions better than -12.6259

Optimal solution found (tolerance 1.00e-04)
Best objective -1.262588842221e+01, best bound -1.262588842221e+01, gap 0.0000%
[57 / 150; MWC236 ] ✓ done.
[58 / 150; MWC237 ]: using timeout 7.0 sec...
Set parameter TimeLimit to value 6.9614930152893066e+00
Gurobi Optimizer version 10.0.1 build v10.0.1rc0 (linux64)

CPU model: 12th Gen Intel(R) Core(TM) i5-1235U, instruction set [SSE2|AVX|AVX2]
Thread count: 12 physical cores, 12 logical processors, using up to 12 threads

Optimize a model with 0 rows, 5 columns and 0 nonzeros
Model fingerprint: 0xd1e570ab
Model has 9 quadratic objective terms
Variable types: 0 continuous, 5 integer (5 binary)
Coefficient statistics:
  Matrix range     [0e+00, 0e+00]
  Objective range  [1e+01, 2e+01]
  QObjective range [1e+01, 4e+01]
  Bounds range     [1e+00, 1e+00]
  RHS range        [0e+00, 0e+00]
Found heuristic solution: objective 0.0000000
Found heuristic solution: objective -34.0262971
Presolve time: 0.00s
Presolved: 5 rows, 10 columns, 15 nonzeros
Variable types: 0 continuous, 10 integer (10 binary)

Root relaxation: objective -3.474261e+01, 4 iterations, 0.00 seconds (0.00 work units)

    Nodes    |    Current Node    |     Objective Bounds      |     Work
 Expl Unexpl |  Obj  Depth IntInf | Incumbent    BestBd   Gap | It/Node Time

     0     0 infeasible    0       -34.02630  -34.02630  0.00%     -    0s

Explored 1 nodes (4 simplex iterations) in 0.00 seconds (0.00 work units)
Thread count was 12 (of 12 available processors)

Solution count 2: -34.0263 0 
No other solutions better than -34.0263

Optimal solution found (tolerance 1.00e-04)
Best objective -3.402629711825e+01, best bound -3.402629711825e+01, gap 0.0000%
[58 / 150; MWC237 ] ✓ done.
[59 / 150; MWC238 ]: using timeout 8.5 sec...
Set parameter TimeLimit to value 8.4787085056304932e+00
Gurobi Optimizer version 10.0.1 build v10.0.1rc0 (linux64)

CPU model: 12th Gen Intel(R) Core(TM) i5-1235U, instruction set [SSE2|AVX|AVX2]
Thread count: 12 physical cores, 12 logical processors, using up to 12 threads

Optimize a model with 0 rows, 15 columns and 0 nonzeros
Model fingerprint: 0x886f0300
Model has 38 quadratic objective terms
Variable types: 0 continuous, 15 integer (15 binary)
Coefficient statistics:
  Matrix range     [0e+00, 0e+00]
  Objective range  [1e+00, 4e+01]
  QObjective range [4e-02, 2e+01]
  Bounds range     [1e+00, 1e+00]
  RHS range        [0e+00, 0e+00]
Found heuristic solution: objective 0.0000000
Found heuristic solution: objective -0.0000000
Found heuristic solution: objective -84.3084249
Presolve removed 0 rows and 3 columns
Presolve time: 0.00s
Presolved: 20 rows, 32 columns, 60 nonzeros
Variable types: 0 continuous, 32 integer (32 binary)

Root relaxation: objective -8.937648e+01, 9 iterations, 0.00 seconds (0.00 work units)

    Nodes    |    Current Node    |     Objective Bounds      |     Work
 Expl Unexpl |  Obj  Depth IntInf | Incumbent    BestBd   Gap | It/Node Time

     0     0  -89.37648    0   11  -84.30842  -89.37648  6.01%     -    0s

Cutting planes:
  Clique: 12
  MIR: 3
  Zero half: 3
  RLT: 4
  BQP: 2

Explored 1 nodes (9 simplex iterations) in 0.01 seconds (0.00 work units)
Thread count was 12 (of 12 available processors)

Solution count 3: -84.3084 -7.01661e-14 0 
No other solutions better than -84.3084

Optimal solution found (tolerance 1.00e-04)
Best objective -8.430842485257e+01, best bound -8.430842485257e+01, gap 0.0000%
[59 / 150; MWC238 ] ✓ done.
[60 / 150; MWC239 ]: using timeout 6.6 sec...
Set parameter TimeLimit to value 6.5653445720672607e+00
Gurobi Optimizer version 10.0.1 build v10.0.1rc0 (linux64)

CPU model: 12th Gen Intel(R) Core(TM) i5-1235U, instruction set [SSE2|AVX|AVX2]
Thread count: 12 physical cores, 12 logical processors, using up to 12 threads

Optimize a model with 0 rows, 15 columns and 0 nonzeros
Model fingerprint: 0x1bc2b428
Model has 49 quadratic objective terms
Variable types: 0 continuous, 15 integer (15 binary)
Coefficient statistics:
  Matrix range     [0e+00, 0e+00]
  Objective range  [2e+00, 3e+01]
  QObjective range [2e-01, 2e+01]
  Bounds range     [1e+00, 1e+00]
  RHS range        [0e+00, 0e+00]
Found heuristic solution: objective 0.0000000
Found heuristic solution: objective -0.0000000
Found heuristic solution: objective -98.8369829
Presolve removed 0 rows and 4 columns
Presolve time: 0.00s
Presolved: 33 rows, 44 columns, 99 nonzeros
Variable types: 0 continuous, 44 integer (44 binary)

Root relaxation: objective -1.168940e+02, 13 iterations, 0.00 seconds (0.00 work units)

    Nodes    |    Current Node    |     Objective Bounds      |     Work
 Expl Unexpl |  Obj  Depth IntInf | Incumbent    BestBd   Gap | It/Node Time

     0     0 -116.89400    0   10  -98.83698 -116.89400  18.3%     -    0s

Cutting planes:
  MIR: 10
  Zero half: 9
  RLT: 5
  BQP: 8

Explored 1 nodes (13 simplex iterations) in 0.01 seconds (0.00 work units)
Thread count was 12 (of 12 available processors)

Solution count 3: -98.837 -4.61853e-14 0 
No other solutions better than -98.837

Optimal solution found (tolerance 1.00e-04)
Best objective -9.883698287741e+01, best bound -9.883698287741e+01, gap 0.0000%
[60 / 150; MWC239 ] ✓ done.
[61 / 150; MWC24 ]: using timeout 130.4 sec...
Set parameter TimeLimit to value 1.3037893629074108e+02
Gurobi Optimizer version 10.0.1 build v10.0.1rc0 (linux64)

CPU model: 12th Gen Intel(R) Core(TM) i5-1235U, instruction set [SSE2|AVX|AVX2]
Thread count: 12 physical cores, 12 logical processors, using up to 12 threads

Optimize a model with 0 rows, 75 columns and 0 nonzeros
Model fingerprint: 0xcf593ec5
Model has 2088 quadratic objective terms
Variable types: 0 continuous, 75 integer (75 binary)
Coefficient statistics:
  Matrix range     [0e+00, 0e+00]
  Objective range  [2e+02, 3e+02]
  QObjective range [1e-02, 4e+01]
  Bounds range     [1e+00, 1e+00]
  RHS range        [0e+00, 0e+00]
Found heuristic solution: objective 0.0000000
Found heuristic solution: objective -6113.047870
Presolve time: 0.19s
Presolved: 0 rows, 75 columns, 0 nonzeros
Presolved model has 2100 quadratic objective terms
Variable types: 0 continuous, 75 integer (75 binary)

Root relaxation: objective -6.346552e+03, 123 iterations, 0.00 seconds (0.00 work units)

    Nodes    |    Current Node    |     Objective Bounds      |     Work
 Expl Unexpl |  Obj  Depth IntInf | Incumbent    BestBd   Gap | It/Node Time

     0     0 -6346.5520    0   71 -6113.0479 -6346.5520  3.82%     -    0s
     0     0 -6346.5520    0   71 -6113.0479 -6346.5520  3.82%     -    0s
     0     2 -6346.5520    0   71 -6113.0479 -6346.5520  3.82%     -    0s
  9977  6842 -6302.5946   34   55 -6113.0479 -6302.5946  3.10%  12.6    5s
 31812 25028 -6302.5946   43   42 -6113.0479 -6302.5946  3.10%  12.8   10s
 55530 43465 -6302.5946   48   39 -6113.0479 -6302.5946  3.10%  12.8   19s
 58937 45555 -6302.5946   39   46 -6113.0479 -6302.5946  3.10%  13.0   20s
 72222 56035 -6302.5946   55   35 -6113.0479 -6302.5946  3.10%  13.9   25s
 87950 67700 -6302.5946   46   43 -6113.0479 -6302.5946  3.10%  14.6   30s
 102758 78873 -6302.5946   38   51 -6113.0479 -6302.5946  3.10%  15.2   35s
 105498 79761 -6302.5946   38   47 -6113.0479 -6302.5946  3.10%  15.2   42s
 110657 84377 -6302.5946   40   47 -6113.0479 -6302.5946  3.10%  15.4   45s
 123900 94785 -6302.5946   52   36 -6113.0479 -6302.5946  3.10%  15.7   50s
 137780 104837 -6302.5946   55   34 -6113.0479 -6302.5946  3.10%  15.9   55s
 150585 114329 -6302.5946   43   42 -6113.0479 -6302.5946  3.10%  16.1   60s
 167511 125976 -6302.5946   52   34 -6113.0479 -6302.5946  3.10%  16.2   65s
 177462 132504 -6302.5946   44   40 -6113.0479 -6302.5946  3.10%  16.3   72s
 186425 139922 -6302.5946   46   37 -6113.0479 -6302.5946  3.10%  16.3   75s
 203046 152155 -6302.5946   43   45 -6113.0479 -6302.5946  3.10%  16.4   80s
 219635 164495 -6302.5946   43   40 -6113.0479 -6302.5946  3.10%  16.5   85s
 235723 176927 -6302.5946   49   40 -6113.0479 -6302.5946  3.10%  16.6   90s
 250990 188015 -6302.5946   41   48 -6113.0479 -6302.5946  3.10%  16.6   95s
 265919 199035 -6302.5946   62   28 -6113.0479 -6302.5946  3.10%  16.7  100s
 283583 211292 -6302.5946   42   48 -6113.0479 -6302.5946  3.10%  16.6  105s
 300903 224458     cutoff   62      -6113.0479 -6302.5946  3.10%  16.6  110s
 315942 235282 -6302.5946   43   49 -6113.0479 -6302.5946  3.10%  16.7  115s
 332420 246337 -6302.5946   47   43 -6113.0479 -6302.5946  3.10%  16.7  120s
 347737 257780     cutoff   63      -6113.0479 -6302.5946  3.10%  16.7  125s
 363786 269416 -6302.5946   58   29 -6113.0479 -6302.5946  3.10%  16.7  130s

Cutting planes:
  Gomory: 65
  Implied bound: 54
  MIR: 245
  Flow cover: 211
  RLT: 81
  Relax-and-lift: 111

Explored 365411 nodes (6117992 simplex iterations) in 130.46 seconds (61.50 work units)
Thread count was 12 (of 12 available processors)

Solution count 3: -6113.05 -6113.05 0 

Time limit reached
Best objective -6.113047870291e+03, best bound -6.302594599937e+03, gap 3.1007%
[61 / 150; MWC24 ] ✓ done.
[62 / 150; MWC240 ]: using timeout 6.7 sec...
Set parameter TimeLimit to value 6.6843085289001465e+00
Gurobi Optimizer version 10.0.1 build v10.0.1rc0 (linux64)

CPU model: 12th Gen Intel(R) Core(TM) i5-1235U, instruction set [SSE2|AVX|AVX2]
Thread count: 12 physical cores, 12 logical processors, using up to 12 threads

Optimize a model with 0 rows, 15 columns and 0 nonzeros
Model fingerprint: 0x08cb1f19
Model has 78 quadratic objective terms
Variable types: 0 continuous, 15 integer (15 binary)
Coefficient statistics:
  Matrix range     [0e+00, 0e+00]
  Objective range  [2e+01, 5e+01]
  QObjective range [7e-02, 3e+01]
  Bounds range     [1e+00, 1e+00]
  RHS range        [0e+00, 0e+00]
Found heuristic solution: objective 0.0000000
Found heuristic solution: objective -173.8112099
Presolve time: 0.00s
Presolved: 66 rows, 81 columns, 198 nonzeros
Variable types: 0 continuous, 81 integer (81 binary)

Root relaxation: objective -2.290565e+02, 15 iterations, 0.00 seconds (0.00 work units)

    Nodes    |    Current Node    |     Objective Bounds      |     Work
 Expl Unexpl |  Obj  Depth IntInf | Incumbent    BestBd   Gap | It/Node Time

     0     0 -229.05654    0   14 -173.81121 -229.05654  31.8%     -    0s
     0     0 -173.81573    0   47 -173.81121 -173.81573  0.00%     -    0s

Cutting planes:
  Gomory: 1
  MIR: 39
  Zero half: 24
  RLT: 10
  BQP: 16

Explored 1 nodes (132 simplex iterations) in 0.02 seconds (0.00 work units)
Thread count was 12 (of 12 available processors)

Solution count 2: -173.811 0 

Optimal solution found (tolerance 1.00e-04)
Best objective -1.738112098550e+02, best bound -1.738157313029e+02, gap 0.0026%
[62 / 150; MWC240 ] ✓ done.
[63 / 150; MWC241 ]: using timeout 7.3 sec...
Set parameter TimeLimit to value 7.3442294597625732e+00
Gurobi Optimizer version 10.0.1 build v10.0.1rc0 (linux64)

CPU model: 12th Gen Intel(R) Core(TM) i5-1235U, instruction set [SSE2|AVX|AVX2]
Thread count: 12 physical cores, 12 logical processors, using up to 12 threads

Optimize a model with 0 rows, 25 columns and 0 nonzeros
Model fingerprint: 0x947897b3
Model has 77 quadratic objective terms
Variable types: 0 continuous, 25 integer (25 binary)
Coefficient statistics:
  Matrix range     [0e+00, 0e+00]
  Objective range  [1e+00, 6e+00]
  QObjective range [2e-02, 4e+00]
  Bounds range     [1e+00, 1e+00]
  RHS range        [0e+00, 0e+00]
Found heuristic solution: objective 0.0000000
Found heuristic solution: objective -0.0000000
Found heuristic solution: objective -33.9681912
Presolve removed 0 rows and 1 columns
Presolve time: 0.00s
Presolved: 66 rows, 90 columns, 198 nonzeros
Variable types: 0 continuous, 90 integer (90 binary)

Root relaxation: objective -3.882643e+01, 27 iterations, 0.00 seconds (0.00 work units)

    Nodes    |    Current Node    |     Objective Bounds      |     Work
 Expl Unexpl |  Obj  Depth IntInf | Incumbent    BestBd   Gap | It/Node Time

     0     0  -38.82643    0   23  -33.96819  -38.82643  14.3%     -    0s
     0     0  -34.29778    0   39  -33.96819  -34.29778  0.97%     -    0s
     0     0  -34.18653    0   38  -33.96819  -34.18653  0.64%     -    0s

Cutting planes:
  Gomory: 2
  MIR: 7
  Zero half: 18
  RLT: 8
  BQP: 5

Explored 1 nodes (94 simplex iterations) in 0.02 seconds (0.00 work units)
Thread count was 12 (of 12 available processors)

Solution count 3: -33.9682 -2.22045e-15 0 
No other solutions better than -33.9682

Optimal solution found (tolerance 1.00e-04)
Best objective -3.396819122011e+01, best bound -3.396819122011e+01, gap 0.0000%
[63 / 150; MWC241 ] ✓ done.
[64 / 150; MWC242 ]: using timeout 7.3 sec...
Set parameter TimeLimit to value 7.2771852016448975e+00
Gurobi Optimizer version 10.0.1 build v10.0.1rc0 (linux64)

CPU model: 12th Gen Intel(R) Core(TM) i5-1235U, instruction set [SSE2|AVX|AVX2]
Thread count: 12 physical cores, 12 logical processors, using up to 12 threads

Optimize a model with 0 rows, 25 columns and 0 nonzeros
Model fingerprint: 0x50de0230
Model has 161 quadratic objective terms
Variable types: 0 continuous, 25 integer (25 binary)
Coefficient statistics:
  Matrix range     [0e+00, 0e+00]
  Objective range  [8e+00, 2e+01]
  QObjective range [1e-02, 8e+00]
  Bounds range     [1e+00, 1e+00]
  RHS range        [0e+00, 0e+00]
Found heuristic solution: objective 0.0000000
Found heuristic solution: objective -0.0000000
Found heuristic solution: objective -121.2923171
Presolve time: 0.00s
Presolved: 146 rows, 171 columns, 438 nonzeros
Variable types: 0 continuous, 171 integer (171 binary)

Root relaxation: objective -1.611559e+02, 41 iterations, 0.00 seconds (0.00 work units)

    Nodes    |    Current Node    |     Objective Bounds      |     Work
 Expl Unexpl |  Obj  Depth IntInf | Incumbent    BestBd   Gap | It/Node Time

     0     0 -161.15588    0   24 -121.29232 -161.15588  32.9%     -    0s
     0     0 -129.63900    0   70 -121.29232 -129.63900  6.88%     -    0s
     0     0 -129.43023    0   70 -121.29232 -129.43023  6.71%     -    0s
     0     0 -122.36815    0   81 -121.29232 -122.36815  0.89%     -    0s

Cutting planes:
  MIR: 46
  Zero half: 19
  RLT: 33
  BQP: 33

Explored 1 nodes (380 simplex iterations) in 0.09 seconds (0.03 work units)
Thread count was 12 (of 12 available processors)

Solution count 2: -121.292 -1.71863e-13 
No other solutions better than -121.292

Optimal solution found (tolerance 1.00e-04)
Best objective -1.212923170863e+02, best bound -1.212923170863e+02, gap 0.0000%
[64 / 150; MWC242 ] ✓ done.
[65 / 150; MWC243 ]: using timeout 7.1 sec...
Set parameter TimeLimit to value 7.1083848476409912e+00
Gurobi Optimizer version 10.0.1 build v10.0.1rc0 (linux64)

CPU model: 12th Gen Intel(R) Core(TM) i5-1235U, instruction set [SSE2|AVX|AVX2]
Thread count: 12 physical cores, 12 logical processors, using up to 12 threads

Optimize a model with 0 rows, 25 columns and 0 nonzeros
Model fingerprint: 0xba16db43
Model has 234 quadratic objective terms
Variable types: 0 continuous, 25 integer (25 binary)
Coefficient statistics:
  Matrix range     [0e+00, 0e+00]
  Objective range  [6e+01, 1e+02]
  QObjective range [7e-02, 4e+01]
  Bounds range     [1e+00, 1e+00]
  RHS range        [0e+00, 0e+00]
Found heuristic solution: objective 0.0000000
Found heuristic solution: objective -650.5565496
Presolve time: 0.00s
Presolved: 211 rows, 236 columns, 633 nonzeros
Variable types: 0 continuous, 236 integer (236 binary)

Root relaxation: objective -9.737617e+02, 41 iterations, 0.00 seconds (0.00 work units)

    Nodes    |    Current Node    |     Objective Bounds      |     Work
 Expl Unexpl |  Obj  Depth IntInf | Incumbent    BestBd   Gap | It/Node Time

     0     0 -973.76175    0   24 -650.55655 -973.76175  49.7%     -    0s
     0     0 -783.62843    0   98 -650.55655 -783.62843  20.5%     -    0s
     0     0 -782.88769    0  101 -650.55655 -782.88769  20.3%     -    0s
     0     0 -701.85588    0  225 -650.55655 -701.85588  7.89%     -    0s
     0     2 -701.85588    0  225 -650.55655 -701.85588  7.89%     -    0s

Cutting planes:
  Gomory: 3
  MIR: 65
  Zero half: 10
  RLT: 64
  BQP: 20

Explored 220 nodes (9462 simplex iterations) in 0.39 seconds (0.17 work units)
Thread count was 12 (of 12 available processors)

Solution count 2: -650.557 0 
No other solutions better than -650.557

Optimal solution found (tolerance 1.00e-04)
Best objective -6.505565496101e+02, best bound -6.505565496101e+02, gap 0.0000%
[65 / 150; MWC243 ] ✓ done.
[66 / 150; MWC244 ]: using timeout 7.8 sec...
Set parameter TimeLimit to value 7.7585270404815683e+00
Gurobi Optimizer version 10.0.1 build v10.0.1rc0 (linux64)

CPU model: 12th Gen Intel(R) Core(TM) i5-1235U, instruction set [SSE2|AVX|AVX2]
Thread count: 12 physical cores, 12 logical processors, using up to 12 threads

Optimize a model with 0 rows, 35 columns and 0 nonzeros
Model fingerprint: 0xd16ae3ef
Model has 150 quadratic objective terms
Variable types: 0 continuous, 35 integer (35 binary)
Coefficient statistics:
  Matrix range     [0e+00, 0e+00]
  Objective range  [3e+00, 2e+01]
  QObjective range [5e-02, 8e+00]
  Bounds range     [1e+00, 1e+00]
  RHS range        [0e+00, 0e+00]
Found heuristic solution: objective 0.0000000
Found heuristic solution: objective -109.0834948
Presolve removed 0 rows and 2 columns
Presolve time: 0.03s
Presolved: 132 rows, 165 columns, 396 nonzeros
Variable types: 0 continuous, 165 integer (165 binary)

Root relaxation: objective -1.334030e+02, 37 iterations, 0.00 seconds (0.00 work units)

    Nodes    |    Current Node    |     Objective Bounds      |     Work
 Expl Unexpl |  Obj  Depth IntInf | Incumbent    BestBd   Gap | It/Node Time

     0     0 -133.40299    0   32 -109.08349 -133.40299  22.3%     -    0s
     0     0 -116.41819    0   66 -109.08349 -116.41819  6.72%     -    0s
     0     0 -116.06241    0   66 -109.08349 -116.06241  6.40%     -    0s
     0     0 -112.98112    0   81 -109.08349 -112.98112  3.57%     -    0s
     0     0 -112.98112    0   81 -109.08349 -112.98112  3.57%     -    0s
     0     2 -112.98112    0   81 -109.08349 -112.98112  3.57%     -    0s

Cutting planes:
  Gomory: 3
  MIR: 19
  Zero half: 25
  RLT: 16
  BQP: 18

Explored 6 nodes (332 simplex iterations) in 0.15 seconds (0.04 work units)
Thread count was 12 (of 12 available processors)

Solution count 2: -109.083 0 
No other solutions better than -109.083

Optimal solution found (tolerance 1.00e-04)
Best objective -1.090834948441e+02, best bound -1.090834948441e+02, gap 0.0000%
[66 / 150; MWC244 ] ✓ done.
[67 / 150; MWC245 ]: using timeout 8.2 sec...
Set parameter TimeLimit to value 8.21085357666016
Gurobi Optimizer version 10.0.1 build v10.0.1rc0 (linux64)

CPU model: 12th Gen Intel(R) Core(TM) i5-1235U, instruction set [SSE2|AVX|AVX2]
Thread count: 12 physical cores, 12 logical processors, using up to 12 threads

Optimize a model with 0 rows, 35 columns and 0 nonzeros
Model fingerprint: 0x9df04e76
Model has 267 quadratic objective terms
Variable types: 0 continuous, 35 integer (35 binary)
Coefficient statistics:
  Matrix range     [0e+00, 0e+00]
  Objective range  [2e+01, 5e+01]
  QObjective range [1e-01, 2e+01]
  Bounds range     [1e+00, 1e+00]
  RHS range        [0e+00, 0e+00]
Found heuristic solution: objective 0.0000000
Found heuristic solution: objective -0.0000000
Found heuristic solution: objective -376.2969412
Presolve time: 0.04s
Presolved: 247 rows, 282 columns, 741 nonzeros
Variable types: 0 continuous, 282 integer (282 binary)

Root relaxation: objective -5.324515e+02, 57 iterations, 0.00 seconds (0.00 work units)

    Nodes    |    Current Node    |     Objective Bounds      |     Work
 Expl Unexpl |  Obj  Depth IntInf | Incumbent    BestBd   Gap | It/Node Time

     0     0 -532.45149    0   34 -376.29694 -532.45149  41.5%     -    0s
     0     0 -422.53512    0  116 -376.29694 -422.53512  12.3%     -    0s
     0     0 -418.65713    0  174 -376.29694 -418.65713  11.3%     -    0s
     0     0 -392.71156    0  231 -376.29694 -392.71156  4.36%     -    0s
     0     0 -392.71156    0  231 -376.29694 -392.71156  4.36%     -    0s
     0     2 -392.71156    0  231 -376.29694 -392.71156  4.36%     -    0s

Cutting planes:
  MIR: 62
  Zero half: 13
  RLT: 52
  BQP: 57

Explored 90 nodes (4763 simplex iterations) in 0.33 seconds (0.14 work units)
Thread count was 12 (of 12 available processors)

Solution count 2: -376.297 -1.32339e-13 
No other solutions better than -376.297

Optimal solution found (tolerance 1.00e-04)
Best objective -3.762969412475e+02, best bound -3.762969412475e+02, gap 0.0000%
[67 / 150; MWC245 ] ✓ done.
[68 / 150; MWC246 ]: using timeout 8.8 sec...
Set parameter TimeLimit to value 8.8256022930145264e+00
Gurobi Optimizer version 10.0.1 build v10.0.1rc0 (linux64)

CPU model: 12th Gen Intel(R) Core(TM) i5-1235U, instruction set [SSE2|AVX|AVX2]
Thread count: 12 physical cores, 12 logical processors, using up to 12 threads

Optimize a model with 0 rows, 35 columns and 0 nonzeros
Model fingerprint: 0x507101d2
Model has 446 quadratic objective terms
Variable types: 0 continuous, 35 integer (35 binary)
Coefficient statistics:
  Matrix range     [0e+00, 0e+00]
  Objective range  [9e+00, 2e+01]
  QObjective range [1e-02, 4e+00]
  Bounds range     [1e+00, 1e+00]
  RHS range        [0e+00, 0e+00]
Found heuristic solution: objective 0.0000000
Found heuristic solution: objective -0.0000000
Found heuristic solution: objective -138.5920704
Found heuristic solution: objective -139.4397971
Presolve time: 0.01s
Presolved: 416 rows, 451 columns, 1248 nonzeros
Variable types: 0 continuous, 451 integer (451 binary)

Root relaxation: objective -2.165677e+02, 59 iterations, 0.00 seconds (0.00 work units)

    Nodes    |    Current Node    |     Objective Bounds      |     Work
 Expl Unexpl |  Obj  Depth IntInf | Incumbent    BestBd   Gap | It/Node Time

     0     0 -216.56773    0   34 -139.43980 -216.56773  55.3%     -    0s
     0     0 -176.46374    0  170 -139.43980 -176.46374  26.6%     -    0s
     0     0 -174.54515    0  171 -139.43980 -174.54515  25.2%     -    0s
     0     0 -152.15111    0  435 -139.43980 -152.15111  9.12%     -    1s
     0     2 -152.15111    0  435 -139.43980 -152.15111  9.12%     -    1s
  1089    65     cutoff    9      -139.43980 -142.06625  1.88%   122    5s

Cutting planes:
  Gomory: 6
  MIR: 237
  Zero half: 31
  RLT: 155
  BQP: 78

Explored 1234 nodes (147438 simplex iterations) in 5.28 seconds (2.62 work units)
Thread count was 12 (of 12 available processors)

Solution count 3: -139.44 -138.592 -1.84741e-13 
No other solutions better than -139.44

Optimal solution found (tolerance 1.00e-04)
Best objective -1.394397970874e+02, best bound -1.394397970874e+02, gap 0.0000%
[68 / 150; MWC246 ] ✓ done.
[69 / 150; MWC247 ]: using timeout 8.8 sec...
Set parameter TimeLimit to value 8.77481365203857
Gurobi Optimizer version 10.0.1 build v10.0.1rc0 (linux64)

CPU model: 12th Gen Intel(R) Core(TM) i5-1235U, instruction set [SSE2|AVX|AVX2]
Thread count: 12 physical cores, 12 logical processors, using up to 12 threads

Optimize a model with 0 rows, 45 columns and 0 nonzeros
Model fingerprint: 0x576abd4d
Model has 260 quadratic objective terms
Variable types: 0 continuous, 45 integer (45 binary)
Coefficient statistics:
  Matrix range     [0e+00, 0e+00]
  Objective range  [2e+01, 8e+01]
  QObjective range [2e-01, 4e+01]
  Bounds range     [1e+00, 1e+00]
  RHS range        [0e+00, 0e+00]
Found heuristic solution: objective 0.0000000
Found heuristic solution: objective -807.5326986
Presolve time: 0.04s
Presolved: 242 rows, 287 columns, 726 nonzeros
Variable types: 0 continuous, 287 integer (287 binary)

Root relaxation: objective -1.076775e+03, 62 iterations, 0.00 seconds (0.00 work units)

    Nodes    |    Current Node    |     Objective Bounds      |     Work
 Expl Unexpl |  Obj  Depth IntInf | Incumbent    BestBd   Gap | It/Node Time

     0     0 -1076.7751    0   44 -807.53270 -1076.7751  33.3%     -    0s
     0     0 -887.85125    0  126 -807.53270 -887.85125  9.95%     -    0s
     0     0 -885.25931    0  117 -807.53270 -885.25931  9.63%     -    0s
     0     0 -860.69126    0  155 -807.53270 -860.69126  6.58%     -    0s
     0     0 -860.69126    0  155 -807.53270 -860.69126  6.58%     -    0s
     0     2 -860.69126    0  155 -807.53270 -860.69126  6.58%     -    0s

Cutting planes:
  Gomory: 6
  MIR: 35
  Zero half: 26
  RLT: 38
  BQP: 47

Explored 85 nodes (3790 simplex iterations) in 0.24 seconds (0.08 work units)
Thread count was 12 (of 12 available processors)

Solution count 2: -807.533 0 
No other solutions better than -807.533

Optimal solution found (tolerance 1.00e-04)
Best objective -8.075326985733e+02, best bound -8.075326985733e+02, gap 0.0000%
[69 / 150; MWC247 ] ✓ done.
[70 / 150; MWC248 ]: using timeout 9.7 sec...
Set parameter TimeLimit to value 9.7101786136627233e+00
Gurobi Optimizer version 10.0.1 build v10.0.1rc0 (linux64)

CPU model: 12th Gen Intel(R) Core(TM) i5-1235U, instruction set [SSE2|AVX|AVX2]
Thread count: 12 physical cores, 12 logical processors, using up to 12 threads

Optimize a model with 0 rows, 45 columns and 0 nonzeros
Model fingerprint: 0x9a628bea
Model has 522 quadratic objective terms
Variable types: 0 continuous, 45 integer (45 binary)
Coefficient statistics:
  Matrix range     [0e+00, 0e+00]
  Objective range  [5e+01, 1e+02]
  QObjective range [1e-02, 3e+01]
  Bounds range     [1e+00, 1e+00]
  RHS range        [0e+00, 0e+00]
Found heuristic solution: objective 0.0000000
Found heuristic solution: objective -1234.457457
Presolve time: 0.09s
Presolved: 491 rows, 536 columns, 1473 nonzeros
Variable types: 0 continuous, 536 integer (536 binary)

Root relaxation: objective -1.841759e+03, 75 iterations, 0.00 seconds (0.00 work units)

    Nodes    |    Current Node    |     Objective Bounds      |     Work
 Expl Unexpl |  Obj  Depth IntInf | Incumbent    BestBd   Gap | It/Node Time

     0     0 -1841.7588    0   44 -1234.4575 -1841.7588  49.2%     -    0s
     0     0 -1469.8077    0  221 -1234.4575 -1469.8077  19.1%     -    0s
     0     0 -1465.3999    0  223 -1234.4575 -1465.3999  18.7%     -    0s
     0     0 -1321.9527    0  499 -1234.4575 -1321.9527  7.09%     -    0s
     0     0 -1321.9527    0  499 -1234.4575 -1321.9527  7.09%     -    0s
     0     2 -1321.9527    0  499 -1234.4575 -1321.9527  7.09%     -    1s

Cutting planes:
  Gomory: 5
  MIR: 194
  Zero half: 42
  RLT: 143
  BQP: 156

Explored 480 nodes (79209 simplex iterations) in 4.54 seconds (2.52 work units)
Thread count was 12 (of 12 available processors)

Solution count 2: -1234.46 0 
No other solutions better than -1234.46

Optimal solution found (tolerance 1.00e-04)
Best objective -1.234457457466e+03, best bound -1.234457457466e+03, gap 0.0000%
[70 / 150; MWC248 ] ✓ done.
[71 / 150; MWC249 ]: using timeout 17.6 sec...
Set parameter TimeLimit to value 1.7629200220107997e+01
Gurobi Optimizer version 10.0.1 build v10.0.1rc0 (linux64)

CPU model: 12th Gen Intel(R) Core(TM) i5-1235U, instruction set [SSE2|AVX|AVX2]
Thread count: 12 physical cores, 12 logical processors, using up to 12 threads

Optimize a model with 0 rows, 45 columns and 0 nonzeros
Model fingerprint: 0x579e5b6e
Model has 748 quadratic objective terms
Variable types: 0 continuous, 45 integer (45 binary)
Coefficient statistics:
  Matrix range     [0e+00, 0e+00]
  Objective range  [1e+02, 2e+02]
  QObjective range [8e-02, 4e+01]
  Bounds range     [1e+00, 1e+00]
  RHS range        [0e+00, 0e+00]
Found heuristic solution: objective 0.0000000
Found heuristic solution: objective -2184.858122
Presolve time: 0.07s
Presolved: 716 rows, 761 columns, 2148 nonzeros
Variable types: 0 continuous, 761 integer (761 binary)

Root relaxation: objective -3.506004e+03, 124 iterations, 0.00 seconds (0.00 work units)

    Nodes    |    Current Node    |     Objective Bounds      |     Work
 Expl Unexpl |  Obj  Depth IntInf | Incumbent    BestBd   Gap | It/Node Time

     0     0 -3506.0044    0   44 -2184.8581 -3506.0044  60.5%     -    0s
     0     0 -2856.7907    0  246 -2184.8581 -2856.7907  30.8%     -    0s
     0     0 -2826.0509    0  265 -2184.8581 -2826.0509  29.3%     -    0s
     0     0 -2519.2033    0  697 -2184.8581 -2519.2033  15.3%     -    1s
     0     0 -2519.2033    0  697 -2184.8581 -2519.2033  15.3%     -    1s
     0     2 -2519.2033    0  697 -2184.8581 -2519.2033  15.3%     -    2s
    76    89 -2358.3739    7  563 -2184.8581 -2446.3784  12.0%   741    5s
   430   312 -2191.4113   19  378 -2184.8581 -2446.3784  12.0%   403   10s
   926   644 -2189.0624   15  317 -2184.8581 -2418.7391  10.7%   323   15s

Cutting planes:
  MIR: 281
  Zero half: 26
  RLT: 273
  BQP: 262

Explored 1375 nodes (389353 simplex iterations) in 17.63 seconds (10.75 work units)
Thread count was 12 (of 12 available processors)

Solution count 2: -2184.86 0 

Time limit reached
Best objective -2.184858121742e+03, best bound -2.418739066838e+03, gap 10.7046%
[71 / 150; MWC249 ] ✓ done.
[72 / 150; MWC25 ]: using timeout 25.3 sec...
Set parameter TimeLimit to value 2.5283223628997852e+01
Gurobi Optimizer version 10.0.1 build v10.0.1rc0 (linux64)

CPU model: 12th Gen Intel(R) Core(TM) i5-1235U, instruction set [SSE2|AVX|AVX2]
Thread count: 12 physical cores, 12 logical processors, using up to 12 threads

Optimize a model with 0 rows, 85 columns and 0 nonzeros
Model fingerprint: 0xe01e0f54
Model has 936 quadratic objective terms
Variable types: 0 continuous, 85 integer (85 binary)
Coefficient statistics:
  Matrix range     [0e+00, 0e+00]
  Objective range  [3e+01, 8e+01]
  QObjective range [5e-03, 2e+01]
  Bounds range     [1e+00, 1e+00]
  RHS range        [0e+00, 0e+00]
Found heuristic solution: objective 0.0000000
Found heuristic solution: objective -0.0000000
Found heuristic solution: objective -1574.746017
Presolve time: 0.20s
Presolved: 910 rows, 995 columns, 2730 nonzeros
Variable types: 0 continuous, 995 integer (995 binary)

Root relaxation: objective -2.295672e+03, 140 iterations, 0.01 seconds (0.00 work units)

    Nodes    |    Current Node    |     Objective Bounds      |     Work
 Expl Unexpl |  Obj  Depth IntInf | Incumbent    BestBd   Gap | It/Node Time

     0     0 -2295.6724    0   84 -1574.7460 -2295.6724  45.8%     -    0s
     0     0 -1780.2785    0  412 -1574.7460 -1780.2785  13.1%     -    0s
     0     0 -1780.2785    0  393 -1574.7460 -1780.2785  13.1%     -    1s
     0     0 -1698.8258    0  528 -1574.7460 -1698.8258  7.88%     -    1s
     0     0 -1698.8258    0  528 -1574.7460 -1698.8258  7.88%     -    1s
     0     2 -1698.8258    0  528 -1574.7460 -1698.8258  7.88%     -    1s
   148   141 -1609.7855    9  591 -1574.7460 -1657.7920  5.27%   399    5s
   531   333 -1606.5715    8  644 -1574.7460 -1644.7950  4.45%   260   10s
  1117   493 -1594.9201   11  596 -1574.7460 -1627.4070  3.34%   219   15s
  1671   593 -1606.7891    8  515 -1574.7460 -1616.5509  2.65%   213   20s
  2211   682 -1590.1754    8  720 -1574.7460 -1612.7706  2.41%   210   25s

Cutting planes:
  Gomory: 8
  MIR: 148
  Zero half: 113
  RLT: 201
  BQP: 485

Explored 2344 nodes (490447 simplex iterations) in 25.33 seconds (14.34 work units)
Thread count was 12 (of 12 available processors)

Solution count 2: -1574.75 -1.81899e-12 

Time limit reached
Best objective -1.574746017363e+03, best bound -1.612770639845e+03, gap 2.4147%
[72 / 150; MWC25 ] ✓ done.
[73 / 150; MWC250 ]: using timeout 8.8 sec...
Set parameter TimeLimit to value 8.7808194160461390e+00
Gurobi Optimizer version 10.0.1 build v10.0.1rc0 (linux64)

CPU model: 12th Gen Intel(R) Core(TM) i5-1235U, instruction set [SSE2|AVX|AVX2]
Thread count: 12 physical cores, 12 logical processors, using up to 12 threads

Optimize a model with 0 rows, 55 columns and 0 nonzeros
Model fingerprint: 0x62bfd80e
Model has 369 quadratic objective terms
Variable types: 0 continuous, 55 integer (55 binary)
Coefficient statistics:
  Matrix range     [0e+00, 0e+00]
  Objective range  [2e+01, 6e+01]
  QObjective range [8e-05, 2e+01]
  Bounds range     [1e+00, 1e+00]
  RHS range        [0e+00, 0e+00]
Found heuristic solution: objective 0.0000000
Found heuristic solution: objective -788.9611372
Found heuristic solution: objective -789.3341753
Presolve time: 0.08s
Presolved: 352 rows, 407 columns, 1056 nonzeros
Variable types: 0 continuous, 407 integer (407 binary)

Root relaxation: objective -1.089528e+03, 65 iterations, 0.00 seconds (0.00 work units)

    Nodes    |    Current Node    |     Objective Bounds      |     Work
 Expl Unexpl |  Obj  Depth IntInf | Incumbent    BestBd   Gap | It/Node Time

     0     0 -1089.5282    0   54 -789.33418 -1089.5282  38.0%     -    0s
     0     0 -858.82506    0  170 -789.33418 -858.82506  8.80%     -    0s
     0     0 -837.43365    0  192 -789.33418 -837.43365  6.09%     -    0s
     0     0 -837.43365    0  192 -789.33418 -837.43365  6.09%     -    0s
     0     2 -837.43365    0  192 -789.33418 -837.43365  6.09%     -    0s

Cutting planes:
  Gomory: 8
  MIR: 62
  Zero half: 41
  RLT: 48
  BQP: 89

Explored 157 nodes (9865 simplex iterations) in 0.64 seconds (0.21 work units)
Thread count was 12 (of 12 available processors)

Solution count 3: -789.334 -788.961 0 
No other solutions better than -789.334

Optimal solution found (tolerance 1.00e-04)
Best objective -7.893341752809e+02, best bound -7.893341752809e+02, gap 0.0000%
[73 / 150; MWC250 ] ✓ done.
[74 / 150; MWC251 ]: using timeout 14.1 sec...
Set parameter TimeLimit to value 1.4103742837905887e+01
Gurobi Optimizer version 10.0.1 build v10.0.1rc0 (linux64)

CPU model: 12th Gen Intel(R) Core(TM) i5-1235U, instruction set [SSE2|AVX|AVX2]
Thread count: 12 physical cores, 12 logical processors, using up to 12 threads

Optimize a model with 0 rows, 55 columns and 0 nonzeros
Model fingerprint: 0xf3f86cfe
Model has 758 quadratic objective terms
Variable types: 0 continuous, 55 integer (55 binary)
Coefficient statistics:
  Matrix range     [0e+00, 0e+00]
  Objective range  [9e+01, 2e+02]
  QObjective range [2e-02, 4e+01]
  Bounds range     [1e+00, 1e+00]
  RHS range        [0e+00, 0e+00]
Found heuristic solution: objective 0.0000000
Found heuristic solution: objective -0.0000000
Found heuristic solution: objective -2376.721831
Found heuristic solution: objective -2378.021343
Presolve time: 0.11s
Presolved: 723 rows, 778 columns, 2169 nonzeros
Variable types: 0 continuous, 778 integer (778 binary)

Root relaxation: objective -3.701281e+03, 115 iterations, 0.00 seconds (0.00 work units)

    Nodes    |    Current Node    |     Objective Bounds      |     Work
 Expl Unexpl |  Obj  Depth IntInf | Incumbent    BestBd   Gap | It/Node Time

     0     0 -3701.2806    0   54 -2378.0213 -3701.2806  55.6%     -    0s
     0     0 -2961.1893    0  394 -2378.0213 -2961.1893  24.5%     -    0s
     0     0 -2928.4542    0  413 -2378.0213 -2928.4542  23.1%     -    1s
     0     0 -2626.5113    0  734 -2378.0213 -2626.5113  10.4%     -    2s
     0     0 -2626.5113    0  734 -2378.0213 -2626.5113  10.4%     -    2s
     0     2 -2626.5113    0  734 -2378.0213 -2626.5113  10.4%     -    2s
    27    40 -2501.5081    5  625 -2378.0213 -2559.9141  7.65%  1119    5s
   252   212 -2404.2489   12  491 -2378.0213 -2559.9141  7.65%   526   10s

Cutting planes:
  Gomory: 8
  MIR: 289
  Zero half: 43
  RLT: 211
  BQP: 310

Explored 665 nodes (249995 simplex iterations) in 14.11 seconds (8.37 work units)
Thread count was 12 (of 12 available processors)

Solution count 3: -2378.02 -2376.72 -4.76019e-12 

Time limit reached
Best objective -2.378021342716e+03, best bound -2.524267797405e+03, gap 6.1499%
[74 / 150; MWC251 ] ✓ done.
[75 / 150; MWC252 ]: using timeout 11.0 sec...
Set parameter TimeLimit to value 1.1046254158020020e+01
Gurobi Optimizer version 10.0.1 build v10.0.1rc0 (linux64)

CPU model: 12th Gen Intel(R) Core(TM) i5-1235U, instruction set [SSE2|AVX|AVX2]
Thread count: 12 physical cores, 12 logical processors, using up to 12 threads

Optimize a model with 0 rows, 55 columns and 0 nonzeros
Model fingerprint: 0xf05566ed
Model has 1103 quadratic objective terms
Variable types: 0 continuous, 55 integer (55 binary)
Coefficient statistics:
  Matrix range     [0e+00, 0e+00]
  Objective range  [1e+01, 3e+01]
  QObjective range [1e-02, 4e+00]
  Bounds range     [1e+00, 1e+00]
  RHS range        [0e+00, 0e+00]
Found heuristic solution: objective 0.0000000
Found heuristic solution: objective -0.0000000
Found heuristic solution: objective -322.3736865
Presolve time: 0.16s
Presolved: 1059 rows, 1114 columns, 3177 nonzeros
Variable types: 0 continuous, 1114 integer (1114 binary)

Root relaxation: objective -5.268507e+02, 167 iterations, 0.01 seconds (0.01 work units)

    Nodes    |    Current Node    |     Objective Bounds      |     Work
 Expl Unexpl |  Obj  Depth IntInf | Incumbent    BestBd   Gap | It/Node Time

     0     0 -526.85068    0   54 -322.37369 -526.85068  63.4%     -    0s
     0     0 -439.36822    0  350 -322.37369 -439.36822  36.3%     -    1s
     0     0 -432.14281    0  406 -322.37369 -432.14281  34.1%     -    1s
     0     0 -432.03826    0  399 -322.37369 -432.03826  34.0%     -    1s
     0     0 -384.25722    0  840 -322.37369 -384.25722  19.2%     -    2s
     0     0 -384.25722    0  840 -322.37369 -384.25722  19.2%     -    2s
     0     2 -384.25722    0  840 -322.37369 -384.25722  19.2%     -    3s
     7    16 -375.73835    3  923 -322.37369 -382.34859  18.6%  1445    5s
    63    76 -363.59820    6  872 -322.37369 -376.76532  16.9%  1144   10s

Cutting planes:
  Gomory: 3
  MIR: 243
  Zero half: 54
  RLT: 275
  BQP: 393

Explored 101 nodes (103644 simplex iterations) in 11.05 seconds (7.73 work units)
Thread count was 12 (of 12 available processors)

Solution count 2: -322.374 -7.47624e-13 

Time limit reached
Best objective -3.223736865422e+02, best bound -3.767653157332e+02, gap 16.8722%
[75 / 150; MWC252 ] ✓ done.
[76 / 150; MWC253 ]: using timeout 18.9 sec...
Set parameter TimeLimit to value 1.8887715339660645e+01
Gurobi Optimizer version 10.0.1 build v10.0.1rc0 (linux64)

CPU model: 12th Gen Intel(R) Core(TM) i5-1235U, instruction set [SSE2|AVX|AVX2]
Thread count: 12 physical cores, 12 logical processors, using up to 12 threads

Optimize a model with 0 rows, 65 columns and 0 nonzeros
Model fingerprint: 0x584853fd
Model has 497 quadratic objective terms
Variable types: 0 continuous, 65 integer (65 binary)
Coefficient statistics:
  Matrix range     [0e+00, 0e+00]
  Objective range  [3e+01, 1e+02]
  QObjective range [7e-02, 4e+01]
  Bounds range     [1e+00, 1e+00]
  RHS range        [0e+00, 0e+00]
Found heuristic solution: objective 0.0000000
Found heuristic solution: objective -1666.548290
Presolve time: 0.17s
Presolved: 475 rows, 540 columns, 1425 nonzeros
Variable types: 0 continuous, 540 integer (540 binary)

Root relaxation: objective -2.328045e+03, 107 iterations, 0.00 seconds (0.00 work units)

    Nodes    |    Current Node    |     Objective Bounds      |     Work
 Expl Unexpl |  Obj  Depth IntInf | Incumbent    BestBd   Gap | It/Node Time

     0     0 -2328.0450    0   64 -1666.5483 -2328.0450  39.7%     -    0s
     0     0 -1839.6301    0  220 -1666.5483 -1839.6301  10.4%     -    0s
     0     0 -1801.4905    0  273 -1666.5483 -1801.4905  8.10%     -    0s
     0     0 -1801.4905    0  273 -1666.5483 -1801.4905  8.10%     -    0s
     0     2 -1801.4905    0  273 -1666.5483 -1801.4905  8.10%     -    0s
*  228   121              13    -1667.233153 -1755.5886  5.30%  91.2    1s

Cutting planes:
  Gomory: 37
  MIR: 77
  Zero half: 77
  RLT: 74
  BQP: 160

Explored 1061 nodes (67903 simplex iterations) in 2.10 seconds (1.01 work units)
Thread count was 12 (of 12 available processors)

Solution count 3: -1667.23 -1666.55 0 
No other solutions better than -1667.23

Optimal solution found (tolerance 1.00e-04)
Best objective -1.667233153120e+03, best bound -1.667233153120e+03, gap 0.0000%
[76 / 150; MWC253 ] ✓ done.
[77 / 150; MWC254 ]: using timeout 18.5 sec...
Set parameter TimeLimit to value 1.8534068346023560e+01
Gurobi Optimizer version 10.0.1 build v10.0.1rc0 (linux64)

CPU model: 12th Gen Intel(R) Core(TM) i5-1235U, instruction set [SSE2|AVX|AVX2]
Thread count: 12 physical cores, 12 logical processors, using up to 12 threads

Optimize a model with 0 rows, 65 columns and 0 nonzeros
Model fingerprint: 0x54e4f89b
Model has 1039 quadratic objective terms
Variable types: 0 continuous, 65 integer (65 binary)
Coefficient statistics:
  Matrix range     [0e+00, 0e+00]
  Objective range  [7e+01, 2e+02]
  QObjective range [2e-02, 3e+01]
  Bounds range     [1e+00, 1e+00]
  RHS range        [0e+00, 0e+00]
Found heuristic solution: objective 0.0000000
Found heuristic solution: objective -0.0000000
Found heuristic solution: objective -2175.008993
Presolve time: 0.19s
Presolved: 996 rows, 1061 columns, 2988 nonzeros
Variable types: 0 continuous, 1061 integer (1061 binary)

Root relaxation: objective -3.408453e+03, 150 iterations, 0.00 seconds (0.00 work units)

    Nodes    |    Current Node    |     Objective Bounds      |     Work
 Expl Unexpl |  Obj  Depth IntInf | Incumbent    BestBd   Gap | It/Node Time

     0     0 -3408.4527    0   64 -2175.0090 -3408.4527  56.7%     -    0s
     0     0 -3017.4735    0  215 -2175.0090 -3017.4735  38.7%     -    0s
     0     0 -2761.3029    0  364 -2175.0090 -2761.3029  27.0%     -    1s
     0     0 -2717.2181    0  476 -2175.0090 -2717.2181  24.9%     -    1s
     0     0 -2711.0104    0  486 -2175.0090 -2711.0104  24.6%     -    1s
     0     0 -2435.9859    0 1002 -2175.0090 -2435.9859  12.0%     -    4s
     0     0 -2435.9859    0 1002 -2175.0090 -2435.9859  12.0%     -    4s
     0     2 -2435.9859    0 1002 -2175.0090 -2435.9859  12.0%     -    5s
    27    40 -2322.5067    5  886 -2175.0090 -2369.7727  8.95%  1714   10s
    87   101 -2294.1563    7  843 -2175.0090 -2366.6930  8.81%  1246   15s

Cutting planes:
  MIR: 379
  Zero half: 47
  RLT: 343
  BQP: 405

Explored 207 nodes (180383 simplex iterations) in 18.54 seconds (11.37 work units)
Thread count was 12 (of 12 available processors)

Solution count 2: -2175.01 -3.12639e-13 

Time limit reached
Best objective -2.175008993108e+03, best bound -2.366693006159e+03, gap 8.8130%
[77 / 150; MWC254 ] ✓ done.
[78 / 150; MWC255 ]: using timeout 22.3 sec...
Set parameter TimeLimit to value 2.2253036975860621e+01
Gurobi Optimizer version 10.0.1 build v10.0.1rc0 (linux64)

CPU model: 12th Gen Intel(R) Core(TM) i5-1235U, instruction set [SSE2|AVX|AVX2]
Thread count: 12 physical cores, 12 logical processors, using up to 12 threads

Optimize a model with 0 rows, 65 columns and 0 nonzeros
Model fingerprint: 0xf7486ed7
Model has 1584 quadratic objective terms
Variable types: 0 continuous, 65 integer (65 binary)
Coefficient statistics:
  Matrix range     [0e+00, 0e+00]
  Objective range  [5e+01, 9e+01]
  QObjective range [1e-03, 1e+01]
  Bounds range     [1e+00, 1e+00]
  RHS range        [0e+00, 0e+00]
Found heuristic solution: objective 0.0000000
Found heuristic solution: objective -1379.931957
Presolve time: 0.18s
Presolved: 0 rows, 65 columns, 0 nonzeros
Presolved model has 1600 quadratic objective terms
Variable types: 0 continuous, 65 integer (65 binary)

Root relaxation: objective -1.432227e+03, 94 iterations, 0.00 seconds (0.00 work units)

    Nodes    |    Current Node    |     Objective Bounds      |     Work
 Expl Unexpl |  Obj  Depth IntInf | Incumbent    BestBd   Gap | It/Node Time

     0     0 -1432.2268    0   63 -1379.9320 -1432.2268  3.79%     -    0s
     0     0 -1432.2268    0   63 -1379.9320 -1432.2268  3.79%     -    0s
     0     2 -1432.2268    0   63 -1379.9320 -1432.2268  3.79%     -    0s
H    8    16                    -1381.553734 -1428.5781  3.40%   2.6    0s
 11829  7528 -1417.3136   42   38 -1381.5537 -1417.3136  2.59%  16.5    5s
 37619 25017 -1394.4203   58   26 -1381.5537 -1417.3136  2.59%  15.7   10s
 54310 34746 -1417.3136   45   37 -1381.5537 -1417.3136  2.59%  15.4   16s
 65483 41616 -1417.3136   53   31 -1381.5537 -1417.3136  2.59%  16.1   20s

Cutting planes:
  Gomory: 52
  Implied bound: 27
  MIR: 223
  Flow cover: 185
  RLT: 67
  Relax-and-lift: 122

Explored 74532 nodes (1230176 simplex iterations) in 22.27 seconds (9.08 work units)
Thread count was 12 (of 12 available processors)

Solution count 3: -1381.55 -1379.93 0 

Time limit reached
Best objective -1.381553734202e+03, best bound -1.417313571761e+03, gap 2.5884%
[78 / 150; MWC255 ] ✓ done.
[79 / 150; MWC256 ]: using timeout 30.6 sec...
Set parameter TimeLimit to value 3.0615477085113554e+01
Gurobi Optimizer version 10.0.1 build v10.0.1rc0 (linux64)

CPU model: 12th Gen Intel(R) Core(TM) i5-1235U, instruction set [SSE2|AVX|AVX2]
Thread count: 12 physical cores, 12 logical processors, using up to 12 threads

Optimize a model with 0 rows, 75 columns and 0 nonzeros
Model fingerprint: 0xb05eabc3
Model has 695 quadratic objective terms
Variable types: 0 continuous, 75 integer (75 binary)
Coefficient statistics:
  Matrix range     [0e+00, 0e+00]
  Objective range  [1e+01, 8e+01]
  QObjective range [2e-03, 2e+01]
  Bounds range     [1e+00, 1e+00]
  RHS range        [0e+00, 0e+00]
Found heuristic solution: objective 0.0000000
Found heuristic solution: objective -1371.013315
Presolve time: 0.21s
Presolved: 671 rows, 746 columns, 2013 nonzeros
Variable types: 0 continuous, 746 integer (746 binary)

Root relaxation: objective -1.984435e+03, 133 iterations, 0.00 seconds (0.00 work units)

    Nodes    |    Current Node    |     Objective Bounds      |     Work
 Expl Unexpl |  Obj  Depth IntInf | Incumbent    BestBd   Gap | It/Node Time

     0     0 -1984.4350    0   74 -1371.0133 -1984.4350  44.7%     -    0s
     0     0 -1546.6068    0  308 -1371.0133 -1546.6068  12.8%     -    0s
     0     0 -1542.9159    0  321 -1371.0133 -1542.9159  12.5%     -    0s
     0     0 -1492.2274    0  435 -1371.0133 -1492.2274  8.84%     -    0s
     0     0 -1492.2274    0  435 -1371.0133 -1492.2274  8.84%     -    0s
     0     2 -1492.2274    0  435 -1371.0133 -1492.2274  8.84%     -    1s
   688   340     cutoff   14      -1371.0133 -1439.2070  4.97%   118    5s
  2210   416 -1384.3712    8  513 -1371.0133 -1411.9477  2.99%   121   10s
  3622   343     cutoff   12      -1371.0133 -1396.3490  1.85%   121   15s

Cutting planes:
  Gomory: 10
  MIR: 125
  Zero half: 86
  RLT: 135
  BQP: 296

Explored 4857 nodes (577176 simplex iterations) in 18.88 seconds (10.32 work units)
Thread count was 12 (of 12 available processors)

Solution count 2: -1371.01 0 
No other solutions better than -1371.01

Optimal solution found (tolerance 1.00e-04)
Best objective -1.371013314969e+03, best bound -1.371013314969e+03, gap 0.0000%
[79 / 150; MWC256 ] ✓ done.
[80 / 150; MWC257 ]: using timeout 38.3 sec...
Set parameter TimeLimit to value 3.8312256336212194e+01
Gurobi Optimizer version 10.0.1 build v10.0.1rc0 (linux64)

CPU model: 12th Gen Intel(R) Core(TM) i5-1235U, instruction set [SSE2|AVX|AVX2]
Thread count: 12 physical cores, 12 logical processors, using up to 12 threads

Optimize a model with 0 rows, 75 columns and 0 nonzeros
Model fingerprint: 0xf7ca78f5
Model has 1375 quadratic objective terms
Variable types: 0 continuous, 75 integer (75 binary)
Coefficient statistics:
  Matrix range     [0e+00, 0e+00]
  Objective range  [1e+01, 3e+01]
  QObjective range [5e-03, 4e+00]
  Bounds range     [1e+00, 1e+00]
  RHS range        [0e+00, 0e+00]
Found heuristic solution: objective 0.0000000
Found heuristic solution: objective -420.5086103
Presolve time: 0.21s
Presolved: 1332 rows, 1407 columns, 3996 nonzeros
Variable types: 0 continuous, 1407 integer (1407 binary)

Root relaxation: objective -6.720066e+02, 198 iterations, 0.01 seconds (0.00 work units)

    Nodes    |    Current Node    |     Objective Bounds      |     Work
 Expl Unexpl |  Obj  Depth IntInf | Incumbent    BestBd   Gap | It/Node Time

     0     0 -672.00658    0   74 -420.50861 -672.00658  59.8%     -    0s
     0     0 -607.75455    0  277 -420.50861 -607.75455  44.5%     -    1s
     0     0 -548.64899    0  506 -420.50861 -548.64899  30.5%     -    2s
     0     0 -542.73967    0  532 -420.50861 -542.73967  29.1%     -    2s
     0     0 -542.19410    0  489 -420.50861 -542.19410  28.9%     -    3s
     0     0 -481.84662    0 1337 -420.50861 -481.84662  14.6%     -    8s
     0     0 -481.84662    0 1337 -420.50861 -481.84662  14.6%     -    8s
     0     2 -481.84662    0 1337 -420.50861 -481.84662  14.6%     -    8s
     3     8 -473.74608    2 1269 -420.50861 -479.10589  13.9%  1950   13s
     7    16 -468.59492    3 1253 -420.50861 -473.75356  12.7%  3563   15s
    39    52 -461.72191    5 1201 -420.50861 -468.47912  11.4%  2612   20s
    75    88 -455.85340    7 1127 -420.50861 -468.00294  11.3%  2024   25s
   147   165 -452.57293    9 1103 -420.50861 -467.48212  11.2%  1611   30s
   261   225 -446.33426   12 1051 -420.50861 -467.48212  11.2%  1197   36s

Cutting planes:
  Gomory: 1
  MIR: 515
  Zero half: 78
  RLT: 400
  BQP: 571

Explored 300 nodes (361269 simplex iterations) in 38.31 seconds (26.43 work units)
Thread count was 12 (of 12 available processors)

Solution count 2: -420.509 0 

Time limit reached
Best objective -4.205086103296e+02, best bound -4.674821243669e+02, gap 11.1706%
[80 / 150; MWC257 ] ✓ done.
[81 / 150; MWC258 ]: using timeout 61.8 sec...
Set parameter TimeLimit to value 6.1790687799453778e+01
Gurobi Optimizer version 10.0.1 build v10.0.1rc0 (linux64)

CPU model: 12th Gen Intel(R) Core(TM) i5-1235U, instruction set [SSE2|AVX|AVX2]
Thread count: 12 physical cores, 12 logical processors, using up to 12 threads

Optimize a model with 0 rows, 75 columns and 0 nonzeros
Model fingerprint: 0x96ea1ce3
Model has 2093 quadratic objective terms
Variable types: 0 continuous, 75 integer (75 binary)
Coefficient statistics:
  Matrix range     [0e+00, 0e+00]
  Objective range  [2e+02, 3e+02]
  QObjective range [2e-03, 3e+01]
  Bounds range     [1e+00, 1e+00]
  RHS range        [0e+00, 0e+00]
Found heuristic solution: objective 0.0000000
Found heuristic solution: objective -0.0000000
Found heuristic solution: objective -4819.375902
Found heuristic solution: objective -4819.963368
Presolve time: 0.18s
Presolved: 0 rows, 75 columns, 0 nonzeros
Presolved model has 2105 quadratic objective terms
Variable types: 0 continuous, 75 integer (75 binary)

Root relaxation: objective -5.046995e+03, 119 iterations, 0.00 seconds (0.00 work units)

    Nodes    |    Current Node    |     Objective Bounds      |     Work
 Expl Unexpl |  Obj  Depth IntInf | Incumbent    BestBd   Gap | It/Node Time

     0     0 -5046.9948    0   73 -4819.9634 -5046.9948  4.71%     -    0s
     0     0 -5046.9948    0   73 -4819.9634 -5046.9948  4.71%     -    0s
     0     2 -5046.9948    0   73 -4819.9634 -5046.9948  4.71%     -    0s
H   19    28                    -4834.819948 -5033.9405  4.12%   4.0    0s
  6521  3966 -5002.7675   45   44 -4834.8199 -5002.7675  3.47%  16.7    5s
 25064 18357 -5002.7675   35   53 -4834.8199 -5002.7675  3.47%  18.1   10s
 46988 35912 -5002.7675   47   45 -4834.8199 -5002.7675  3.47%  17.8   15s
 55104 42690 -5002.7675   38   49 -4834.8199 -5002.7675  3.47%  17.8   22s
 61703 47077     cutoff   70      -4834.8199 -5002.7675  3.47%  18.3   25s
 72217 54669 -5002.7675   35   55 -4834.8199 -5002.7675  3.47%  18.9   30s
 75690 56430 -5002.7675   38   50 -4834.8199 -5002.7675  3.47%  19.1   39s
 76792 58265 -5002.7675   43   47 -4834.8199 -5002.7675  3.47%  19.1   40s
 88919 67146 -5002.7675   36   55 -4834.8199 -5002.7675  3.47%  19.6   45s
 103986 78132 -5002.7675   50   36 -4834.8199 -5002.7675  3.47%  19.7   50s
 117675 87701 -5002.7675   36   52 -4834.8199 -5002.7675  3.47%  19.9   55s
 130862 97211 -5002.7675   39   45 -4834.8199 -5002.7675  3.47%  20.1   60s

Cutting planes:
  Gomory: 87
  Implied bound: 35
  MIR: 275
  Flow cover: 203
  RLT: 93
  Relax-and-lift: 148

Explored 136510 nodes (2749355 simplex iterations) in 61.80 seconds (27.46 work units)
Thread count was 12 (of 12 available processors)

Solution count 4: -4834.82 -4819.96 -4819.38 -7.28306e-12 

Time limit reached
Best objective -4.834819948315e+03, best bound -5.002767489274e+03, gap 3.4737%
[81 / 150; MWC258 ] ✓ done.
[82 / 150; MWC259 ]: using timeout 33.3 sec...
Set parameter TimeLimit to value 3.3258556842803927e+01
Gurobi Optimizer version 10.0.1 build v10.0.1rc0 (linux64)

CPU model: 12th Gen Intel(R) Core(TM) i5-1235U, instruction set [SSE2|AVX|AVX2]
Thread count: 12 physical cores, 12 logical processors, using up to 12 threads

Optimize a model with 0 rows, 85 columns and 0 nonzeros
Model fingerprint: 0x45e1c650
Model has 905 quadratic objective terms
Variable types: 0 continuous, 85 integer (85 binary)
Coefficient statistics:
  Matrix range     [0e+00, 0e+00]
  Objective range  [1e+01, 3e+01]
  QObjective range [6e-03, 8e+00]
  Bounds range     [1e+00, 1e+00]
  RHS range        [0e+00, 0e+00]
Found heuristic solution: objective 0.0000000
Found heuristic solution: objective -610.3099699
Presolve time: 0.16s
Presolved: 874 rows, 959 columns, 2622 nonzeros
Variable types: 0 continuous, 959 integer (959 binary)

Root relaxation: objective -9.062743e+02, 114 iterations, 0.00 seconds (0.00 work units)

    Nodes    |    Current Node    |     Objective Bounds      |     Work
 Expl Unexpl |  Obj  Depth IntInf | Incumbent    BestBd   Gap | It/Node Time

     0     0 -906.27432    0   84 -610.30997 -906.27432  48.5%     -    0s
     0     0 -697.44335    0  463 -610.30997 -697.44335  14.3%     -    1s
     0     0 -696.99201    0  467 -610.30997 -696.99201  14.2%     -    1s
     0     0 -661.61833    0  725 -610.30997 -661.61833  8.41%     -    1s
     0     0 -661.61833    0  725 -610.30997 -661.61833  8.41%     -    1s
     0     2 -661.61833    0  725 -610.30997 -661.61833  8.41%     -    2s
    51    64 -635.22267    6  714 -610.30997 -647.80916  6.14%   693    5s
   359   283     cutoff   16      -610.30997 -647.00993  6.01%   369   11s
   686   475 -638.05761    5  738 -610.30997 -642.42472  5.26%   306   15s
  1350   763     cutoff   16      -610.30997 -639.46510  4.78%   259   20s
  1960  1033 -620.67970   10  626 -610.30997 -635.22079  4.08%   245   25s
  2586  1184 -619.08869   10  584 -610.30997 -633.63251  3.82%   232   30s

Cutting planes:
  Gomory: 4
  MIR: 153
  Zero half: 108
  RLT: 220
  BQP: 513

Explored 3184 nodes (720674 simplex iterations) in 33.26 seconds (20.58 work units)
Thread count was 12 (of 12 available processors)

Solution count 2: -610.31 0 

Time limit reached
Best objective -6.103099698741e+02, best bound -6.328554230807e+02, gap 3.6941%
[82 / 150; MWC259 ] ✓ done.
[83 / 150; MWC26 ]: using timeout 74.8 sec...
Set parameter TimeLimit to value 74.7587234973907
Gurobi Optimizer version 10.0.1 build v10.0.1rc0 (linux64)

CPU model: 12th Gen Intel(R) Core(TM) i5-1235U, instruction set [SSE2|AVX|AVX2]
Thread count: 12 physical cores, 12 logical processors, using up to 12 threads

Optimize a model with 0 rows, 85 columns and 0 nonzeros
Model fingerprint: 0x6e08e0d2
Model has 1767 quadratic objective terms
Variable types: 0 continuous, 85 integer (85 binary)
Coefficient statistics:
  Matrix range     [0e+00, 0e+00]
  Objective range  [1e+02, 2e+02]
  QObjective range [4e-03, 3e+01]
  Bounds range     [1e+00, 1e+00]
  RHS range        [0e+00, 0e+00]
Found heuristic solution: objective 0.0000000
Found heuristic solution: objective -4267.593422
Presolve time: 0.19s
Presolved: 1713 rows, 1798 columns, 5139 nonzeros
Variable types: 0 continuous, 1798 integer (1798 binary)

Root relaxation: objective -6.965453e+03, 266 iterations, 0.01 seconds (0.01 work units)

    Nodes    |    Current Node    |     Objective Bounds      |     Work
 Expl Unexpl |  Obj  Depth IntInf | Incumbent    BestBd   Gap | It/Node Time

     0     0 -6965.4533    0   84 -4267.5934 -6965.4533  63.2%     -    0s
     0     0 -6389.9665    0  214 -4267.5934 -6389.9665  49.7%     -    1s
     0     0 -5746.6170    0  496 -4267.5934 -5746.6170  34.7%     -    2s
     0     0 -5674.4263    0  587 -4267.5934 -5674.4263  33.0%     -    2s
     0     0 -5657.9570    0  628 -4267.5934 -5657.9570  32.6%     -    2s
     0     0 -5126.9341    0 1403 -4267.5934 -5126.9341  20.1%     -    8s
     0     0 -5126.9341    0 1403 -4267.5934 -5126.9341  20.1%     -    8s
     0     2 -5126.9341    0 1403 -4267.5934 -5126.9341  20.1%     -    9s
     1     5 -5094.6654    1 1368 -4267.5934 -5125.6002  20.1%  1266   10s
     7    16 -4985.0392    3 1494 -4267.5934 -5053.1111  18.4%  2595   15s
    27    40 -4910.4446    5 1507 -4267.5934 -5000.0092  17.2%  2647   21s
    51    64 -4889.8910    6 1373 -4267.5934 -4989.8898  16.9%  2210   25s
    87   100 -4856.9272    7 1347 -4267.5934 -4989.8898  16.9%  1874   30s
   126   144 -4809.3064    9 1167 -4267.5934 -4989.8898  16.9%  1647   35s
   181   204 -4770.7931   10 1154 -4267.5934 -4989.8898  16.9%  1376   40s
   282   265 -4744.7266   12 1009 -4267.5934 -4989.8898  16.9%  1040   52s
   318   309 -4700.5587   13 1060 -4267.5934 -4989.8898  16.9%  1024   55s
   408   384 -4662.5504   16  918 -4267.5934 -4989.8898  16.9%   933   61s
   481   446 -4602.5976   18  905 -4267.5934 -4989.8898  16.9%   868   66s
   554   511 -4608.9319   19  839 -4267.5934 -4989.8898  16.9%   830   71s

Cutting planes:
  Gomory: 2
  MIR: 483
  Zero half: 100
  RLT: 395
  BQP: 754

Explored 655 nodes (521320 simplex iterations) in 74.76 seconds (47.47 work units)
Thread count was 12 (of 12 available processors)

Solution count 2: -4267.59 0 

Time limit reached
Best objective -4.267593421747e+03, best bound -4.989889791087e+03, gap 16.9251%
[83 / 150; MWC26 ] ✓ done.
[84 / 150; MWC260 ]: using timeout 89.7 sec...
Set parameter TimeLimit to value 8.9673093080520673e+01
Gurobi Optimizer version 10.0.1 build v10.0.1rc0 (linux64)

CPU model: 12th Gen Intel(R) Core(TM) i5-1235U, instruction set [SSE2|AVX|AVX2]
Thread count: 12 physical cores, 12 logical processors, using up to 12 threads

Optimize a model with 0 rows, 85 columns and 0 nonzeros
Model fingerprint: 0x7abce906
Model has 1748 quadratic objective terms
Variable types: 0 continuous, 85 integer (85 binary)
Coefficient statistics:
  Matrix range     [0e+00, 0e+00]
  Objective range  [1e+02, 2e+02]
  QObjective range [2e-02, 3e+01]
  Bounds range     [1e+00, 1e+00]
  RHS range        [0e+00, 0e+00]
Found heuristic solution: objective 0.0000000
Found heuristic solution: objective -4246.746017
Presolve time: 0.20s
Presolved: 1701 rows, 1786 columns, 5103 nonzeros
Variable types: 0 continuous, 1786 integer (1786 binary)

Root relaxation: objective -6.808601e+03, 262 iterations, 0.01 seconds (0.01 work units)

    Nodes    |    Current Node    |     Objective Bounds      |     Work
 Expl Unexpl |  Obj  Depth IntInf | Incumbent    BestBd   Gap | It/Node Time

     0     0 -6808.6009    0   84 -4246.7460 -6808.6009  60.3%     -    0s
     0     0 -6250.1236    0  300 -4246.7460 -6250.1236  47.2%     -    1s
     0     0 -5566.0292    0  616 -4246.7460 -5566.0292  31.1%     -    3s
     0     0 -5505.1330    0  738 -4246.7460 -5505.1330  29.6%     -    4s
     0     0 -5496.3180    0  735 -4246.7460 -5496.3180  29.4%     -    4s
     0     0 -5003.9383    0 1505 -4246.7460 -5003.9383  17.8%     -   15s
     0     0 -5003.9383    0 1505 -4246.7460 -5003.9383  17.8%     -   15s
     0     2 -5003.9383    0 1505 -4246.7460 -5003.9383  17.8%     -   16s
     3     8 -4894.2953    2 1562 -4246.7460 -4982.2160  17.3%  2496   21s
    15    28 -4819.6428    4 1550 -4246.7460 -4867.8006  14.6%  3419   28s
    27    40 -4800.3754    5 1461 -4246.7460 -4867.8006  14.6%  3238   31s
    51    64 -4766.6040    6 1437 -4246.7460 -4865.8114  14.6%  2877   36s
    63    76 -4732.1685    7 1461 -4246.7460 -4865.8114  14.6%  2668   47s
    76    77 -4865.8114    0  851 -4246.7460 -4865.8114  14.6%  2488   56s
  1429  1217 -4792.5775   40  612 -4246.7460 -4865.8114  14.6%   187   60s
  5555  3928 -4865.8114   34  375 -4246.7460 -4865.8114  14.6%  83.3   65s
 11642  7256 -4310.3775   52  469 -4246.7460 -4865.8114  14.6%  63.0   70s
 17733 10294 -4474.4118   48  558 -4246.7460 -4865.8114  14.6%  57.1   75s
 23684 14634 -4458.9849   49  524 -4246.7460 -4865.8114  14.6%  54.9   80s
 31837 19746 -4596.7467   45  525 -4246.7460 -4865.8114  14.6%  52.5   85s

Explored 40611 nodes (2088907 simplex iterations) in 89.68 seconds (50.64 work units)
Thread count was 12 (of 12 available processors)

Solution count 3: -4246.75 -4246.75 0 

Time limit reached
Best objective -4.246746016549e+03, best bound -4.865811356094e+03, gap 14.5774%
[84 / 150; MWC260 ] ✓ done.
[85 / 150; MWC261 ]: using timeout 46.0 sec...
Set parameter TimeLimit to value 4.5993163347244241e+01
Gurobi Optimizer version 10.0.1 build v10.0.1rc0 (linux64)

CPU model: 12th Gen Intel(R) Core(TM) i5-1235U, instruction set [SSE2|AVX|AVX2]
Thread count: 12 physical cores, 12 logical processors, using up to 12 threads

Optimize a model with 0 rows, 85 columns and 0 nonzeros
Model fingerprint: 0xa1044edc
Model has 2657 quadratic objective terms
Variable types: 0 continuous, 85 integer (85 binary)
Coefficient statistics:
  Matrix range     [0e+00, 0e+00]
  Objective range  [1e+02, 2e+02]
  QObjective range [2e-03, 2e+01]
  Bounds range     [1e+00, 1e+00]
  RHS range        [0e+00, 0e+00]
Found heuristic solution: objective 0.0000000
Found heuristic solution: objective -4592.467765
Presolve time: 0.23s
Presolved: 0 rows, 85 columns, 0 nonzeros
Presolved model has 2672 quadratic objective terms
Variable types: 0 continuous, 85 integer (85 binary)

Root relaxation: objective -4.747590e+03, 127 iterations, 0.00 seconds (0.00 work units)

    Nodes    |    Current Node    |     Objective Bounds      |     Work
 Expl Unexpl |  Obj  Depth IntInf | Incumbent    BestBd   Gap | It/Node Time

     0     0 -4747.5901    0   77 -4592.4678 -4747.5901  3.38%     -    0s
     0     0 -4747.5901    0   77 -4592.4678 -4747.5901  3.38%     -    0s
     0     2 -4747.5901    0   77 -4592.4678 -4747.5901  3.38%     -    0s
  3788  2572 -4716.4398   47   60 -4592.4678 -4716.4398  2.70%  20.4    5s
 11307  7913 -4716.4398   41   65 -4592.4678 -4716.4398  2.70%  25.5   13s
 13028  9264 -4716.4398   36   67 -4592.4678 -4716.4398  2.70%  26.0   15s
 22562 17596 -4716.4398   46   60 -4592.4678 -4716.4398  2.70%  25.4   20s
 32807 26635     cutoff   74      -4592.4678 -4716.4398  2.70%  25.4   25s
 45314 36980 -4716.4398   44   54 -4592.4678 -4716.4398  2.70%  25.0   30s
 53597 44110 -4716.4398   50   55 -4592.4678 -4716.4398  2.70%  24.9   40s
 61458 49703 -4716.4398   39   60 -4592.4678 -4716.4398  2.70%  25.1   45s

Cutting planes:
  Gomory: 99
  Implied bound: 51
  MIR: 279
  Flow cover: 230
  RLT: 92
  Relax-and-lift: 194

Explored 64195 nodes (1607808 simplex iterations) in 46.00 seconds (22.53 work units)
Thread count was 12 (of 12 available processors)

Solution count 3: -4592.47 -4592.47 0 

Time limit reached
Best objective -4.592467765002e+03, best bound -4.716439790445e+03, gap 2.6995%
[85 / 150; MWC261 ] ✓ done.
[86 / 150; MWC262 ]: using timeout 35.3 sec...
Set parameter TimeLimit to value 3.5312537908554035e+01
Gurobi Optimizer version 10.0.1 build v10.0.1rc0 (linux64)

CPU model: 12th Gen Intel(R) Core(TM) i5-1235U, instruction set [SSE2|AVX|AVX2]
Thread count: 12 physical cores, 12 logical processors, using up to 12 threads

Optimize a model with 0 rows, 95 columns and 0 nonzeros
Model fingerprint: 0x5ae62077
Model has 1098 quadratic objective terms
Variable types: 0 continuous, 95 integer (95 binary)
Coefficient statistics:
  Matrix range     [0e+00, 0e+00]
  Objective range  [6e+01, 2e+02]
  QObjective range [6e-02, 4e+01]
  Bounds range     [1e+00, 1e+00]
  RHS range        [0e+00, 0e+00]
Found heuristic solution: objective 0.0000000
Found heuristic solution: objective -3265.177921
Presolve time: 0.20s
Presolved: 1070 rows, 1165 columns, 3210 nonzeros
Variable types: 0 continuous, 1165 integer (1165 binary)

Root relaxation: objective -4.928465e+03, 130 iterations, 0.00 seconds (0.00 work units)

    Nodes    |    Current Node    |     Objective Bounds      |     Work
 Expl Unexpl |  Obj  Depth IntInf | Incumbent    BestBd   Gap | It/Node Time

     0     0 -4928.4647    0   94 -3265.1779 -4928.4647  50.9%     -    0s
     0     0 -3928.0146    0  423 -3265.1779 -3928.0146  20.3%     -    1s
     0     0 -3795.3479    0  518 -3265.1779 -3795.3479  16.2%     -    1s
     0     0 -3779.6547    0  546 -3265.1779 -3779.6547  15.8%     -    1s
     0     0 -3609.4769    0  721 -3265.1779 -3609.4769  10.5%     -    2s
     0     0 -3609.4769    0  721 -3265.1779 -3609.4769  10.5%     -    2s
     0     2 -3609.4769    0  721 -3265.1779 -3609.4769  10.5%     -    2s
    27    40 -3463.1934    5  933 -3265.1779 -3531.3969  8.15%  1264    5s
   185   185 -3400.5355   10  822 -3265.1779 -3531.3969  8.15%   595   10s
   317   270 -3361.2183   13  803 -3265.1779 -3531.3969  8.15%   492   15s
   512   404 -3338.9700   18  704 -3265.1779 -3531.3969  8.15%   416   20s
   719   551 -3478.7339    5  790 -3265.1779 -3493.6341  7.00%   387   25s
   879   649 -3394.6956   10  696 -3265.1779 -3493.6341  7.00%   372   30s
  1154   894     cutoff   20      -3265.1779 -3493.6341  7.00%   351   35s

Cutting planes:
  Gomory: 5
  MIR: 227
  Zero half: 85
  RLT: 281
  BQP: 678

Explored 1239 nodes (428905 simplex iterations) in 35.32 seconds (20.54 work units)
Thread count was 12 (of 12 available processors)

Solution count 2: -3265.18 0 

Time limit reached
Best objective -3.265177920626e+03, best bound -3.493634090485e+03, gap 6.9967%
[86 / 150; MWC262 ] ✓ done.
[87 / 150; MWC263 ]: using timeout 56.2 sec...
Set parameter TimeLimit to value 5.6244251728057826e+01
Gurobi Optimizer version 10.0.1 build v10.0.1rc0 (linux64)

CPU model: 12th Gen Intel(R) Core(TM) i5-1235U, instruction set [SSE2|AVX|AVX2]
Thread count: 12 physical cores, 12 logical processors, using up to 12 threads

Optimize a model with 0 rows, 95 columns and 0 nonzeros
Model fingerprint: 0x3f3cf4b0
Model has 2233 quadratic objective terms
Variable types: 0 continuous, 95 integer (95 binary)
Coefficient statistics:
  Matrix range     [0e+00, 0e+00]
  Objective range  [5e+01, 1e+02]
  QObjective range [5e-03, 1e+01]
  Bounds range     [1e+00, 1e+00]
  RHS range        [0e+00, 0e+00]
Found heuristic solution: objective 0.0000000
Found heuristic solution: objective -0.0000000
Found heuristic solution: objective -2003.711569
Presolve time: 0.24s
Presolved: 0 rows, 95 columns, 0 nonzeros
Presolved model has 2274 quadratic objective terms
Variable types: 0 continuous, 95 integer (95 binary)

Root relaxation: objective -2.085910e+03, 131 iterations, 0.00 seconds (0.00 work units)

    Nodes    |    Current Node    |     Objective Bounds      |     Work
 Expl Unexpl |  Obj  Depth IntInf | Incumbent    BestBd   Gap | It/Node Time

     0     0 -2085.9100    0   91 -2003.7116 -2085.9100  4.10%     -    0s
     0     0 -2085.9100    0   91 -2003.7116 -2085.9100  4.10%     -    0s
     0     2 -2085.9100    0   91 -2003.7116 -2085.9100  4.10%     -    0s
  2723  2115 -2070.0833   47   66 -2003.7116 -2070.0833  3.31%  17.3    5s
  8865  5860 -2070.0833   42   74 -2003.7116 -2070.0833  3.31%  25.8   10s
 15095 11044 -2070.0833   43   67 -2003.7116 -2070.0833  3.31%  26.8   15s
 22802 17583 -2070.0833   61   51 -2003.7116 -2070.0833  3.31%  27.8   20s
 29980 23622 -2070.0833   74   33 -2003.7116 -2070.0833  3.31%  27.9   25s
 38641 30868 -2070.0833   57   56 -2003.7116 -2070.0833  3.31%  27.9   30s
 43766 32891 -2070.0833   46   66 -2003.7116 -2070.0833  3.31%  27.3   39s
 43780 33935 -2070.0833   47   63 -2003.7116 -2070.0833  3.31%  27.4   40s
 52823 40010 -2070.0833   59   43 -2003.7116 -2070.0833  3.31%  27.0   45s
 54664 42163 -2070.0833   59   50 -2003.7116 -2070.0833  3.31%  27.1   54s
 56379 43005 -2070.0833   42   70 -2003.7116 -2070.0833  3.31%  27.1   55s

Cutting planes:
  Gomory: 69
  Implied bound: 27
  MIR: 243
  Flow cover: 228
  RLT: 173
  Relax-and-lift: 137

Explored 57993 nodes (1579851 simplex iterations) in 56.29 seconds (25.88 work units)
Thread count was 12 (of 12 available processors)

Solution count 3: -2003.71 -2003.71 -3.52207e-12 

Time limit reached
Best objective -2.003711569359e+03, best bound -2.070083312956e+03, gap 3.3124%
[87 / 150; MWC263 ] ✓ done.
[88 / 150; MWC264 ]: using timeout 108.6 sec...
Set parameter TimeLimit to value 1.0861491990089405e+02
Gurobi Optimizer version 10.0.1 build v10.0.1rc0 (linux64)

CPU model: 12th Gen Intel(R) Core(TM) i5-1235U, instruction set [SSE2|AVX|AVX2]
Thread count: 12 physical cores, 12 logical processors, using up to 12 threads

Optimize a model with 0 rows, 95 columns and 0 nonzeros
Model fingerprint: 0xe237977a
Model has 3403 quadratic objective terms
Variable types: 0 continuous, 95 integer (95 binary)
Coefficient statistics:
  Matrix range     [0e+00, 0e+00]
  Objective range  [3e+01, 4e+01]
  QObjective range [7e-04, 4e+00]
  Bounds range     [1e+00, 1e+00]
  RHS range        [0e+00, 0e+00]
Found heuristic solution: objective 0.0000000
Found heuristic solution: objective -969.6036678
Found heuristic solution: objective -972.6745269
Presolve time: 0.43s
Presolved: 0 rows, 95 columns, 0 nonzeros
Presolved model has 3422 quadratic objective terms
Variable types: 0 continuous, 95 integer (95 binary)

Root relaxation: objective -1.006100e+03, 136 iterations, 0.01 seconds (0.00 work units)

    Nodes    |    Current Node    |     Objective Bounds      |     Work
 Expl Unexpl |  Obj  Depth IntInf | Incumbent    BestBd   Gap | It/Node Time

     0     0 -1006.0998    0   91 -972.67453 -1006.0998  3.44%     -    0s
     0     0 -1006.0998    0   91 -972.67453 -1006.0998  3.44%     -    0s
     0     2 -1006.0998    0   91 -972.67453 -1006.0998  3.44%     -    0s
H    1     4                    -974.0028236 -1005.7728  3.26%   0.0    0s
  2511  2124 -1000.8449   45   60 -974.00282 -1000.8449  2.76%  11.6    5s
  5711  3677 -1000.8449   37   62 -974.00282 -1000.8449  2.76%  17.9   10s
 13834 10196 -1000.8449   42   63 -974.00282 -1000.8449  2.76%  18.2   15s
 27264 21413 -1000.8449   38   69 -974.00282 -1000.8449  2.76%  18.2   20s
 41336 33281 -1000.8449   37   67 -974.00282 -1000.8449  2.76%  17.9   25s
 50264 40408 -1000.8449   69   41 -974.00282 -1000.8449  2.76%  17.8   30s
 53979 43217 -1000.8449   59   52 -974.00282 -1000.8449  2.76%  17.7   39s
 55245 44038 -1000.8449   75   33 -974.00282 -1000.8449  2.76%  17.7   40s
 61479 49299     cutoff   84      -974.00282 -1000.8449  2.76%  18.7   45s
 68886 55273 -1000.8449   37   76 -974.00282 -1000.8449  2.76%  19.3   50s
 75630 60252 -976.30991   88   20 -974.00282 -1000.8449  2.76%  19.7   55s
 81479 65038 -1000.8449   67   42 -974.00282 -1000.8449  2.76%  20.1   60s
 89264 71318 -1000.8449   40   65 -974.00282 -1000.8449  2.76%  20.5   65s
 95647 76373 -1000.8449   38   69 -974.00282 -1000.8449  2.76%  20.7   70s
 102046 81319 -1000.8449   38   69 -974.00282 -1000.8449  2.76%  21.0   75s
 106043 83467 -1000.8449   51   56 -974.00282 -1000.8449  2.76%  21.1   92s
 110071 87948 -1000.8449   38   66 -974.00282 -1000.8449  2.76%  21.2   95s
 119401 95540 -1000.8449   38   69 -974.00282 -1000.8449  2.76%  21.3  100s
 127887 104010 -1000.8449   38   76 -974.00282 -1000.8449  2.76%  21.4  106s

Cutting planes:
  Gomory: 95
  Implied bound: 51
  MIR: 222
  Flow cover: 198
  RLT: 56
  Relax-and-lift: 146

Explored 133512 nodes (2869622 simplex iterations) in 108.63 seconds (43.53 work units)
Thread count was 12 (of 12 available processors)

Solution count 4: -974.003 -972.675 -969.604 0 

Time limit reached
Best objective -9.740028235750e+02, best bound -1.000844884662e+03, gap 2.7559%
[88 / 150; MWC264 ] ✓ done.
[89 / 150; MWC27 ]: using timeout 90.7 sec...
Set parameter TimeLimit to value 9.0685906648635921e+01
Gurobi Optimizer version 10.0.1 build v10.0.1rc0 (linux64)

CPU model: 12th Gen Intel(R) Core(TM) i5-1235U, instruction set [SSE2|AVX|AVX2]
Thread count: 12 physical cores, 12 logical processors, using up to 12 threads

Optimize a model with 0 rows, 85 columns and 0 nonzeros
Model fingerprint: 0x3c926649
Model has 2661 quadratic objective terms
Variable types: 0 continuous, 85 integer (85 binary)
Coefficient statistics:
  Matrix range     [0e+00, 0e+00]
  Objective range  [2e+02, 4e+02]
  QObjective range [3e-02, 4e+01]
  Bounds range     [1e+00, 1e+00]
  RHS range        [0e+00, 0e+00]
Found heuristic solution: objective 0.0000000
Found heuristic solution: objective -0.0000000
Found heuristic solution: objective -7810.040351
Found heuristic solution: objective -7816.693734
Presolve time: 0.24s
Presolved: 0 rows, 85 columns, 0 nonzeros
Presolved model has 2680 quadratic objective terms
Variable types: 0 continuous, 85 integer (85 binary)

Root relaxation: objective -8.153534e+03, 123 iterations, 0.00 seconds (0.00 work units)

    Nodes    |    Current Node    |     Objective Bounds      |     Work
 Expl Unexpl |  Obj  Depth IntInf | Incumbent    BestBd   Gap | It/Node Time

     0     0 -8153.5335    0   82 -7816.6937 -8153.5335  4.31%     -    0s
     0     0 -8153.5335    0   82 -7816.6937 -8153.5335  4.31%     -    0s
     0     2 -8153.5335    0   82 -7816.6937 -8153.5335  4.31%     -    0s
H   11    16                    -7817.675545 -8137.7529  4.09%   3.1    0s
H   48    52                    -7818.340933 -8120.8595  3.87%   2.8    0s
  2959  2167 -8104.9517   57   46 -7818.3409 -8104.9517  3.67%  12.8    5s
 13121  9335 -8104.9517   52   50 -7818.3409 -8104.9517  3.67%  16.1   10s
 25476 20533 -8104.9517   52   44 -7818.3409 -8104.9517  3.67%  16.2   15s
 42627 34955 -8104.9517   51   51 -7818.3409 -8104.9517  3.67%  16.1   20s
 54204 43096 -8104.9517   40   58 -7818.3409 -8104.9517  3.67%  15.9   30s
 54315 53053 -8104.9517   41   64 -7818.3409 -8104.9517  3.67%  15.9   37s
 69934 56675 -8024.9325   74   28 -7818.3409 -8104.9517  3.67%  16.1   40s
 78407 63420     cutoff   76      -7818.3409 -8104.9517  3.67%  16.4   45s
 89442 71859 -8104.9517   40   64 -7818.3409 -8104.9517  3.67%  16.6   50s
 94319 74853 -7850.7848   75   28 -7818.3409 -8104.9517  3.67%  16.8   65s
 102196 81995 -8104.9517   42   60 -7818.3409 -8104.9517  3.67%  16.9   70s
 113002 90352 -8104.9517   67   31 -7818.3409 -8104.9517  3.67%  17.0   75s
 124101 99546 -8104.9517   41   60 -7818.3409 -8104.9517  3.67%  17.1   80s
 135582 107509 -8104.9517   62   37 -7818.3409 -8104.9517  3.67%  17.1   85s
 146338 116426 -8104.9517   42   61 -7818.3409 -8104.9517  3.67%  17.1   90s

Cutting planes:
  Gomory: 61
  Implied bound: 67
  MIR: 358
  Flow cover: 281
  RLT: 95
  Relax-and-lift: 130

Explored 148763 nodes (2554383 simplex iterations) in 90.70 seconds (36.66 work units)
Thread count was 12 (of 12 available processors)

Solution count 5: -7818.34 -7817.68 -7816.69 ... -4.32059e-11

Time limit reached
Best objective -7.818340933208e+03, best bound -8.104951666014e+03, gap 3.6659%
[89 / 150; MWC27 ] ✓ done.
[90 / 150; MWC28 ]: using timeout 32.8 sec...
Set parameter TimeLimit to value 3.2812128782272325e+01
Gurobi Optimizer version 10.0.1 build v10.0.1rc0 (linux64)

CPU model: 12th Gen Intel(R) Core(TM) i5-1235U, instruction set [SSE2|AVX|AVX2]
Thread count: 12 physical cores, 12 logical processors, using up to 12 threads

Optimize a model with 0 rows, 95 columns and 0 nonzeros
Model fingerprint: 0xac6fefe2
Model has 1090 quadratic objective terms
Variable types: 0 continuous, 95 integer (95 binary)
Coefficient statistics:
  Matrix range     [0e+00, 0e+00]
  Objective range  [2e+01, 8e+01]
  QObjective range [1e-02, 2e+01]
  Bounds range     [1e+00, 1e+00]
  RHS range        [0e+00, 0e+00]
Found heuristic solution: objective 0.0000000
Found heuristic solution: objective -0.0000000
Found heuristic solution: objective -1456.099856
Presolve time: 0.19s
Presolved: 1055 rows, 1150 columns, 3165 nonzeros
Variable types: 0 continuous, 1150 integer (1150 binary)

Root relaxation: objective -2.169644e+03, 152 iterations, 0.01 seconds (0.00 work units)

    Nodes    |    Current Node    |     Objective Bounds      |     Work
 Expl Unexpl |  Obj  Depth IntInf | Incumbent    BestBd   Gap | It/Node Time

     0     0 -2169.6444    0   94 -1456.0999 -2169.6444  49.0%     -    0s
     0     0 -1728.9245    0  437 -1456.0999 -1728.9245  18.7%     -    0s
     0     0 -1699.9923    0  509 -1456.0999 -1699.9923  16.7%     -    1s
     0     0 -1617.8761    0  731 -1456.0999 -1617.8761  11.1%     -    2s
     0     0 -1617.8761    0  731 -1456.0999 -1617.8761  11.1%     -    2s
     0     2 -1617.8761    0  731 -1456.0999 -1617.8761  11.1%     -    2s
    39    52 -1553.6982    5  750 -1456.0999 -1582.0230  8.65%   686    5s
   315   280 -1494.1633   15  569 -1456.0999 -1582.0230  8.65%   290   10s
H  536   411                    -1460.900618 -1582.0230  8.29%   239   12s
   772   598 -1548.2669    6  678 -1460.9006 -1571.4884  7.57%   218   15s
  1379   970 -1531.2574    8  659 -1460.9006 -1566.8548  7.25%   193   20s
  1850  1179 -1513.1645   12  528 -1460.9006 -1558.4522  6.68%   184   25s
  1866  1190 -1510.9456   12  965 -1460.9006 -1558.4522  6.68%   182   30s

Cutting planes:
  Gomory: 16
  MIR: 120
  Flow cover: 101
  Zero half: 160
  RLT: 289
  BQP: 371

Explored 1874 nodes (359876 simplex iterations) in 32.82 seconds (17.72 work units)
Thread count was 12 (of 12 available processors)

Solution count 3: -1460.9 -1456.1 -6.41176e-12 

Time limit reached
Best objective -1.460900617950e+03, best bound -1.540318107182e+03, gap 5.4362%
[90 / 150; MWC28 ] ✓ done.
[91 / 150; MWC29 ]: using timeout 108.4 sec...
Set parameter TimeLimit to value 1.0836424994468678e+02
Gurobi Optimizer version 10.0.1 build v10.0.1rc0 (linux64)

CPU model: 12th Gen Intel(R) Core(TM) i5-1235U, instruction set [SSE2|AVX|AVX2]
Thread count: 12 physical cores, 12 logical processors, using up to 12 threads

Optimize a model with 0 rows, 95 columns and 0 nonzeros
Model fingerprint: 0x5ae1dea6
Model has 2276 quadratic objective terms
Variable types: 0 continuous, 95 integer (95 binary)
Coefficient statistics:
  Matrix range     [0e+00, 0e+00]
  Objective range  [1e+02, 3e+02]
  QObjective range [2e-02, 4e+01]
  Bounds range     [1e+00, 1e+00]
  RHS range        [0e+00, 0e+00]
Found heuristic solution: objective 0.0000000
Found heuristic solution: objective -0.0000000
Found heuristic solution: objective -6102.063227
Presolve time: 0.20s
Presolved: 0 rows, 95 columns, 0 nonzeros
Presolved model has 2311 quadratic objective terms
Variable types: 0 continuous, 95 integer (95 binary)

Root relaxation: objective -6.428254e+03, 138 iterations, 0.00 seconds (0.00 work units)

    Nodes    |    Current Node    |     Objective Bounds      |     Work
 Expl Unexpl |  Obj  Depth IntInf | Incumbent    BestBd   Gap | It/Node Time

     0     0 -6428.2543    0   91 -6102.0632 -6428.2543  5.35%     -    0s
     0     0 -6428.2543    0   91 -6102.0632 -6428.2543  5.35%     -    0s
     0     2 -6428.2543    0   91 -6102.0632 -6428.2543  5.35%     -    0s
H   32    40                    -6118.966853 -6406.4467  4.70%   3.3    0s
  2379  1998 -6386.8860   35   74 -6118.9669 -6386.8860  4.38%  13.7    5s
  6582  4348 -6386.8860   35   69 -6118.9669 -6386.8860  4.38%  25.1   10s
 12731  9017 -6386.8860   42   58 -6118.9669 -6386.8860  4.38%  26.2   15s
 19996 15398 -6386.8860   52   56 -6118.9669 -6386.8860  4.38%  26.0   20s
 28682 23082 -6386.8860   37   71 -6118.9669 -6386.8860  4.38%  25.6   25s
 36983 30314 -6386.8860   36   75 -6118.9669 -6386.8860  4.38%  25.5   30s
 47679 38009 -6386.8860   52   49 -6118.9669 -6386.8860  4.38%  25.0   42s
 50989 41647 -6386.8860   47   50 -6118.9669 -6386.8860  4.38%  25.1   45s
 55676 45945 -6386.8860   38   70 -6118.9669 -6386.8860  4.38%  25.1   55s
 62699 51198 -6386.8860   38   72 -6118.9669 -6386.8860  4.38%  25.3   60s
 68863 56605 -6386.8860   46   57 -6118.9669 -6386.8860  4.38%  25.7   65s
 74676 61170 -6386.8860   39   67 -6118.9669 -6386.8860  4.38%  26.0   70s
 79804 65981 -6386.8860   46   58 -6118.9669 -6386.8860  4.38%  26.2   75s
 84921 69625 -6386.8860   46   59 -6118.9669 -6386.8860  4.38%  26.3   80s
 89231 73614 -6386.8860   41   62 -6118.9669 -6386.8860  4.38%  26.7   86s
 93140 76399 -6386.8860   38   71 -6118.9669 -6386.8860  4.38%  26.8   90s
 98801 81222 -6386.8860   39   69 -6118.9669 -6386.8860  4.38%  26.9   95s
 105186 86115     cutoff   83      -6118.9669 -6386.8860  4.38%  27.0  100s
 109575 89763 -6386.8860   60   42 -6118.9669 -6386.8860  4.38%  27.2  106s

Cutting planes:
  Gomory: 63
  Implied bound: 37
  MIR: 326
  Flow cover: 297
  RLT: 198
  Relax-and-lift: 146

Explored 113282 nodes (3088262 simplex iterations) in 108.38 seconds (45.58 work units)
Thread count was 12 (of 12 available processors)

Solution count 3: -6118.97 -6102.06 -3.06772e-11 

Time limit reached
Best objective -6.118966852532e+03, best bound -6.386885974489e+03, gap 4.3785%
[91 / 150; MWC29 ] ✓ done.
[92 / 150; MWC3 ]: using timeout 6.5 sec...
Set parameter TimeLimit to value 6.4873774051666260e+00
Gurobi Optimizer version 10.0.1 build v10.0.1rc0 (linux64)

CPU model: 12th Gen Intel(R) Core(TM) i5-1235U, instruction set [SSE2|AVX|AVX2]
Thread count: 12 physical cores, 12 logical processors, using up to 12 threads

Optimize a model with 0 rows, 5 columns and 0 nonzeros
Model fingerprint: 0x7b9384ab
Model has 10 quadratic objective terms
Variable types: 0 continuous, 5 integer (5 binary)
Coefficient statistics:
  Matrix range     [0e+00, 0e+00]
  Objective range  [7e+00, 1e+01]
  QObjective range [4e+00, 2e+01]
  Bounds range     [1e+00, 1e+00]
  RHS range        [0e+00, 0e+00]
Found heuristic solution: objective 0.0000000
Found heuristic solution: objective -21.2553723
Presolve time: 0.00s
Presolved: 6 rows, 11 columns, 18 nonzeros
Variable types: 0 continuous, 11 integer (11 binary)

Root relaxation: objective -2.168421e+01, 5 iterations, 0.00 seconds (0.00 work units)

    Nodes    |    Current Node    |     Objective Bounds      |     Work
 Expl Unexpl |  Obj  Depth IntInf | Incumbent    BestBd   Gap | It/Node Time

     0     0 infeasible    0       -21.25537  -21.25537  0.00%     -    0s

Explored 1 nodes (5 simplex iterations) in 0.00 seconds (0.00 work units)
Thread count was 12 (of 12 available processors)

Solution count 2: -21.2554 0 
No other solutions better than -21.2554

Optimal solution found (tolerance 1.00e-04)
Best objective -2.125537228510e+01, best bound -2.125537228510e+01, gap 0.0000%
[92 / 150; MWC3 ] ✓ done.
[93 / 150; MWC30 ]: using timeout 114.5 sec...
Set parameter TimeLimit to value 1.1446166992187520e+02
Gurobi Optimizer version 10.0.1 build v10.0.1rc0 (linux64)

CPU model: 12th Gen Intel(R) Core(TM) i5-1235U, instruction set [SSE2|AVX|AVX2]
Thread count: 12 physical cores, 12 logical processors, using up to 12 threads

Optimize a model with 0 rows, 95 columns and 0 nonzeros
Model fingerprint: 0x8d6ee665
Model has 3338 quadratic objective terms
Variable types: 0 continuous, 95 integer (95 binary)
Coefficient statistics:
  Matrix range     [0e+00, 0e+00]
  Objective range  [8e+01, 1e+02]
  QObjective range [3e-03, 1e+01]
  Bounds range     [1e+00, 1e+00]
  RHS range        [0e+00, 0e+00]
Found heuristic solution: objective 0.0000000
Found heuristic solution: objective -2860.295187
Found heuristic solution: objective -2861.283008
Presolve time: 0.39s
Presolved: 0 rows, 95 columns, 0 nonzeros
Presolved model has 3353 quadratic objective terms
Variable types: 0 continuous, 95 integer (95 binary)
Found heuristic solution: objective -2864.203535

Root relaxation: objective -2.968639e+03, 130 iterations, 0.01 seconds (0.00 work units)

    Nodes    |    Current Node    |     Objective Bounds      |     Work
 Expl Unexpl |  Obj  Depth IntInf | Incumbent    BestBd   Gap | It/Node Time

     0     0 -2968.6386    0   90 -2864.2035 -2968.6386  3.65%     -    0s
     0     0 -2968.6386    0   90 -2864.2035 -2968.6386  3.65%     -    0s
H    0     2                    -2868.321371 -2968.6386  3.50%     -    0s
     0     2 -2968.6386    0   90 -2868.3214 -2968.6386  3.50%     -    0s
H   16    28                    -2868.329538 -2964.1160  3.34%   4.2    0s
  2056  1733 -2954.8931   34   69 -2868.3295 -2954.8931  3.02%   8.9    5s
  4652  3238 -2954.8931   37   62 -2868.3295 -2954.8931  3.02%  13.0   10s
 13519 10102 -2954.8931   45   54 -2868.3295 -2954.8931  3.02%  14.7   15s
 25259 21021 -2954.8931   34   65 -2868.3295 -2954.8931  3.02%  14.7   20s
 36643 30907 -2954.8931   34   70 -2868.3295 -2954.8931  3.02%  14.8   25s
 48766 40779 -2954.8931   46   54 -2868.3295 -2954.8931  3.02%  14.7   30s
 55205 46390 -2954.8931   64   42 -2868.3295 -2954.8931  3.02%  14.6   43s
 58647 48479 -2954.8931   40   66 -2868.3295 -2954.8931  3.02%  14.8   45s
 65334 54480 -2954.8931   35   71 -2868.3295 -2954.8931  3.02%  15.7   50s
 71430 59479 -2954.8931   39   63 -2868.3295 -2954.8931  3.02%  16.2   55s
 79826 66627 -2924.9639   77   30 -2868.3295 -2954.8931  3.02%  16.8   60s
 90868 74655 -2954.8931   40   64 -2868.3295 -2954.8931  3.02%  17.2   65s
 100402 82926 -2954.8931   36   68 -2868.3295 -2954.8931  3.02%  17.6   70s
 108928 89640 -2954.8931   37   62 -2868.3295 -2954.8931  3.02%  17.9   75s
 116533 96177 -2954.8931   36   73 -2868.3295 -2954.8931  3.02%  18.2   80s
 125890 103027 -2954.8931   37   69 -2868.3295 -2954.8931  3.02%  18.4   98s
 127239 104509 -2954.8931   37   68 -2868.3295 -2954.8931  3.02%  18.5  100s
 137402 113157 -2954.8931   38   69 -2868.3295 -2954.8931  3.02%  18.7  105s
 147144 121071 -2954.8931   37   68 -2868.3295 -2954.8931  3.02%  18.9  110s

Cutting planes:
  Gomory: 67
  Implied bound: 79
  MIR: 280
  Flow cover: 204
  RLT: 87
  Relax-and-lift: 141

Explored 157427 nodes (2979558 simplex iterations) in 114.47 seconds (43.97 work units)
Thread count was 12 (of 12 available processors)

Solution count 6: -2868.33 -2868.32 -2864.2 ... 0

Time limit reached
Best objective -2.868329538198e+03, best bound -2.954893067935e+03, gap 3.0179%
[93 / 150; MWC30 ] ✓ done.
[94 / 150; MWC313 ]: using timeout 6.3 sec...
Set parameter TimeLimit to value 6.3365848064422607e+00
Gurobi Optimizer version 10.0.1 build v10.0.1rc0 (linux64)

CPU model: 12th Gen Intel(R) Core(TM) i5-1235U, instruction set [SSE2|AVX|AVX2]
Thread count: 12 physical cores, 12 logical processors, using up to 12 threads

Optimize a model with 0 rows, 5 columns and 0 nonzeros
Model fingerprint: 0x0640531c
Model has 3 quadratic objective terms
Variable types: 0 continuous, 5 integer (5 binary)
Coefficient statistics:
  Matrix range     [0e+00, 0e+00]
  Objective range  [8e-02, 3e+00]
  QObjective range [3e-01, 1e+01]
  Bounds range     [1e+00, 1e+00]
  RHS range        [0e+00, 0e+00]
Found heuristic solution: objective 0.0000000
Found heuristic solution: objective -3.1753659
Presolve removed 0 rows and 5 columns
Presolve time: 0.00s
Presolve: All rows and columns removed

Explored 0 nodes (0 simplex iterations) in 0.00 seconds (0.00 work units)
Thread count was 1 (of 12 available processors)

Solution count 2: -3.17537 0 
No other solutions better than -3.17537

Optimal solution found (tolerance 1.00e-04)
Best objective -3.175365869135e+00, best bound -3.175365869135e+00, gap 0.0000%
[94 / 150; MWC313 ] ✓ done.
[95 / 150; MWC314 ]: using timeout 7.0 sec...
Set parameter TimeLimit to value 7.0082166194915771e+00
Gurobi Optimizer version 10.0.1 build v10.0.1rc0 (linux64)

CPU model: 12th Gen Intel(R) Core(TM) i5-1235U, instruction set [SSE2|AVX|AVX2]
Thread count: 12 physical cores, 12 logical processors, using up to 12 threads

Optimize a model with 0 rows, 5 columns and 0 nonzeros
Model fingerprint: 0xb472f0ac
Model has 5 quadratic objective terms
Variable types: 0 continuous, 5 integer (5 binary)
Coefficient statistics:
  Matrix range     [0e+00, 0e+00]
  Objective range  [5e-01, 8e+00]
  QObjective range [9e-01, 1e+01]
  Bounds range     [1e+00, 1e+00]
  RHS range        [0e+00, 0e+00]
Found heuristic solution: objective 0.0000000
Found heuristic solution: objective -8.9784023
Presolve removed 0 rows and 5 columns
Presolve time: 0.00s
Presolve: All rows and columns removed

Explored 0 nodes (0 simplex iterations) in 0.00 seconds (0.00 work units)
Thread count was 1 (of 12 available processors)

Solution count 2: -8.9784 0 
No other solutions better than -8.9784

Optimal solution found (tolerance 1.00e-04)
Best objective -8.978402302924e+00, best bound -8.978402302924e+00, gap 0.0000%
[95 / 150; MWC314 ] ✓ done.
[96 / 150; MWC315 ]: using timeout 6.4 sec...
Set parameter TimeLimit to value 6.3848295211791992e+00
Gurobi Optimizer version 10.0.1 build v10.0.1rc0 (linux64)

CPU model: 12th Gen Intel(R) Core(TM) i5-1235U, instruction set [SSE2|AVX|AVX2]
Thread count: 12 physical cores, 12 logical processors, using up to 12 threads

Optimize a model with 0 rows, 5 columns and 0 nonzeros
Model fingerprint: 0xe7bc9352
Model has 5 quadratic objective terms
Variable types: 0 continuous, 5 integer (5 binary)
Coefficient statistics:
  Matrix range     [0e+00, 0e+00]
  Objective range  [4e-01, 1e+01]
  QObjective range [2e+00, 2e+01]
  Bounds range     [1e+00, 1e+00]
  RHS range        [0e+00, 0e+00]
Found heuristic solution: objective 0.0000000
Found heuristic solution: objective -0.0000000
Found heuristic solution: objective -11.5810705
Presolve removed 0 rows and 5 columns
Presolve time: 0.00s
Presolve: All rows and columns removed

Explored 0 nodes (0 simplex iterations) in 0.00 seconds (0.00 work units)
Thread count was 1 (of 12 available processors)

Solution count 3: -11.5811 -5.32907e-15 0 
No other solutions better than -11.5811

Optimal solution found (tolerance 1.00e-04)
Best objective -1.158107049262e+01, best bound -1.158107049262e+01, gap 0.0000%
[96 / 150; MWC315 ] ✓ done.
[97 / 150; MWC316 ]: using timeout 6.6 sec...
Set parameter TimeLimit to value 6.5892915725708008e+00
Gurobi Optimizer version 10.0.1 build v10.0.1rc0 (linux64)

CPU model: 12th Gen Intel(R) Core(TM) i5-1235U, instruction set [SSE2|AVX|AVX2]
Thread count: 12 physical cores, 12 logical processors, using up to 12 threads

Optimize a model with 0 rows, 15 columns and 0 nonzeros
Model fingerprint: 0x48d21128
Model has 23 quadratic objective terms
Variable types: 0 continuous, 15 integer (15 binary)
Coefficient statistics:
  Matrix range     [0e+00, 0e+00]
  Objective range  [2e+00, 1e+01]
  QObjective range [4e-01, 1e+01]
  Bounds range     [1e+00, 1e+00]
  RHS range        [0e+00, 0e+00]
Found heuristic solution: objective 0.0000000
Found heuristic solution: objective -31.9396371
Presolve removed 0 rows and 6 columns
Presolve time: 0.00s
Presolved: 15 rows, 24 columns, 45 nonzeros
Variable types: 0 continuous, 24 integer (24 binary)

Root relaxation: objective -3.299648e+01, 8 iterations, 0.00 seconds (0.00 work units)

    Nodes    |    Current Node    |     Objective Bounds      |     Work
 Expl Unexpl |  Obj  Depth IntInf | Incumbent    BestBd   Gap | It/Node Time

     0     0 infeasible    0       -31.93964  -31.93964  0.00%     -    0s

Explored 1 nodes (8 simplex iterations) in 0.01 seconds (0.00 work units)
Thread count was 12 (of 12 available processors)

Solution count 2: -31.9396 0 
No other solutions better than -31.9396

Optimal solution found (tolerance 1.00e-04)
Best objective -3.193963712642e+01, best bound -3.193963712642e+01, gap 0.0000%
[97 / 150; MWC316 ] ✓ done.
[98 / 150; MWC317 ]: using timeout 6.7 sec...
Set parameter TimeLimit to value 6.6646523475646973e+00
Gurobi Optimizer version 10.0.1 build v10.0.1rc0 (linux64)

CPU model: 12th Gen Intel(R) Core(TM) i5-1235U, instruction set [SSE2|AVX|AVX2]
Thread count: 12 physical cores, 12 logical processors, using up to 12 threads

Optimize a model with 0 rows, 15 columns and 0 nonzeros
Model fingerprint: 0xe32a0856
Model has 56 quadratic objective terms
Variable types: 0 continuous, 15 integer (15 binary)
Coefficient statistics:
  Matrix range     [0e+00, 0e+00]
  Objective range  [1e+01, 4e+01]
  QObjective range [1e-01, 4e+01]
  Bounds range     [1e+00, 1e+00]
  RHS range        [0e+00, 0e+00]
Found heuristic solution: objective 0.0000000
Found heuristic solution: objective -0.0000000
Found heuristic solution: objective -161.1192727
Presolve removed 0 rows and 1 columns
Presolve time: 0.00s
Presolved: 47 rows, 61 columns, 141 nonzeros
Variable types: 0 continuous, 61 integer (61 binary)

Root relaxation: objective -1.916272e+02, 23 iterations, 0.00 seconds (0.00 work units)

    Nodes    |    Current Node    |     Objective Bounds      |     Work
 Expl Unexpl |  Obj  Depth IntInf | Incumbent    BestBd   Gap | It/Node Time

     0     0 -191.62715    0   13 -161.11927 -191.62715  18.9%     -    0s

Cutting planes:
  Gomory: 1
  MIR: 18
  Zero half: 11
  RLT: 6
  BQP: 12

Explored 1 nodes (23 simplex iterations) in 0.01 seconds (0.00 work units)
Thread count was 12 (of 12 available processors)

Solution count 3: -161.119 -1.13687e-13 0 
No other solutions better than -161.119

Optimal solution found (tolerance 1.00e-04)
Best objective -1.611192726860e+02, best bound -1.611192726860e+02, gap 0.0000%
[98 / 150; MWC317 ] ✓ done.
[99 / 150; MWC318 ]: using timeout 6.6 sec...
Set parameter TimeLimit to value 6.6094427108764648e+00
Gurobi Optimizer version 10.0.1 build v10.0.1rc0 (linux64)

CPU model: 12th Gen Intel(R) Core(TM) i5-1235U, instruction set [SSE2|AVX|AVX2]
Thread count: 12 physical cores, 12 logical processors, using up to 12 threads

Optimize a model with 0 rows, 15 columns and 0 nonzeros
Model fingerprint: 0xac1e7ec3
Model has 73 quadratic objective terms
Variable types: 0 continuous, 15 integer (15 binary)
Coefficient statistics:
  Matrix range     [0e+00, 0e+00]
  Objective range  [3e+01, 6e+01]
  QObjective range [2e-01, 4e+01]
  Bounds range     [1e+00, 1e+00]
  RHS range        [0e+00, 0e+00]
Found heuristic solution: objective 0.0000000
Found heuristic solution: objective -215.4882409
Presolve time: 0.00s
Presolved: 60 rows, 75 columns, 180 nonzeros
Variable types: 0 continuous, 75 integer (75 binary)

Root relaxation: objective -2.939701e+02, 23 iterations, 0.00 seconds (0.00 work units)

    Nodes    |    Current Node    |     Objective Bounds      |     Work
 Expl Unexpl |  Obj  Depth IntInf | Incumbent    BestBd   Gap | It/Node Time

     0     0 -293.97012    0   14 -215.48824 -293.97012  36.4%     -    0s
     0     0 -229.67239    0   46 -215.48824 -229.67239  6.58%     -    0s
     0     0 -215.49082    0   59 -215.48824 -215.49082  0.00%     -    0s

Cutting planes:
  Gomory: 1
  MIR: 28
  Zero half: 13
  RLT: 13
  BQP: 16

Explored 1 nodes (161 simplex iterations) in 0.03 seconds (0.01 work units)
Thread count was 12 (of 12 available processors)

Solution count 2: -215.488 0 

Optimal solution found (tolerance 1.00e-04)
Best objective -2.154882409298e+02, best bound -2.154908246533e+02, gap 0.0012%
[99 / 150; MWC318 ] ✓ done.
[100 / 150; MWC319 ]: using timeout 6.6 sec...
Set parameter TimeLimit to value 6.6126658916473389e+00
Gurobi Optimizer version 10.0.1 build v10.0.1rc0 (linux64)

CPU model: 12th Gen Intel(R) Core(TM) i5-1235U, instruction set [SSE2|AVX|AVX2]
Thread count: 12 physical cores, 12 logical processors, using up to 12 threads

Optimize a model with 0 rows, 25 columns and 0 nonzeros
Model fingerprint: 0x1998b896
Model has 76 quadratic objective terms
Variable types: 0 continuous, 25 integer (25 binary)
Coefficient statistics:
  Matrix range     [0e+00, 0e+00]
  Objective range  [4e+00, 4e+01]
  QObjective range [9e-01, 3e+01]
  Bounds range     [1e+00, 1e+00]
  RHS range        [0e+00, 0e+00]
Found heuristic solution: objective 0.0000000
Found heuristic solution: objective -219.5595296
Found heuristic solution: objective -219.7084550
Presolve removed 0 rows and 3 columns
Presolve time: 0.00s
Presolved: 64 rows, 86 columns, 192 nonzeros
Variable types: 0 continuous, 86 integer (86 binary)

Root relaxation: objective -2.594206e+02, 23 iterations, 0.00 seconds (0.00 work units)

    Nodes    |    Current Node    |     Objective Bounds      |     Work
 Expl Unexpl |  Obj  Depth IntInf | Incumbent    BestBd   Gap | It/Node Time

     0     0 -259.42060    0   21 -219.70845 -259.42060  18.1%     -    0s
     0     0 -230.14868    0   37 -219.70845 -230.14868  4.75%     -    0s

Cutting planes:
  Gomory: 2
  MIR: 12
  Zero half: 19
  RLT: 5
  BQP: 6

Explored 1 nodes (60 simplex iterations) in 0.02 seconds (0.00 work units)
Thread count was 12 (of 12 available processors)

Solution count 3: -219.708 -219.56 0 
No other solutions better than -219.708

Optimal solution found (tolerance 1.00e-04)
Best objective -2.197084549727e+02, best bound -2.197084549727e+02, gap 0.0000%
[100 / 150; MWC319 ] ✓ done.
[101 / 150; MWC320 ]: using timeout 6.8 sec...
Set parameter TimeLimit to value 6.8452301025390625e+00
Gurobi Optimizer version 10.0.1 build v10.0.1rc0 (linux64)

CPU model: 12th Gen Intel(R) Core(TM) i5-1235U, instruction set [SSE2|AVX|AVX2]
Thread count: 12 physical cores, 12 logical processors, using up to 12 threads

Optimize a model with 0 rows, 25 columns and 0 nonzeros
Model fingerprint: 0xf3b9dbed
Model has 151 quadratic objective terms
Variable types: 0 continuous, 25 integer (25 binary)
Coefficient statistics:
  Matrix range     [0e+00, 0e+00]
  Objective range  [4e+01, 8e+01]
  QObjective range [8e-01, 4e+01]
  Bounds range     [1e+00, 1e+00]
  RHS range        [0e+00, 0e+00]
Found heuristic solution: objective 0.0000000
Found heuristic solution: objective -0.0000000
Found heuristic solution: objective -520.8336076
Presolve time: 0.01s
Presolved: 136 rows, 161 columns, 408 nonzeros
Variable types: 0 continuous, 161 integer (161 binary)

Root relaxation: objective -6.892997e+02, 27 iterations, 0.00 seconds (0.00 work units)

    Nodes    |    Current Node    |     Objective Bounds      |     Work
 Expl Unexpl |  Obj  Depth IntInf | Incumbent    BestBd   Gap | It/Node Time

     0     0 -689.29967    0   24 -520.83361 -689.29967  32.3%     -    0s
     0     0 -556.76634    0   66 -520.83361 -556.76634  6.90%     -    0s
     0     0 -555.03446    0   65 -520.83361 -555.03446  6.57%     -    0s
     0     0 -537.69232    0   93 -520.83361 -537.69232  3.24%     -    0s
     0     0 -537.69232    0   93 -520.83361 -537.69232  3.24%     -    0s
     0     2 -537.69232    0   93 -520.83361 -537.69232  3.24%     -    0s

Cutting planes:
  Gomory: 9
  MIR: 32
  Zero half: 13
  RLT: 22
  BQP: 38

Explored 5 nodes (471 simplex iterations) in 0.14 seconds (0.05 work units)
Thread count was 12 (of 12 available processors)

Solution count 2: -520.834 -6.18172e-13 
No other solutions better than -520.834

Optimal solution found (tolerance 1.00e-04)
Best objective -5.208336075949e+02, best bound -5.208336075949e+02, gap 0.0000%
[101 / 150; MWC320 ] ✓ done.
[102 / 150; MWC321 ]: using timeout 7.7 sec...
Set parameter TimeLimit to value 7.6703882217407280e+00
Gurobi Optimizer version 10.0.1 build v10.0.1rc0 (linux64)

CPU model: 12th Gen Intel(R) Core(TM) i5-1235U, instruction set [SSE2|AVX|AVX2]
Thread count: 12 physical cores, 12 logical processors, using up to 12 threads

Optimize a model with 0 rows, 25 columns and 0 nonzeros
Model fingerprint: 0x7c1c972e
Model has 235 quadratic objective terms
Variable types: 0 continuous, 25 integer (25 binary)
Coefficient statistics:
  Matrix range     [0e+00, 0e+00]
  Objective range  [6e+01, 1e+02]
  QObjective range [3e-01, 4e+01]
  Bounds range     [1e+00, 1e+00]
  RHS range        [0e+00, 0e+00]
Found heuristic solution: objective 0.0000000
Found heuristic solution: objective -0.0000000
Found heuristic solution: objective -718.5676109
Presolve time: 0.00s
Presolved: 214 rows, 239 columns, 642 nonzeros
Variable types: 0 continuous, 239 integer (239 binary)

Root relaxation: objective -1.045942e+03, 32 iterations, 0.00 seconds (0.00 work units)

    Nodes    |    Current Node    |     Objective Bounds      |     Work
 Expl Unexpl |  Obj  Depth IntInf | Incumbent    BestBd   Gap | It/Node Time

     0     0 -1045.9416    0   24 -718.56761 -1045.9416  45.6%     -    0s
     0     0 -861.82333    0   92 -718.56761 -861.82333  19.9%     -    0s
     0     0 -860.01386    0  104 -718.56761 -860.01386  19.7%     -    0s
     0     0 -752.95072    0  229 -718.56761 -752.95072  4.78%     -    0s
     0     2 -752.95072    0  229 -718.56761 -752.95072  4.78%     -    0s

Cutting planes:
  Gomory: 4
  MIR: 66
  Zero half: 18
  RLT: 56
  BQP: 39

Explored 64 nodes (4150 simplex iterations) in 0.36 seconds (0.13 work units)
Thread count was 12 (of 12 available processors)

Solution count 2: -718.568 -8.34888e-13 
No other solutions better than -718.568

Optimal solution found (tolerance 1.00e-04)
Best objective -7.185676108808e+02, best bound -7.185676108808e+02, gap 0.0000%
[102 / 150; MWC321 ] ✓ done.
[103 / 150; MWC322 ]: using timeout 6.6 sec...
Set parameter TimeLimit to value 6.5659146308898926e+00
Gurobi Optimizer version 10.0.1 build v10.0.1rc0 (linux64)

CPU model: 12th Gen Intel(R) Core(TM) i5-1235U, instruction set [SSE2|AVX|AVX2]
Thread count: 12 physical cores, 12 logical processors, using up to 12 threads

Optimize a model with 0 rows, 35 columns and 0 nonzeros
Model fingerprint: 0x3c7c6a1a
Model has 159 quadratic objective terms
Variable types: 0 continuous, 35 integer (35 binary)
Coefficient statistics:
  Matrix range     [0e+00, 0e+00]
  Objective range  [3e+00, 2e+01]
  QObjective range [6e-02, 1e+01]
  Bounds range     [1e+00, 1e+00]
  RHS range        [0e+00, 0e+00]
Found heuristic solution: objective 0.0000000
Found heuristic solution: objective -186.3333492
Presolve time: 0.01s
Presolved: 146 rows, 181 columns, 438 nonzeros
Variable types: 0 continuous, 181 integer (181 binary)

Root relaxation: objective -2.308358e+02, 50 iterations, 0.00 seconds (0.00 work units)

    Nodes    |    Current Node    |     Objective Bounds      |     Work
 Expl Unexpl |  Obj  Depth IntInf | Incumbent    BestBd   Gap | It/Node Time

     0     0 -230.83582    0   34 -186.33335 -230.83582  23.9%     -    0s
     0     0 -191.27144    0   70 -186.33335 -191.27144  2.65%     -    0s
     0     0 -187.86956    0   76 -186.33335 -187.86956  0.82%     -    0s

Cutting planes:
  Gomory: 4
  MIR: 27
  Zero half: 32
  RLT: 18
  BQP: 22

Explored 1 nodes (319 simplex iterations) in 0.08 seconds (0.02 work units)
Thread count was 12 (of 12 available processors)

Solution count 2: -186.333 0 
No other solutions better than -186.333

Optimal solution found (tolerance 1.00e-04)
Best objective -1.863333492444e+02, best bound -1.863333492444e+02, gap 0.0000%
[103 / 150; MWC322 ] ✓ done.
[104 / 150; MWC323 ]: using timeout 8.8 sec...
Set parameter TimeLimit to value 8.7581286430358851e+00
Gurobi Optimizer version 10.0.1 build v10.0.1rc0 (linux64)

CPU model: 12th Gen Intel(R) Core(TM) i5-1235U, instruction set [SSE2|AVX|AVX2]
Thread count: 12 physical cores, 12 logical processors, using up to 12 threads

Optimize a model with 0 rows, 35 columns and 0 nonzeros
Model fingerprint: 0x652154ec
Model has 303 quadratic objective terms
Variable types: 0 continuous, 35 integer (35 binary)
Coefficient statistics:
  Matrix range     [0e+00, 0e+00]
  Objective range  [4e+01, 1e+02]
  QObjective range [1e-02, 3e+01]
  Bounds range     [1e+00, 1e+00]
  RHS range        [0e+00, 0e+00]
Found heuristic solution: objective 0.0000000
Found heuristic solution: objective -820.7974847
Presolve time: 0.01s
Presolved: 280 rows, 315 columns, 840 nonzeros
Variable types: 0 continuous, 315 integer (315 binary)

Root relaxation: objective -1.165121e+03, 45 iterations, 0.00 seconds (0.00 work units)

    Nodes    |    Current Node    |     Objective Bounds      |     Work
 Expl Unexpl |  Obj  Depth IntInf | Incumbent    BestBd   Gap | It/Node Time

     0     0 -1165.1205    0   34 -820.79748 -1165.1205  41.9%     -    0s
     0     0 -939.93140    0  150 -820.79748 -939.93140  14.5%     -    0s
     0     0 -933.10688    0  144 -820.79748 -933.10688  13.7%     -    0s
     0     0 -855.17038    0  279 -820.79748 -855.17038  4.19%     -    0s
     0     0 -855.17038    0  279 -820.79748 -855.17038  4.19%     -    0s
     0     2 -855.17038    0  279 -820.79748 -855.17038  4.19%     -    0s

Cutting planes:
  Gomory: 5
  MIR: 59
  Zero half: 18
  RLT: 58
  BQP: 62

Explored 68 nodes (5712 simplex iterations) in 0.49 seconds (0.19 work units)
Thread count was 12 (of 12 available processors)

Solution count 2: -820.797 0 
No other solutions better than -820.797

Optimal solution found (tolerance 1.00e-04)
Best objective -8.207974847213e+02, best bound -8.207974847213e+02, gap 0.0000%
[104 / 150; MWC323 ] ✓ done.
[105 / 150; MWC324 ]: using timeout 8.6 sec...
Set parameter TimeLimit to value 8.5884685516357386e+00
Gurobi Optimizer version 10.0.1 build v10.0.1rc0 (linux64)

CPU model: 12th Gen Intel(R) Core(TM) i5-1235U, instruction set [SSE2|AVX|AVX2]
Thread count: 12 physical cores, 12 logical processors, using up to 12 threads

Optimize a model with 0 rows, 35 columns and 0 nonzeros
Model fingerprint: 0x55c53ef4
Model has 450 quadratic objective terms
Variable types: 0 continuous, 35 integer (35 binary)
Coefficient statistics:
  Matrix range     [0e+00, 0e+00]
  Objective range  [9e+01, 2e+02]
  QObjective range [8e-02, 4e+01]
  Bounds range     [1e+00, 1e+00]
  RHS range        [0e+00, 0e+00]
Found heuristic solution: objective 0.0000000
Found heuristic solution: objective -1280.357919
Presolve time: 0.01s
Presolved: 420 rows, 455 columns, 1260 nonzeros
Variable types: 0 continuous, 455 integer (455 binary)

Root relaxation: objective -1.987364e+03, 57 iterations, 0.00 seconds (0.00 work units)

    Nodes    |    Current Node    |     Objective Bounds      |     Work
 Expl Unexpl |  Obj  Depth IntInf | Incumbent    BestBd   Gap | It/Node Time

     0     0 -1987.3643    0   34 -1280.3579 -1987.3643  55.2%     -    0s
     0     0 -1630.2742    0  175 -1280.3579 -1630.2742  27.3%     -    0s
     0     0 -1601.0305    0  173 -1280.3579 -1601.0305  25.0%     -    0s
     0     0 -1599.7074    0  175 -1280.3579 -1599.7074  24.9%     -    0s
     0     0 -1426.5005    0  411 -1280.3579 -1426.5005  11.4%     -    0s
     0     0 -1426.5005    0  411 -1280.3579 -1426.5005  11.4%     -    0s
     0     2 -1426.5005    0  411 -1280.3579 -1426.5005  11.4%     -    0s
*  569   241              11    -1282.687713 -1362.5098  6.22%   153    3s
  1588   204 -1290.2895    7  311 -1282.6877 -1314.4276  2.47%   122    5s

Cutting planes:
  MIR: 255
  Zero half: 61
  RLT: 147
  BQP: 121

Explored 2001 nodes (248900 simplex iterations) in 5.81 seconds (3.11 work units)
Thread count was 12 (of 12 available processors)

Solution count 3: -1282.69 -1280.36 0 
No other solutions better than -1282.69

Optimal solution found (tolerance 1.00e-04)
Best objective -1.282687713398e+03, best bound -1.282687713398e+03, gap 0.0000%
[105 / 150; MWC324 ] ✓ done.
[106 / 150; MWC325 ]: using timeout 8.7 sec...
Set parameter TimeLimit to value 8.74224328994751
Gurobi Optimizer version 10.0.1 build v10.0.1rc0 (linux64)

CPU model: 12th Gen Intel(R) Core(TM) i5-1235U, instruction set [SSE2|AVX|AVX2]
Thread count: 12 physical cores, 12 logical processors, using up to 12 threads

Optimize a model with 0 rows, 45 columns and 0 nonzeros
Model fingerprint: 0x1907b838
Model has 255 quadratic objective terms
Variable types: 0 continuous, 45 integer (45 binary)
Coefficient statistics:
  Matrix range     [0e+00, 0e+00]
  Objective range  [1e+00, 1e+01]
  QObjective range [2e-03, 4e+00]
  Bounds range     [1e+00, 1e+00]
  RHS range        [0e+00, 0e+00]
Found heuristic solution: objective 0.0000000
Found heuristic solution: objective -91.7426489
Presolve time: 0.02s
Presolved: 239 rows, 284 columns, 717 nonzeros
Variable types: 0 continuous, 284 integer (284 binary)

Root relaxation: objective -1.210505e+02, 50 iterations, 0.00 seconds (0.00 work units)

    Nodes    |    Current Node    |     Objective Bounds      |     Work
 Expl Unexpl |  Obj  Depth IntInf | Incumbent    BestBd   Gap | It/Node Time

     0     0 -121.05048    0   44  -91.74265 -121.05048  31.9%     -    0s
     0     0  -99.43966    0  119  -91.74265  -99.43966  8.39%     -    0s
     0     0  -99.42835    0  120  -91.74265  -99.42835  8.38%     -    0s
     0     0  -96.60531    0  128  -91.74265  -96.60531  5.30%     -    0s
     0     0  -96.60531    0  128  -91.74265  -96.60531  5.30%     -    0s
     0     2  -96.60531    0  128  -91.74265  -96.60531  5.30%     -    0s

Cutting planes:
  Gomory: 8
  MIR: 38
  Zero half: 35
  RLT: 37
  BQP: 56

Explored 20 nodes (1269 simplex iterations) in 0.18 seconds (0.06 work units)
Thread count was 12 (of 12 available processors)

Solution count 2: -91.7426 0 
No other solutions better than -91.7426

Optimal solution found (tolerance 1.00e-04)
Best objective -9.174264887358e+01, best bound -9.174264887358e+01, gap 0.0000%
[106 / 150; MWC325 ] ✓ done.
[107 / 150; MWC326 ]: using timeout 12.3 sec...
Set parameter TimeLimit to value 1.2345380544662481e+01
Gurobi Optimizer version 10.0.1 build v10.0.1rc0 (linux64)

CPU model: 12th Gen Intel(R) Core(TM) i5-1235U, instruction set [SSE2|AVX|AVX2]
Thread count: 12 physical cores, 12 logical processors, using up to 12 threads

Optimize a model with 0 rows, 45 columns and 0 nonzeros
Model fingerprint: 0x40e848a8
Model has 484 quadratic objective terms
Variable types: 0 continuous, 45 integer (45 binary)
Coefficient statistics:
  Matrix range     [0e+00, 0e+00]
  Objective range  [4e+01, 1e+02]
  QObjective range [3e-02, 2e+01]
  Bounds range     [1e+00, 1e+00]
  RHS range        [0e+00, 0e+00]
Found heuristic solution: objective 0.0000000
Found heuristic solution: objective -919.8251230
Presolve time: 0.07s
Presolved: 457 rows, 502 columns, 1371 nonzeros
Variable types: 0 continuous, 502 integer (502 binary)

Root relaxation: objective -1.388722e+03, 59 iterations, 0.00 seconds (0.00 work units)

    Nodes    |    Current Node    |     Objective Bounds      |     Work
 Expl Unexpl |  Obj  Depth IntInf | Incumbent    BestBd   Gap | It/Node Time

     0     0 -1388.7220    0   44 -919.82512 -1388.7220  51.0%     -    0s
     0     0 -1110.2907    0  221 -919.82512 -1110.2907  20.7%     -    0s
     0     0 -1105.8263    0  241 -919.82512 -1105.8263  20.2%     -    0s
     0     0 -1004.9459    0  444 -919.82512 -1004.9459  9.25%     -    0s
     0     0 -1004.9459    0  444 -919.82512 -1004.9459  9.25%     -    0s
     0     2 -1004.9459    0  444 -919.82512 -1004.9459  9.25%     -    0s
*  725   284              15    -921.1628299 -959.61329  4.17%   156    3s
  1182   343     cutoff   14      -921.16283 -949.79967  3.11%   139    5s
* 1710   320              11    -921.8222726 -941.74831  2.16%   132    6s

Cutting planes:
  Gomory: 2
  MIR: 171
  Zero half: 45
  RLT: 140
  BQP: 203

Explored 2590 nodes (315580 simplex iterations) in 7.46 seconds (3.92 work units)
Thread count was 12 (of 12 available processors)

Solution count 4: -921.822 -921.163 -919.825 0 
No other solutions better than -921.822

Optimal solution found (tolerance 1.00e-04)
Best objective -9.218222726323e+02, best bound -9.218222726323e+02, gap 0.0000%
[107 / 150; MWC326 ] ✓ done.
[108 / 150; MWC327 ]: using timeout 11.2 sec...
Set parameter TimeLimit to value 1.1204730510711670e+01
Gurobi Optimizer version 10.0.1 build v10.0.1rc0 (linux64)

CPU model: 12th Gen Intel(R) Core(TM) i5-1235U, instruction set [SSE2|AVX|AVX2]
Thread count: 12 physical cores, 12 logical processors, using up to 12 threads

Optimize a model with 0 rows, 45 columns and 0 nonzeros
Model fingerprint: 0x639fe6fe
Model has 753 quadratic objective terms
Variable types: 0 continuous, 45 integer (45 binary)
Coefficient statistics:
  Matrix range     [0e+00, 0e+00]
  Objective range  [2e+01, 4e+01]
  QObjective range [3e-02, 8e+00]
  Bounds range     [1e+00, 1e+00]
  RHS range        [0e+00, 0e+00]
Found heuristic solution: objective 0.0000000
Found heuristic solution: objective -451.5899396
Presolve time: 0.11s
Presolved: 719 rows, 764 columns, 2157 nonzeros
Variable types: 0 continuous, 764 integer (764 binary)

Root relaxation: objective -7.284582e+02, 95 iterations, 0.00 seconds (0.00 work units)

    Nodes    |    Current Node    |     Objective Bounds      |     Work
 Expl Unexpl |  Obj  Depth IntInf | Incumbent    BestBd   Gap | It/Node Time

     0     0 -728.45818    0   44 -451.58994 -728.45818  61.3%     -    0s
     0     0 -614.65813    0  247 -451.58994 -614.65813  36.1%     -    0s
     0     0 -604.94735    0  269 -451.58994 -604.94735  34.0%     -    0s
     0     0 -519.08421    0  677 -451.58994 -519.08421  14.9%     -    1s
     0     0 -519.08421    0  677 -451.58994 -519.08421  14.9%     -    1s
     0     2 -519.08421    0  677 -451.58994 -519.08421  14.9%     -    2s
    39    52 -486.96711    5  600 -451.58994 -504.08716  11.6%  1276    5s
   195   158 -468.64069   10  506 -451.58994 -504.08716  11.6%   662   10s

Cutting planes:
  Gomory: 2
  MIR: 363
  Zero half: 59
  RLT: 336
  BQP: 367

Explored 252 nodes (157912 simplex iterations) in 11.21 seconds (6.96 work units)
Thread count was 12 (of 12 available processors)

Solution count 2: -451.59 0 

Time limit reached
Best objective -4.515899396030e+02, best bound -5.040871575476e+02, gap 11.6250%
[108 / 150; MWC327 ] ✓ done.
[109 / 150; MWC328 ]: using timeout 8.4 sec...
Set parameter TimeLimit to value 8.4048254489898735e+00
Gurobi Optimizer version 10.0.1 build v10.0.1rc0 (linux64)

CPU model: 12th Gen Intel(R) Core(TM) i5-1235U, instruction set [SSE2|AVX|AVX2]
Thread count: 12 physical cores, 12 logical processors, using up to 12 threads

Optimize a model with 0 rows, 55 columns and 0 nonzeros
Model fingerprint: 0x565f7e30
Model has 364 quadratic objective terms
Variable types: 0 continuous, 55 integer (55 binary)
Coefficient statistics:
  Matrix range     [0e+00, 0e+00]
  Objective range  [2e+01, 9e+01]
  QObjective range [1e-01, 3e+01]
  Bounds range     [1e+00, 1e+00]
  RHS range        [0e+00, 0e+00]
Found heuristic solution: objective 0.0000000
Found heuristic solution: objective -0.0000000
Found heuristic solution: objective -939.7389705
Presolve time: 0.10s
Presolved: 344 rows, 399 columns, 1032 nonzeros
Variable types: 0 continuous, 399 integer (399 binary)

Root relaxation: objective -1.274993e+03, 92 iterations, 0.00 seconds (0.00 work units)

    Nodes    |    Current Node    |     Objective Bounds      |     Work
 Expl Unexpl |  Obj  Depth IntInf | Incumbent    BestBd   Gap | It/Node Time

     0     0 -1274.9935    0   54 -939.73897 -1274.9935  35.7%     -    0s
     0     0 -1004.7307    0  171 -939.73897 -1004.7307  6.92%     -    0s
     0     0 -1004.3545    0  172 -939.73897 -1004.3545  6.88%     -    0s
     0     0 -987.85114    0  200 -939.73897 -987.85114  5.12%     -    0s
     0     0 -987.85114    0  200 -939.73897 -987.85114  5.12%     -    0s
     0     2 -987.85114    0  200 -939.73897 -987.85114  5.12%     -    0s

Cutting planes:
  Gomory: 5
  MIR: 60
  Zero half: 52
  RLT: 59
  BQP: 85

Explored 86 nodes (5977 simplex iterations) in 0.64 seconds (0.16 work units)
Thread count was 12 (of 12 available processors)

Solution count 2: -939.739 -2.54374e-12 
No other solutions better than -939.739

Optimal solution found (tolerance 1.00e-04)
Best objective -9.397389705150e+02, best bound -9.397389705150e+02, gap 0.0000%
[109 / 150; MWC328 ] ✓ done.
[110 / 150; MWC329 ]: using timeout 18.5 sec...
Set parameter TimeLimit to value 1.8482991456985435e+01
Gurobi Optimizer version 10.0.1 build v10.0.1rc0 (linux64)

CPU model: 12th Gen Intel(R) Core(TM) i5-1235U, instruction set [SSE2|AVX|AVX2]
Thread count: 12 physical cores, 12 logical processors, using up to 12 threads

Optimize a model with 0 rows, 55 columns and 0 nonzeros
Model fingerprint: 0x7f0af67a
Model has 733 quadratic objective terms
Variable types: 0 continuous, 55 integer (55 binary)
Coefficient statistics:
  Matrix range     [0e+00, 0e+00]
  Objective range  [7e+01, 2e+02]
  QObjective range [1e-01, 4e+01]
  Bounds range     [1e+00, 1e+00]
  RHS range        [0e+00, 0e+00]
Found heuristic solution: objective 0.0000000
Found heuristic solution: objective -0.0000000
Found heuristic solution: objective -2383.123158
Presolve time: 0.17s
Presolved: 704 rows, 759 columns, 2112 nonzeros
Variable types: 0 continuous, 759 integer (759 binary)

Root relaxation: objective -3.616828e+03, 134 iterations, 0.01 seconds (0.00 work units)

    Nodes    |    Current Node    |     Objective Bounds      |     Work
 Expl Unexpl |  Obj  Depth IntInf | Incumbent    BestBd   Gap | It/Node Time

     0     0 -3616.8284    0   54 -2383.1232 -3616.8284  51.8%     -    0s
     0     0 -2873.8082    0  349 -2383.1232 -2873.8082  20.6%     -    1s
     0     0 -2850.9123    0  379 -2383.1232 -2850.9123  19.6%     -    1s
     0     0 -2577.7567    0  712 -2383.1232 -2577.7567  8.17%     -    2s
     0     0 -2577.7567    0  712 -2383.1232 -2577.7567  8.17%     -    2s
     0     2 -2577.7567    0  712 -2383.1232 -2577.7567  8.17%     -    2s
    39    52 -2451.3691    5  601 -2383.1232 -2499.7271  4.89%   819    5s
   278   151 -2451.6886    6  577 -2383.1232 -2492.2366  4.58%   449   10s
   645   227 -2396.9425   10  502 -2383.1232 -2476.3370  3.91%   377   15s

Cutting planes:
  Gomory: 6
  MIR: 290
  Zero half: 63
  RLT: 221
  BQP: 256

Explored 990 nodes (338557 simplex iterations) in 18.51 seconds (9.39 work units)
Thread count was 12 (of 12 available processors)

Solution count 2: -2383.12 -1.17772e-12 

Time limit reached
Best objective -2.383123157786e+03, best bound -2.456009562247e+03, gap 3.0584%
[110 / 150; MWC329 ] ✓ done.
[111 / 150; MWC330 ]: using timeout 15.9 sec...
Set parameter TimeLimit to value 1.5895009040832520e+01
Gurobi Optimizer version 10.0.1 build v10.0.1rc0 (linux64)

CPU model: 12th Gen Intel(R) Core(TM) i5-1235U, instruction set [SSE2|AVX|AVX2]
Thread count: 12 physical cores, 12 logical processors, using up to 12 threads

Optimize a model with 0 rows, 55 columns and 0 nonzeros
Model fingerprint: 0x191dd271
Model has 1133 quadratic objective terms
Variable types: 0 continuous, 55 integer (55 binary)
Coefficient statistics:
  Matrix range     [0e+00, 0e+00]
  Objective range  [1e+02, 2e+02]
  QObjective range [5e-03, 3e+01]
  Bounds range     [1e+00, 1e+00]
  RHS range        [0e+00, 0e+00]
Found heuristic solution: objective 0.0000000
Found heuristic solution: objective -2659.913173
Presolve time: 0.05s
Presolved: 1085 rows, 1140 columns, 3255 nonzeros
Variable types: 0 continuous, 1140 integer (1140 binary)

Root relaxation: objective -4.399355e+03, 124 iterations, 0.01 seconds (0.00 work units)

    Nodes    |    Current Node    |     Objective Bounds      |     Work
 Expl Unexpl |  Obj  Depth IntInf | Incumbent    BestBd   Gap | It/Node Time

     0     0 -4399.3547    0   54 -2659.9132 -4399.3547  65.4%     -    0s
     0     0 -3667.0959    0  348 -2659.9132 -3667.0959  37.9%     -    1s
     0     0 -3611.7515    0  403 -2659.9132 -3611.7515  35.8%     -    1s
     0     0 -3213.9177    0  819 -2659.9132 -3213.9177  20.8%     -    3s
     0     0 -3213.9177    0  819 -2659.9132 -3213.9177  20.8%     -    3s
     0     2 -3213.9177    0  819 -2659.9132 -3213.9177  20.8%     -    4s
     7    16 -3191.2026    3  825 -2659.9132 -3213.9177  20.8%  1276    5s
    51    64 -3090.2530    6  727 -2659.9132 -3212.2811  20.8%  1104   10s
   253   230 -2991.6248   11  592 -2659.9132 -3212.2811  20.8%   530   15s

Cutting planes:
  Gomory: 4
  MIR: 219
  Zero half: 54
  RLT: 279
  BQP: 427

Explored 303 nodes (155494 simplex iterations) in 15.90 seconds (9.30 work units)
Thread count was 12 (of 12 available processors)

Solution count 2: -2659.91 0 

Time limit reached
Best objective -2.659913172966e+03, best bound -3.212281084392e+03, gap 20.7664%
[111 / 150; MWC330 ] ✓ done.
[112 / 150; MWC331 ]: using timeout 12.7 sec...
Set parameter TimeLimit to value 1.2681772232055661e+01
Gurobi Optimizer version 10.0.1 build v10.0.1rc0 (linux64)

CPU model: 12th Gen Intel(R) Core(TM) i5-1235U, instruction set [SSE2|AVX|AVX2]
Thread count: 12 physical cores, 12 logical processors, using up to 12 threads

Optimize a model with 0 rows, 65 columns and 0 nonzeros
Model fingerprint: 0xc3143eba
Model has 555 quadratic objective terms
Variable types: 0 continuous, 65 integer (65 binary)
Coefficient statistics:
  Matrix range     [0e+00, 0e+00]
  Objective range  [4e+01, 1e+02]
  QObjective range [1e-02, 3e+01]
  Bounds range     [1e+00, 1e+00]
  RHS range        [0e+00, 0e+00]
Found heuristic solution: objective 0.0000000
Found heuristic solution: objective -1547.606868
Presolve time: 0.16s
Presolved: 535 rows, 600 columns, 1605 nonzeros
Variable types: 0 continuous, 600 integer (600 binary)

Root relaxation: objective -2.160878e+03, 93 iterations, 0.00 seconds (0.00 work units)

    Nodes    |    Current Node    |     Objective Bounds      |     Work
 Expl Unexpl |  Obj  Depth IntInf | Incumbent    BestBd   Gap | It/Node Time

     0     0 -2160.8779    0   64 -1547.6069 -2160.8779  39.6%     -    0s
     0     0 -1735.6459    0  243 -1547.6069 -1735.6459  12.2%     -    0s
     0     0 -1731.2816    0  241 -1547.6069 -1731.2816  11.9%     -    0s
     0     0 -1667.1709    0  284 -1547.6069 -1667.1709  7.73%     -    0s
     0     0 -1667.1709    0  284 -1547.6069 -1667.1709  7.73%     -    0s
     0     2 -1667.1709    0  284 -1547.6069 -1667.1709  7.73%     -    0s

Cutting planes:
  Gomory: 4
  MIR: 90
  Zero half: 70
  RLT: 108
  BQP: 194

Explored 1108 nodes (93163 simplex iterations) in 3.35 seconds (1.40 work units)
Thread count was 12 (of 12 available processors)

Solution count 2: -1547.61 0 
No other solutions better than -1547.61

Optimal solution found (tolerance 1.00e-04)
Best objective -1.547606868349e+03, best bound -1.547606868349e+03, gap 0.0000%
[112 / 150; MWC331 ] ✓ done.
[113 / 150; MWC332 ]: using timeout 25.3 sec...
Set parameter TimeLimit to value 2.5279495000839241e+01
Gurobi Optimizer version 10.0.1 build v10.0.1rc0 (linux64)

CPU model: 12th Gen Intel(R) Core(TM) i5-1235U, instruction set [SSE2|AVX|AVX2]
Thread count: 12 physical cores, 12 logical processors, using up to 12 threads

Optimize a model with 0 rows, 65 columns and 0 nonzeros
Model fingerprint: 0x116dfb4e
Model has 1050 quadratic objective terms
Variable types: 0 continuous, 65 integer (65 binary)
Coefficient statistics:
  Matrix range     [0e+00, 0e+00]
  Objective range  [1e+02, 2e+02]
  QObjective range [4e-02, 4e+01]
  Bounds range     [1e+00, 1e+00]
  RHS range        [0e+00, 0e+00]
Found heuristic solution: objective 0.0000000
Found heuristic solution: objective -3032.618549
Presolve time: 0.23s
Presolved: 1010 rows, 1075 columns, 3030 nonzeros
Variable types: 0 continuous, 1075 integer (1075 binary)

Root relaxation: objective -4.764111e+03, 129 iterations, 0.01 seconds (0.00 work units)

    Nodes    |    Current Node    |     Objective Bounds      |     Work
 Expl Unexpl |  Obj  Depth IntInf | Incumbent    BestBd   Gap | It/Node Time

     0     0 -4764.1115    0   64 -3032.6185 -4764.1115  57.1%     -    0s
     0     0 -4174.3389    0  275 -3032.6185 -4174.3389  37.6%     -    1s
     0     0 -3858.7060    0  446 -3032.6185 -3858.7060  27.2%     -    2s
     0     0 -3794.0700    0  472 -3032.6185 -3794.0700  25.1%     -    2s
     0     0 -3779.1099    0  517 -3032.6185 -3779.1099  24.6%     -    2s
     0     0 -3387.3183    0 1017 -3032.6185 -3387.3183  11.7%     -    6s
     0     0 -3387.3183    0 1017 -3032.6185 -3387.3183  11.7%     -    6s
     0     2 -3387.3183    0 1017 -3032.6185 -3387.3183  11.7%     -    6s
    15    28 -3289.2225    4  925 -3032.6185 -3312.2785  9.22%  1581   10s
    75    88 -3234.1669    7  869 -3032.6185 -3292.2139  8.56%  1242   15s
   127   145 -3190.5235    9  823 -3032.6185 -3292.2139  8.56%  1044   20s
   250   204 -3141.3504   12  779 -3032.6185 -3292.2139  8.56%   796   25s

Cutting planes:
  MIR: 281
  Zero half: 47
  RLT: 328
  BQP: 494

Explored 268 nodes (222506 simplex iterations) in 25.29 seconds (13.62 work units)
Thread count was 12 (of 12 available processors)

Solution count 2: -3032.62 0 

Time limit reached
Best objective -3.032618549347e+03, best bound -3.292213926191e+03, gap 8.5601%
[113 / 150; MWC332 ] ✓ done.
[114 / 150; MWC333 ]: using timeout 35.9 sec...
Set parameter TimeLimit to value 3.5853620052337689e+01
Gurobi Optimizer version 10.0.1 build v10.0.1rc0 (linux64)

CPU model: 12th Gen Intel(R) Core(TM) i5-1235U, instruction set [SSE2|AVX|AVX2]
Thread count: 12 physical cores, 12 logical processors, using up to 12 threads

Optimize a model with 0 rows, 65 columns and 0 nonzeros
Model fingerprint: 0x230b7233
Model has 1528 quadratic objective terms
Variable types: 0 continuous, 65 integer (65 binary)
Coefficient statistics:
  Matrix range     [0e+00, 0e+00]
  Objective range  [1e+02, 2e+02]
  QObjective range [6e-03, 2e+01]
  Bounds range     [1e+00, 1e+00]
  RHS range        [0e+00, 0e+00]
Found heuristic solution: objective 0.0000000
Found heuristic solution: objective -2668.888042
Presolve time: 0.24s
Presolved: 0 rows, 65 columns, 0 nonzeros
Presolved model has 1542 quadratic objective terms
Variable types: 0 continuous, 65 integer (65 binary)
Found heuristic solution: objective -2675.944999

Root relaxation: objective -2.802068e+03, 87 iterations, 0.00 seconds (0.00 work units)

    Nodes    |    Current Node    |     Objective Bounds      |     Work
 Expl Unexpl |  Obj  Depth IntInf | Incumbent    BestBd   Gap | It/Node Time

     0     0 -2802.0681    0   60 -2675.9450 -2802.0681  4.71%     -    0s
     0     0 -2802.0681    0   60 -2675.9450 -2802.0681  4.71%     -    0s
     0     2 -2802.0681    0   60 -2675.9450 -2802.0681  4.71%     -    0s
H   19    28                    -2677.372924 -2788.2822  4.14%   3.9    0s
  5806  3486 -2772.6164   44   33 -2677.3729 -2772.6164  3.56%  13.8    5s
 21081 13909 -2772.6164   40   42 -2677.3729 -2772.6164  3.56%  15.7   10s
 43166 29353     cutoff   63      -2677.3729 -2772.6164  3.56%  15.6   15s
 54640 37181 -2772.6164   40   43 -2677.3729 -2772.6164  3.56%  15.5   21s
 67978 45261 -2759.9119   56   25 -2677.3729 -2772.6164  3.56%  16.2   25s
 80893 53317 -2772.6164   47   31 -2677.3729 -2772.6164  3.56%  16.8   33s
 85937 57546 -2772.6164   41   39 -2677.3729 -2772.6164  3.56%  16.9   35s

Cutting planes:
  Gomory: 56
  Implied bound: 34
  MIR: 139
  Flow cover: 142
  RLT: 56
  Relax-and-lift: 87

Explored 90112 nodes (1530999 simplex iterations) in 35.86 seconds (11.76 work units)
Thread count was 12 (of 12 available processors)

Solution count 4: -2677.37 -2675.94 -2668.89 0 

Time limit reached
Best objective -2.677372923940e+03, best bound -2.772616435583e+03, gap 3.5573%
[114 / 150; MWC333 ] ✓ done.
[115 / 150; MWC334 ]: using timeout 15.3 sec...
Set parameter TimeLimit to value 1.5321231126785275e+01
Gurobi Optimizer version 10.0.1 build v10.0.1rc0 (linux64)

CPU model: 12th Gen Intel(R) Core(TM) i5-1235U, instruction set [SSE2|AVX|AVX2]
Thread count: 12 physical cores, 12 logical processors, using up to 12 threads

Optimize a model with 0 rows, 75 columns and 0 nonzeros
Model fingerprint: 0x366445bd
Model has 694 quadratic objective terms
Variable types: 0 continuous, 75 integer (75 binary)
Coefficient statistics:
  Matrix range     [0e+00, 0e+00]
  Objective range  [8e+00, 4e+01]
  QObjective range [8e-03, 8e+00]
  Bounds range     [1e+00, 1e+00]
  RHS range        [0e+00, 0e+00]
Found heuristic solution: objective 0.0000000
Found heuristic solution: objective -0.0000000
Found heuristic solution: objective -480.0124518
Presolve time: 0.25s
Presolved: 666 rows, 741 columns, 1998 nonzeros
Variable types: 0 continuous, 741 integer (741 binary)

Root relaxation: objective -7.001704e+02, 125 iterations, 0.00 seconds (0.00 work units)

    Nodes    |    Current Node    |     Objective Bounds      |     Work
 Expl Unexpl |  Obj  Depth IntInf | Incumbent    BestBd   Gap | It/Node Time

     0     0 -700.17036    0   74 -480.01245 -700.17036  45.9%     -    0s
     0     0 -547.31209    0  364 -480.01245 -547.31209  14.0%     -    0s
     0     0 -545.82737    0  366 -480.01245 -545.82737  13.7%     -    0s
     0     0 -525.13142    0  488 -480.01245 -525.13142  9.40%     -    1s
     0     0 -525.13142    0  488 -480.01245 -525.13142  9.40%     -    1s
     0     2 -525.13142    0  488 -480.01245 -525.13142  9.40%     -    1s
   530   334     cutoff   13      -480.01245 -507.55013  5.74%   121    5s
  2206   805     cutoff   15      -480.01245 -499.02125  3.96%  90.2   10s

Cutting planes:
  Gomory: 5
  MIR: 112
  Zero half: 68
  RLT: 159
  BQP: 302

Explored 3743 nodes (325922 simplex iterations) in 15.32 seconds (6.83 work units)
Thread count was 12 (of 12 available processors)

Solution count 2: -480.012 -3.60156e-13 

Time limit reached
Best objective -4.800124517789e+02, best bound -4.961663961037e+02, gap 3.3653%
[115 / 150; MWC334 ] ✓ done.
[116 / 150; MWC335 ]: using timeout 55.2 sec...
Set parameter TimeLimit to value 5.5214709758758588e+01
Gurobi Optimizer version 10.0.1 build v10.0.1rc0 (linux64)

CPU model: 12th Gen Intel(R) Core(TM) i5-1235U, instruction set [SSE2|AVX|AVX2]
Thread count: 12 physical cores, 12 logical processors, using up to 12 threads

Optimize a model with 0 rows, 75 columns and 0 nonzeros
Model fingerprint: 0x1904fc23
Model has 1376 quadratic objective terms
Variable types: 0 continuous, 75 integer (75 binary)
Coefficient statistics:
  Matrix range     [0e+00, 0e+00]
  Objective range  [4e+01, 8e+01]
  QObjective range [1e-02, 1e+01]
  Bounds range     [1e+00, 1e+00]
  RHS range        [0e+00, 0e+00]
Found heuristic solution: objective 0.0000000
Found heuristic solution: objective -1264.402559
Presolve time: 0.16s
Presolved: 1332 rows, 1407 columns, 3996 nonzeros
Variable types: 0 continuous, 1407 integer (1407 binary)

Root relaxation: objective -2.023607e+03, 212 iterations, 0.01 seconds (0.01 work units)

    Nodes    |    Current Node    |     Objective Bounds      |     Work
 Expl Unexpl |  Obj  Depth IntInf | Incumbent    BestBd   Gap | It/Node Time

     0     0 -2023.6072    0   74 -1264.4026 -2023.6072  60.0%     -    0s
     0     0 -1827.0755    0  192 -1264.4026 -1827.0755  44.5%     -    1s
     0     0 -1652.1136    0  529 -1264.4026 -1652.1136  30.7%     -    2s
     0     0 -1630.6553    0  560 -1264.4026 -1630.6553  29.0%     -    2s
     0     0 -1626.9986    0  603 -1264.4026 -1626.9986  28.7%     -    2s
     0     0 -1462.7824    0 1297 -1264.4026 -1462.7824  15.7%     -    7s
     0     0 -1462.7824    0 1297 -1264.4026 -1462.7824  15.7%     -    7s
     0     2 -1462.7824    0 1297 -1264.4026 -1462.7824  15.7%     -    7s
     3     8 -1428.5400    2 1270 -1264.4026 -1456.9815  15.2%  2059   11s
    15    28 -1404.9230    4 1219 -1264.4026 -1421.8716  12.5%  2127   15s
    51    64 -1387.6019    6 1167 -1264.4026 -1421.8716  12.5%  2147   21s
    87   100 -1374.0929    7 1151 -1264.4026 -1421.8716  12.5%  1790   26s
   128   145 -1366.0168    9 1115 -1264.4026 -1421.8716  12.5%  1545   30s
   200   210 -1353.3037   11 1080 -1264.4026 -1421.8716  12.5%  1315   35s
   299   248 -1338.2922   13 1035 -1264.4026 -1421.8716  12.5%  1114   41s
   365   298 -1332.0957   14 1006 -1264.4026 -1421.8716  12.5%  1077   46s
   439   365 -1316.0125   16  949 -1264.4026 -1421.8716  12.5%  1055   52s
   473   378 -1308.9753   17  945 -1264.4026 -1421.8716  12.5%  1048   55s

Cutting planes:
  Gomory: 4
  MIR: 453
  Zero half: 77
  RLT: 430
  BQP: 581

Explored 486 nodes (519934 simplex iterations) in 55.23 seconds (33.42 work units)
Thread count was 12 (of 12 available processors)

Solution count 2: -1264.4 0 

Time limit reached
Best objective -1.264402559474e+03, best bound -1.421871588852e+03, gap 12.4540%
[116 / 150; MWC335 ] ✓ done.
[117 / 150; MWC336 ]: using timeout 31.2 sec...
Set parameter TimeLimit to value 3.1187742233276367e+01
Gurobi Optimizer version 10.0.1 build v10.0.1rc0 (linux64)

CPU model: 12th Gen Intel(R) Core(TM) i5-1235U, instruction set [SSE2|AVX|AVX2]
Thread count: 12 physical cores, 12 logical processors, using up to 12 threads

Optimize a model with 0 rows, 75 columns and 0 nonzeros
Model fingerprint: 0x8de96b33
Model has 2088 quadratic objective terms
Variable types: 0 continuous, 75 integer (75 binary)
Coefficient statistics:
  Matrix range     [0e+00, 0e+00]
  Objective range  [4e+01, 8e+01]
  QObjective range [2e-04, 8e+00]
  Bounds range     [1e+00, 1e+00]
  RHS range        [0e+00, 0e+00]
Found heuristic solution: objective 0.0000000
Found heuristic solution: objective -0.0000000
Found heuristic solution: objective -1208.431017
Presolve time: 0.22s
Presolved: 0 rows, 75 columns, 0 nonzeros
Presolved model has 2096 quadratic objective terms
Variable types: 0 continuous, 75 integer (75 binary)

Root relaxation: objective -1.256403e+03, 101 iterations, 0.00 seconds (0.00 work units)

    Nodes    |    Current Node    |     Objective Bounds      |     Work
 Expl Unexpl |  Obj  Depth IntInf | Incumbent    BestBd   Gap | It/Node Time

     0     0 -1256.4032    0   72 -1208.4310 -1256.4032  3.97%     -    0s
     0     0 -1256.4032    0   72 -1208.4310 -1256.4032  3.97%     -    0s
     0     2 -1256.4032    0   72 -1208.4310 -1256.4032  3.97%     -    0s
H  341   370                    -1208.590621 -1250.8835  3.50%   3.9    0s
H  427   432                    -1209.840009 -1250.8835  3.39%   3.9    0s
  7503  4609 -1245.8523   36   46 -1209.8400 -1245.8523  2.98%  12.9    5s
 32087 25072 -1245.8523   45   38 -1209.8400 -1245.8523  2.98%  13.8   10s
 54158 41840 -1245.8523   56   33 -1209.8400 -1245.8523  2.98%  13.6   17s
 60545 46525 -1245.8523   42   50 -1209.8400 -1245.8523  2.98%  14.3   20s
 69027 51809 -1245.8523   58   29 -1209.8400 -1245.8523  2.98%  14.8   28s
 71288 54316 -1245.8523   44   45 -1209.8400 -1245.8523  2.98%  15.0   30s

Cutting planes:
  Gomory: 60
  Implied bound: 57
  MIR: 167
  Flow cover: 171
  RLT: 67
  Relax-and-lift: 103

Explored 75536 nodes (1152864 simplex iterations) in 31.20 seconds (11.37 work units)
Thread count was 12 (of 12 available processors)

Solution count 4: -1209.84 -1208.59 -1208.43 -1.36424e-12 

Time limit reached
Best objective -1.209840008775e+03, best bound -1.245852344825e+03, gap 2.9766%
[117 / 150; MWC336 ] ✓ done.
[118 / 150; MWC337 ]: using timeout 22.7 sec...
Set parameter TimeLimit to value 2.2668629884719866e+01
Gurobi Optimizer version 10.0.1 build v10.0.1rc0 (linux64)

CPU model: 12th Gen Intel(R) Core(TM) i5-1235U, instruction set [SSE2|AVX|AVX2]
Thread count: 12 physical cores, 12 logical processors, using up to 12 threads

Optimize a model with 0 rows, 85 columns and 0 nonzeros
Model fingerprint: 0x1344d74f
Model has 912 quadratic objective terms
Variable types: 0 continuous, 85 integer (85 binary)
Coefficient statistics:
  Matrix range     [0e+00, 0e+00]
  Objective range  [3e+01, 1e+02]
  QObjective range [3e-02, 3e+01]
  Bounds range     [1e+00, 1e+00]
  RHS range        [0e+00, 0e+00]
Found heuristic solution: objective 0.0000000
Found heuristic solution: objective -0.0000000
Found heuristic solution: objective -2095.737959
Presolve time: 0.22s
Presolved: 885 rows, 970 columns, 2655 nonzeros
Variable types: 0 continuous, 970 integer (970 binary)

Root relaxation: objective -3.077283e+03, 140 iterations, 0.01 seconds (0.00 work units)

    Nodes    |    Current Node    |     Objective Bounds      |     Work
 Expl Unexpl |  Obj  Depth IntInf | Incumbent    BestBd   Gap | It/Node Time

     0     0 -3077.2825    0   84 -2095.7380 -3077.2825  46.8%     -    0s
     0     0 -2391.2108    0  450 -2095.7380 -2391.2108  14.1%     -    0s
     0     0 -2385.0872    0  437 -2095.7380 -2385.0872  13.8%     -    0s
     0     0 -2285.9201    0  563 -2095.7380 -2285.9201  9.07%     -    1s
     0     0 -2285.9201    0  563 -2095.7380 -2285.9201  9.07%     -    1s
     0     2 -2285.9201    0  563 -2095.7380 -2285.9201  9.07%     -    1s
   216   177 -2117.9689   13  584 -2095.7380 -2227.4709  6.29%   240    5s
   473   311     cutoff   13      -2095.7380 -2215.4263  5.71%   245   10s
   804   438 -2106.0809   12  563 -2095.7380 -2215.4263  5.71%   236   15s
  1140   554 -2100.3141   14  569 -2095.7380 -2194.3614  4.71%   233   20s

Cutting planes:
  Gomory: 11
  MIR: 156
  Zero half: 71
  RLT: 192
  BQP: 468

Explored 1371 nodes (318459 simplex iterations) in 22.69 seconds (9.50 work units)
Thread count was 12 (of 12 available processors)

Solution count 2: -2095.74 -4.54747e-13 

Time limit reached
Best objective -2.095737958547e+03, best bound -2.194361389513e+03, gap 4.7059%
[118 / 150; MWC337 ] ✓ done.
[119 / 150; MWC338 ]: using timeout 44.1 sec...
Set parameter TimeLimit to value 4.4085298299789436e+01
Gurobi Optimizer version 10.0.1 build v10.0.1rc0 (linux64)

CPU model: 12th Gen Intel(R) Core(TM) i5-1235U, instruction set [SSE2|AVX|AVX2]
Thread count: 12 physical cores, 12 logical processors, using up to 12 threads

Optimize a model with 0 rows, 85 columns and 0 nonzeros
Model fingerprint: 0x9036c7eb
Model has 1772 quadratic objective terms
Variable types: 0 continuous, 85 integer (85 binary)
Coefficient statistics:
  Matrix range     [0e+00, 0e+00]
  Objective range  [7e+01, 1e+02]
  QObjective range [6e-03, 2e+01]
  Bounds range     [1e+00, 1e+00]
  RHS range        [0e+00, 0e+00]
Found heuristic solution: objective 0.0000000
Found heuristic solution: objective -0.0000000
Found heuristic solution: objective -2662.138898
Presolve time: 0.25s
Presolved: 1727 rows, 1812 columns, 5181 nonzeros
Variable types: 0 continuous, 1812 integer (1812 binary)

Root relaxation: objective -4.287056e+03, 172 iterations, 0.02 seconds (0.01 work units)

    Nodes    |    Current Node    |     Objective Bounds      |     Work
 Expl Unexpl |  Obj  Depth IntInf | Incumbent    BestBd   Gap | It/Node Time

     0     0 -4287.0557    0   84 -2662.1389 -4287.0557  61.0%     -    0s
     0     0 -3924.7230    0  310 -2662.1389 -3924.7230  47.4%     -    3s
     0     0 -3506.8320    0  676 -2662.1389 -3506.8320  31.7%     -    5s
     0     0 -3465.9121    0  644 -2662.1389 -3465.9121  30.2%     -    6s
     0     0 -3465.9121    0  695 -2662.1389 -3465.9121  30.2%     -    6s
     0     0 -3155.2083    0 1465 -2662.1389 -3155.2083  18.5%     -   16s
     0     0 -3155.2083    0 1465 -2662.1389 -3155.2083  18.5%     -   16s
     0     2 -3155.2083    0 1465 -2662.1389 -3155.2083  18.5%     -   16s
     3     8 -3094.8812    2 1591 -2662.1389 -3138.2471  17.9%  2899   22s
     7    16 -3066.7916    3 1578 -2662.1389 -3095.4715  16.3%  3292   28s
    15    28 -3046.7173    4 1578 -2662.1389 -3074.9102  15.5%  3592   32s
    27    40 -3029.7165    5 1426 -2662.1389 -3072.7453  15.4%  3334   35s
    51    64 -3006.4357    6 1368 -2662.1389 -3068.4685  15.3%  3139   41s

Cutting planes:
  Gomory: 4
  MIR: 414
  Zero half: 84
  RLT: 451
  BQP: 771

Explored 83 nodes (217316 simplex iterations) in 44.09 seconds (25.26 work units)
Thread count was 12 (of 12 available processors)

Solution count 2: -2662.14 -7.35945e-12 

Time limit reached
Best objective -2.662138898358e+03, best bound -3.068468457266e+03, gap 15.2633%
[119 / 150; MWC338 ] ✓ done.
[120 / 150; MWC339 ]: using timeout 85.4 sec...
Set parameter TimeLimit to value 8.5407166957855253e+01
Gurobi Optimizer version 10.0.1 build v10.0.1rc0 (linux64)

CPU model: 12th Gen Intel(R) Core(TM) i5-1235U, instruction set [SSE2|AVX|AVX2]
Thread count: 12 physical cores, 12 logical processors, using up to 12 threads

Optimize a model with 0 rows, 85 columns and 0 nonzeros
Model fingerprint: 0xef77efa6
Model has 2720 quadratic objective terms
Variable types: 0 continuous, 85 integer (85 binary)
Coefficient statistics:
  Matrix range     [0e+00, 0e+00]
  Objective range  [7e+01, 1e+02]
  QObjective range [7e-03, 1e+01]
  Bounds range     [1e+00, 1e+00]
  RHS range        [0e+00, 0e+00]
Found heuristic solution: objective 0.0000000
Found heuristic solution: objective -2336.865536
Presolve time: 0.24s
Presolved: 0 rows, 85 columns, 0 nonzeros
Presolved model has 2732 quadratic objective terms
Variable types: 0 continuous, 85 integer (85 binary)

Root relaxation: objective -2.418530e+03, 127 iterations, 0.00 seconds (0.00 work units)

    Nodes    |    Current Node    |     Objective Bounds      |     Work
 Expl Unexpl |  Obj  Depth IntInf | Incumbent    BestBd   Gap | It/Node Time

     0     0 -2418.5298    0   81 -2336.8655 -2418.5298  3.49%     -    0s
     0     0 -2418.5298    0   81 -2336.8655 -2418.5298  3.49%     -    0s
     0     2 -2418.5298    0   81 -2336.8655 -2418.5298  3.49%     -    0s
  8875  5684 -2392.5224   38   63 -2336.8655 -2392.5224  2.38%  18.8    5s
 26229 20243 -2392.5224   63   38 -2336.8655 -2392.5224  2.38%  18.6   10s
 40474 31682 -2392.5224   40   62 -2336.8655 -2392.5224  2.38%  18.9   15s
 53482 41660 -2392.5224   63   40 -2336.8655 -2392.5224  2.38%  18.6   23s
 56932 43171 -2392.5224   42   58 -2336.8655 -2392.5224  2.38%  19.0   31s
 61612 47866 -2392.5224   45   55 -2336.8655 -2392.5224  2.38%  19.7   35s
 70887 54075 -2392.5224   43   54 -2336.8655 -2392.5224  2.38%  20.4   40s
 79910 61151 -2392.5224   42   63 -2336.8655 -2392.5224  2.38%  21.2   45s
 87650 66996 -2392.5224   42   60 -2336.8655 -2392.5224  2.38%  21.6   50s
 96293 73146 -2392.5224   42   59 -2336.8655 -2392.5224  2.38%  21.8   55s
 103380 78117 -2392.5224   47   52 -2336.8655 -2392.5224  2.38%  22.1   60s
 112503 84260 -2392.5224   43   54 -2336.8655 -2392.5224  2.38%  22.2   65s
 122419 92343 -2392.5224   47   51 -2336.8655 -2392.5224  2.38%  22.3   70s
 130809 98279 -2392.5224   43   59 -2336.8655 -2392.5224  2.38%  22.4   75s
 137899 103311 -2392.5224   66   31 -2336.8655 -2392.5224  2.38%  22.6   80s
 146069 111363 -2392.5224   45   56 -2336.8655 -2392.5224  2.38%  22.7   85s

Cutting planes:
  Gomory: 65
  Implied bound: 49
  MIR: 301
  Flow cover: 215
  RLT: 89
  Relax-and-lift: 129

Explored 148948 nodes (3376597 simplex iterations) in 85.48 seconds (34.94 work units)
Thread count was 12 (of 12 available processors)

Solution count 3: -2336.87 -2336.87 0 

Time limit reached
Best objective -2.336865535870e+03, best bound -2.392522413711e+03, gap 2.3817%
[120 / 150; MWC339 ] ✓ done.
[121 / 150; MWC340 ]: using timeout 30.3 sec...
Set parameter TimeLimit to value 3.0315349340438864e+01
Gurobi Optimizer version 10.0.1 build v10.0.1rc0 (linux64)

CPU model: 12th Gen Intel(R) Core(TM) i5-1235U, instruction set [SSE2|AVX|AVX2]
Thread count: 12 physical cores, 12 logical processors, using up to 12 threads

Optimize a model with 0 rows, 95 columns and 0 nonzeros
Model fingerprint: 0x5a131718
Model has 1058 quadratic objective terms
Variable types: 0 continuous, 95 integer (95 binary)
Coefficient statistics:
  Matrix range     [0e+00, 0e+00]
  Objective range  [4e+01, 1e+02]
  QObjective range [3e-02, 3e+01]
  Bounds range     [1e+00, 1e+00]
  RHS range        [0e+00, 0e+00]
Found heuristic solution: objective 0.0000000
Found heuristic solution: objective -0.0000000
Found heuristic solution: objective -2755.585481
Presolve time: 0.18s
Presolved: 1025 rows, 1120 columns, 3075 nonzeros
Variable types: 0 continuous, 1120 integer (1120 binary)

Root relaxation: objective -4.117730e+03, 166 iterations, 0.01 seconds (0.00 work units)

    Nodes    |    Current Node    |     Objective Bounds      |     Work
 Expl Unexpl |  Obj  Depth IntInf | Incumbent    BestBd   Gap | It/Node Time

     0     0 -4117.7302    0   94 -2755.5855 -4117.7302  49.4%     -    0s
     0     0 -3171.6046    0  451 -2755.5855 -3171.6046  15.1%     -    0s
     0     0 -3157.5647    0  569 -2755.5855 -3157.5647  14.6%     -    1s
     0     0 -3026.5253    0  718 -2755.5855 -3026.5253  9.83%     -    2s
     0     0 -3026.5253    0  718 -2755.5855 -3026.5253  9.83%     -    2s
     0     2 -3026.5253    0  718 -2755.5855 -3026.5253  9.83%     -    2s
    27    40 -2919.8548    5  756 -2755.5855 -2974.5943  7.95%   902    5s
   233   200 -2837.5179   11  723 -2755.5855 -2969.2106  7.75%   376   10s
   511   380     cutoff   21      -2755.5855 -2947.2459  6.96%   309   15s
H  525   380                    -2755.910461 -2947.2459  6.94%   308   15s
   950   702 -2852.7369   11  496 -2755.9105 -2941.7630  6.74%   251   20s
  1588  1007     cutoff   20      -2755.9105 -2930.2864  6.33%   211   26s
  2247  1249 -2902.9210    7  627 -2755.9105 -2921.1367  6.00%   189   30s

Cutting planes:
  Gomory: 4
  MIR: 172
  Zero half: 131
  RLT: 281
  BQP: 547

Explored 2334 nodes (444603 simplex iterations) in 30.32 seconds (15.89 work units)
Thread count was 12 (of 12 available processors)

Solution count 3: -2755.91 -2755.59 -1.88827e-12 

Time limit reached
Best objective -2.755910460622e+03, best bound -2.921136741989e+03, gap 5.9953%
[121 / 150; MWC340 ] ✓ done.
[122 / 150; MWC341 ]: using timeout 88.5 sec...
Set parameter TimeLimit to value 8.8503853559494033e+01
Gurobi Optimizer version 10.0.1 build v10.0.1rc0 (linux64)

CPU model: 12th Gen Intel(R) Core(TM) i5-1235U, instruction set [SSE2|AVX|AVX2]
Thread count: 12 physical cores, 12 logical processors, using up to 12 threads

Optimize a model with 0 rows, 95 columns and 0 nonzeros
Model fingerprint: 0xe258059e
Model has 2259 quadratic objective terms
Variable types: 0 continuous, 95 integer (95 binary)
Coefficient statistics:
  Matrix range     [0e+00, 0e+00]
  Objective range  [8e+01, 2e+02]
  QObjective range [3e-03, 2e+01]
  Bounds range     [1e+00, 1e+00]
  RHS range        [0e+00, 0e+00]
Found heuristic solution: objective 0.0000000
Found heuristic solution: objective -0.0000000
Found heuristic solution: objective -3349.645632
Presolve time: 0.25s
Presolved: 0 rows, 95 columns, 0 nonzeros
Presolved model has 2298 quadratic objective terms
Variable types: 0 continuous, 95 integer (95 binary)

Root relaxation: objective -3.508938e+03, 141 iterations, 0.00 seconds (0.00 work units)

    Nodes    |    Current Node    |     Objective Bounds      |     Work
 Expl Unexpl |  Obj  Depth IntInf | Incumbent    BestBd   Gap | It/Node Time

     0     0 -3508.9377    0   91 -3349.6456 -3508.9377  4.76%     -    0s
     0     0 -3508.9377    0   91 -3349.6456 -3508.9377  4.76%     -    0s
     0     2 -3508.9377    0   91 -3349.6456 -3508.9377  4.76%     -    0s
  2268  1910 -3488.5773   33   70 -3349.6456 -3488.5773  4.15%  14.6    5s
  5244  3710 -3488.5773   47   58 -3349.6456 -3488.5773  4.15%  25.1   10s
  9621  6765 -3484.2223   69   38 -3349.6456 -3488.5773  4.15%  25.0   15s
 13736 10109 -3488.5773   33   71 -3349.6456 -3488.5773  4.15%  25.4   20s
 19917 15404 -3488.5773   38   73 -3349.6456 -3488.5773  4.15%  26.2   25s
 25437 20014 -3488.5773   48   57 -3349.6456 -3488.5773  4.15%  26.5   30s
 31584 25259 -3488.5773   47   58 -3349.6456 -3488.5773  4.15%  26.5   35s
 38176 29504 -3488.5773   37   74 -3349.6456 -3488.5773  4.15%  26.9   49s
 38188 31021 -3488.5773   38   72 -3349.6456 -3488.5773  4.15%  26.9   51s
 43777 35057 -3488.5773   45   59 -3349.6456 -3488.5773  4.15%  26.7   55s
 50826 40716 -3488.5773   34   73 -3349.6456 -3488.5773  4.15%  26.5   60s
 54481 44318 -3488.5773   40   65 -3349.6456 -3488.5773  4.15%  26.5   72s
 57073 45889 -3488.5773   35   77 -3349.6456 -3488.5773  4.15%  26.6   75s
 60686 49299 -3488.5773   40   67 -3349.6456 -3488.5773  4.15%  27.0   80s
 66019 53398 -3488.5773   47   60 -3349.6456 -3488.5773  4.15%  27.5   85s

Cutting planes:
  Gomory: 67
  Implied bound: 34
  MIR: 367
  Flow cover: 303
  RLT: 242
  Relax-and-lift: 160

Explored 69622 nodes (1938934 simplex iterations) in 88.52 seconds (33.35 work units)
Thread count was 12 (of 12 available processors)

Solution count 2: -3349.65 -1.51719e-11 

Time limit reached
Best objective -3.349645631715e+03, best bound -3.488577309166e+03, gap 4.1477%
[122 / 150; MWC341 ] ✓ done.
[123 / 150; MWC342 ]: using timeout 61.0 sec...
Set parameter TimeLimit to value 6.1003573179245024e+01
Gurobi Optimizer version 10.0.1 build v10.0.1rc0 (linux64)

CPU model: 12th Gen Intel(R) Core(TM) i5-1235U, instruction set [SSE2|AVX|AVX2]
Thread count: 12 physical cores, 12 logical processors, using up to 12 threads

Optimize a model with 0 rows, 95 columns and 0 nonzeros
Model fingerprint: 0xa2fc02c6
Model has 3338 quadratic objective terms
Variable types: 0 continuous, 95 integer (95 binary)
Coefficient statistics:
  Matrix range     [0e+00, 0e+00]
  Objective range  [2e+02, 3e+02]
  QObjective range [4e-03, 3e+01]
  Bounds range     [1e+00, 1e+00]
  RHS range        [0e+00, 0e+00]
Found heuristic solution: objective 0.0000000
Found heuristic solution: objective -0.0000000
Found heuristic solution: objective -7579.238709
Presolve time: 0.28s
Presolved: 0 rows, 95 columns, 0 nonzeros
Presolved model has 3357 quadratic objective terms
Variable types: 0 continuous, 95 integer (95 binary)

Root relaxation: objective -7.880252e+03, 137 iterations, 0.00 seconds (0.00 work units)

    Nodes    |    Current Node    |     Objective Bounds      |     Work
 Expl Unexpl |  Obj  Depth IntInf | Incumbent    BestBd   Gap | It/Node Time

     0     0 -7880.2517    0   89 -7579.2387 -7880.2517  3.97%     -    0s
     0     0 -7880.2517    0   89 -7579.2387 -7880.2517  3.97%     -    0s
     0     2 -7880.2517    0   89 -7579.2387 -7880.2517  3.97%     -    0s
  2325  1923 -7838.4903   37   71 -7579.2387 -7838.4903  3.42%  13.5    6s
  4095  2953 -7838.4903   36   66 -7579.2387 -7838.4903  3.42%  22.0   10s
 10978  8284 -7838.4903   35   71 -7579.2387 -7838.4903  3.42%  25.9   15s
 15165 11844 -7838.4903   37   67 -7579.2387 -7838.4903  3.42%  25.6   20s
 21260 17184 -7838.4903   42   60 -7579.2387 -7838.4903  3.42%  25.6   25s
 29014 23665 -7838.4903   34   71 -7579.2387 -7838.4903  3.42%  25.0   30s
 35944 29750 -7838.4903   35   72 -7579.2387 -7838.4903  3.42%  24.9   35s
 45005 36617 -7838.4903   54   52 -7579.2387 -7838.4903  3.42%  24.5   40s
 53072 43321 -7838.4903   61   50 -7579.2387 -7838.4903  3.42%  24.6   45s
 54319 44887 -7838.4903   44   60 -7579.2387 -7838.4903  3.42%  24.6   52s
 57923 47100 -7838.4903   37   72 -7579.2387 -7838.4903  3.42%  24.7   55s
 64300 52624 -7838.4903   36   71 -7579.2387 -7838.4903  3.42%  25.1   60s

Cutting planes:
  Gomory: 102
  Implied bound: 48
  MIR: 311
  Flow cover: 276
  RLT: 100
  Relax-and-lift: 219

Explored 65490 nodes (1657590 simplex iterations) in 61.05 seconds (24.40 work units)
Thread count was 12 (of 12 available processors)

Solution count 3: -7579.24 -7579.24 -2.49596e-11 

Time limit reached
Best objective -7.579238709425e+03, best bound -7.838490263574e+03, gap 3.4205%
[123 / 150; MWC342 ] ✓ done.
[124 / 150; MWC4 ]: using timeout 6.9 sec...
Set parameter TimeLimit to value 6.8953375816345215e+00
Gurobi Optimizer version 10.0.1 build v10.0.1rc0 (linux64)

CPU model: 12th Gen Intel(R) Core(TM) i5-1235U, instruction set [SSE2|AVX|AVX2]
Thread count: 12 physical cores, 12 logical processors, using up to 12 threads

Optimize a model with 0 rows, 15 columns and 0 nonzeros
Model fingerprint: 0x8648de72
Model has 33 quadratic objective terms
Variable types: 0 continuous, 15 integer (15 binary)
Coefficient statistics:
  Matrix range     [0e+00, 0e+00]
  Objective range  [3e+00, 2e+01]
  QObjective range [5e-01, 2e+01]
  Bounds range     [1e+00, 1e+00]
  RHS range        [0e+00, 0e+00]
Found heuristic solution: objective 0.0000000
Found heuristic solution: objective -77.4601824
Presolve removed 0 rows and 4 columns
Presolve time: 0.00s
Presolved: 20 rows, 31 columns, 60 nonzeros
Variable types: 0 continuous, 31 integer (31 binary)

Root relaxation: objective -8.061888e+01, 11 iterations, 0.00 seconds (0.00 work units)

    Nodes    |    Current Node    |     Objective Bounds      |     Work
 Expl Unexpl |  Obj  Depth IntInf | Incumbent    BestBd   Gap | It/Node Time

     0     0 infeasible    0       -77.46018  -77.46018  0.00%     -    0s

Explored 1 nodes (11 simplex iterations) in 0.01 seconds (0.00 work units)
Thread count was 12 (of 12 available processors)

Solution count 2: -77.4602 0 
No other solutions better than -77.4602

Optimal solution found (tolerance 1.00e-04)
Best objective -7.746018243873e+01, best bound -7.746018243873e+01, gap 0.0000%
[124 / 150; MWC4 ] ✓ done.
[125 / 150; MWC5 ]: using timeout 6.6 sec...
Set parameter TimeLimit to value 6.6472325325012207e+00
Gurobi Optimizer version 10.0.1 build v10.0.1rc0 (linux64)

CPU model: 12th Gen Intel(R) Core(TM) i5-1235U, instruction set [SSE2|AVX|AVX2]
Thread count: 12 physical cores, 12 logical processors, using up to 12 threads

Optimize a model with 0 rows, 15 columns and 0 nonzeros
Model fingerprint: 0x7f8d4b24
Model has 45 quadratic objective terms
Variable types: 0 continuous, 15 integer (15 binary)
Coefficient statistics:
  Matrix range     [0e+00, 0e+00]
  Objective range  [7e+00, 2e+01]
  QObjective range [8e-01, 2e+01]
  Bounds range     [1e+00, 1e+00]
  RHS range        [0e+00, 0e+00]
Found heuristic solution: objective 0.0000000
Found heuristic solution: objective -0.0000000
Found heuristic solution: objective -91.0154500
Presolve time: 0.00s
Presolved: 36 rows, 51 columns, 108 nonzeros
Variable types: 0 continuous, 51 integer (51 binary)

Root relaxation: objective -9.755566e+01, 16 iterations, 0.00 seconds (0.00 work units)

    Nodes    |    Current Node    |     Objective Bounds      |     Work
 Expl Unexpl |  Obj  Depth IntInf | Incumbent    BestBd   Gap | It/Node Time

     0     0  -97.55566    0   14  -91.01545  -97.55566  7.19%     -    0s

Cutting planes:
  Gomory: 1
  Clique: 1
  MIR: 8
  Zero half: 6
  RLT: 3
  BQP: 4

Explored 1 nodes (16 simplex iterations) in 0.01 seconds (0.00 work units)
Thread count was 12 (of 12 available processors)

Solution count 2: -91.0155 -2.4869e-14 
No other solutions better than -91.0155

Optimal solution found (tolerance 1.00e-04)
Best objective -9.101545000860e+01, best bound -9.101545000860e+01, gap 0.0000%
[125 / 150; MWC5 ] ✓ done.
[126 / 150; MWC6 ]: using timeout 7.2 sec...
Set parameter TimeLimit to value 7.2118484973907471e+00
Gurobi Optimizer version 10.0.1 build v10.0.1rc0 (linux64)

CPU model: 12th Gen Intel(R) Core(TM) i5-1235U, instruction set [SSE2|AVX|AVX2]
Thread count: 12 physical cores, 12 logical processors, using up to 12 threads

Optimize a model with 0 rows, 15 columns and 0 nonzeros
Model fingerprint: 0x34f6ffcd
Model has 79 quadratic objective terms
Variable types: 0 continuous, 15 integer (15 binary)
Coefficient statistics:
  Matrix range     [0e+00, 0e+00]
  Objective range  [2e+01, 4e+01]
  QObjective range [2e-01, 2e+01]
  Bounds range     [1e+00, 1e+00]
  RHS range        [0e+00, 0e+00]
Found heuristic solution: objective 0.0000000
Found heuristic solution: objective -156.3724167
Presolve time: 0.00s
Presolved: 67 rows, 82 columns, 201 nonzeros
Variable types: 0 continuous, 82 integer (82 binary)

Root relaxation: objective -1.964209e+02, 23 iterations, 0.00 seconds (0.00 work units)

    Nodes    |    Current Node    |     Objective Bounds      |     Work
 Expl Unexpl |  Obj  Depth IntInf | Incumbent    BestBd   Gap | It/Node Time

     0     0 -196.42090    0   14 -156.37242 -196.42090  25.6%     -    0s

Cutting planes:
  Gomory: 1
  MIR: 59
  Zero half: 19
  RLT: 10
  BQP: 16

Explored 1 nodes (23 simplex iterations) in 0.02 seconds (0.00 work units)
Thread count was 12 (of 12 available processors)

Solution count 2: -156.372 0 
No other solutions better than -156.372

Optimal solution found (tolerance 1.00e-04)
Best objective -1.563724167372e+02, best bound -1.563724167372e+02, gap 0.0000%
[126 / 150; MWC6 ] ✓ done.
[127 / 150; MWC7 ]: using timeout 6.6 sec...
Set parameter TimeLimit to value 6.6106529235839844e+00
Gurobi Optimizer version 10.0.1 build v10.0.1rc0 (linux64)

CPU model: 12th Gen Intel(R) Core(TM) i5-1235U, instruction set [SSE2|AVX|AVX2]
Thread count: 12 physical cores, 12 logical processors, using up to 12 threads

Optimize a model with 0 rows, 25 columns and 0 nonzeros
Model fingerprint: 0x9af5eae8
Model has 75 quadratic objective terms
Variable types: 0 continuous, 25 integer (25 binary)
Coefficient statistics:
  Matrix range     [0e+00, 0e+00]
  Objective range  [7e+00, 4e+01]
  QObjective range [2e-01, 3e+01]
  Bounds range     [1e+00, 1e+00]
  RHS range        [0e+00, 0e+00]
Found heuristic solution: objective 0.0000000
Found heuristic solution: objective -0.0000000
Found heuristic solution: objective -218.5434041
Presolve removed 0 rows and 2 columns
Presolve time: 0.00s
Presolved: 63 rows, 86 columns, 189 nonzeros
Variable types: 0 continuous, 86 integer (86 binary)

Root relaxation: objective -2.554164e+02, 23 iterations, 0.00 seconds (0.00 work units)

    Nodes    |    Current Node    |     Objective Bounds      |     Work
 Expl Unexpl |  Obj  Depth IntInf | Incumbent    BestBd   Gap | It/Node Time

     0     0 -255.41638    0   22 -218.54340 -255.41638  16.9%     -    0s
     0     0 -227.63176    0   32 -218.54340 -227.63176  4.16%     -    0s

Cutting planes:
  Gomory: 5
  MIR: 10
  Zero half: 16
  RLT: 2
  BQP: 4

Explored 1 nodes (62 simplex iterations) in 0.03 seconds (0.00 work units)
Thread count was 12 (of 12 available processors)

Solution count 3: -218.543 -6.75016e-14 0 
No other solutions better than -218.543

Optimal solution found (tolerance 1.00e-04)
Best objective -2.185434040690e+02, best bound -2.185434040690e+02, gap 0.0000%
[127 / 150; MWC7 ] ✓ done.
[128 / 150; MWC79 ]: using timeout 6.5 sec...
Set parameter TimeLimit to value 6.5325572490692139e+00
Gurobi Optimizer version 10.0.1 build v10.0.1rc0 (linux64)

CPU model: 12th Gen Intel(R) Core(TM) i5-1235U, instruction set [SSE2|AVX|AVX2]
Thread count: 12 physical cores, 12 logical processors, using up to 12 threads

Optimize a model with 0 rows, 5 columns and 0 nonzeros
Model fingerprint: 0x6aa33400
Model has 2 quadratic objective terms
Variable types: 0 continuous, 5 integer (5 binary)
Coefficient statistics:
  Matrix range     [0e+00, 0e+00]
  Objective range  [6e-02, 7e+00]
  QObjective range [3e-01, 3e+01]
  Bounds range     [1e+00, 1e+00]
  RHS range        [0e+00, 0e+00]
Found heuristic solution: objective 0.0000000
Found heuristic solution: objective -7.2907841
Presolve removed 0 rows and 5 columns
Presolve time: 0.00s
Presolve: All rows and columns removed

Explored 0 nodes (0 simplex iterations) in 0.00 seconds (0.00 work units)
Thread count was 1 (of 12 available processors)

Solution count 2: -7.29078 0 
No other solutions better than -7.29078

Optimal solution found (tolerance 1.00e-04)
Best objective -7.290784074892e+00, best bound -7.290784074892e+00, gap 0.0000%
[128 / 150; MWC79 ] ✓ done.
[129 / 150; MWC8 ]: using timeout 7.4 sec...
Set parameter TimeLimit to value 7.3706784248352051e+00
Gurobi Optimizer version 10.0.1 build v10.0.1rc0 (linux64)

CPU model: 12th Gen Intel(R) Core(TM) i5-1235U, instruction set [SSE2|AVX|AVX2]
Thread count: 12 physical cores, 12 logical processors, using up to 12 threads

Optimize a model with 0 rows, 25 columns and 0 nonzeros
Model fingerprint: 0x25f6e322
Model has 146 quadratic objective terms
Variable types: 0 continuous, 25 integer (25 binary)
Coefficient statistics:
  Matrix range     [0e+00, 0e+00]
  Objective range  [2e+01, 8e+01]
  QObjective range [4e-02, 4e+01]
  Bounds range     [1e+00, 1e+00]
  RHS range        [0e+00, 0e+00]
Found heuristic solution: objective 0.0000000
Found heuristic solution: objective -411.1689129
Presolve time: 0.01s
Presolved: 132 rows, 157 columns, 396 nonzeros
Variable types: 0 continuous, 157 integer (157 binary)

Root relaxation: objective -5.410168e+02, 45 iterations, 0.00 seconds (0.00 work units)

    Nodes    |    Current Node    |     Objective Bounds      |     Work
 Expl Unexpl |  Obj  Depth IntInf | Incumbent    BestBd   Gap | It/Node Time

     0     0 -541.01679    0   24 -411.16891 -541.01679  31.6%     -    0s
     0     0 -435.84451    0   70 -411.16891 -435.84451  6.00%     -    0s
     0     0 -434.79369    0   68 -411.16891 -434.79369  5.75%     -    0s
     0     0 -415.63700    0  118 -411.16891 -415.63700  1.09%     -    0s
     0     0 -415.63700    0  118 -411.16891 -415.63700  1.09%     -    0s
     0     2 -415.63700    0  118 -411.16891 -415.63700  1.09%     -    0s

Cutting planes:
  Gomory: 5
  MIR: 31
  Zero half: 15
  RLT: 23
  BQP: 25

Explored 3 nodes (412 simplex iterations) in 0.18 seconds (0.02 work units)
Thread count was 12 (of 12 available processors)

Solution count 2: -411.169 0 
No other solutions better than -411.169

Optimal solution found (tolerance 1.00e-04)
Best objective -4.111689128915e+02, best bound -4.111689128915e+02, gap 0.0000%
[129 / 150; MWC8 ] ✓ done.
[130 / 150; MWC80 ]: using timeout 7.3 sec...
Set parameter TimeLimit to value 7.3365209102630615e+00
Gurobi Optimizer version 10.0.1 build v10.0.1rc0 (linux64)

CPU model: 12th Gen Intel(R) Core(TM) i5-1235U, instruction set [SSE2|AVX|AVX2]
Thread count: 12 physical cores, 12 logical processors, using up to 12 threads

Optimize a model with 0 rows, 5 columns and 0 nonzeros
Model fingerprint: 0x3d1d1f78
Model has 4 quadratic objective terms
Variable types: 0 continuous, 5 integer (5 binary)
Coefficient statistics:
  Matrix range     [0e+00, 0e+00]
  Objective range  [3e-01, 2e+00]
  QObjective range [1e-01, 5e+00]
  Bounds range     [1e+00, 1e+00]
  RHS range        [0e+00, 0e+00]
Found heuristic solution: objective 0.0000000
Found heuristic solution: objective -2.0465315
Presolve removed 0 rows and 5 columns
Presolve time: 0.00s
Presolve: All rows and columns removed

Explored 0 nodes (0 simplex iterations) in 0.00 seconds (0.00 work units)
Thread count was 1 (of 12 available processors)

Solution count 2: -2.04653 0 
No other solutions better than -2.04653

Optimal solution found (tolerance 1.00e-04)
Best objective -2.046531527501e+00, best bound -2.046531527501e+00, gap 0.0000%
[130 / 150; MWC80 ] ✓ done.
[131 / 150; MWC81 ]: using timeout 6.4 sec...
Set parameter TimeLimit to value 6.3892633914947510e+00
Gurobi Optimizer version 10.0.1 build v10.0.1rc0 (linux64)

CPU model: 12th Gen Intel(R) Core(TM) i5-1235U, instruction set [SSE2|AVX|AVX2]
Thread count: 12 physical cores, 12 logical processors, using up to 12 threads

Optimize a model with 0 rows, 5 columns and 0 nonzeros
Model fingerprint: 0xc4b9e36d
Model has 8 quadratic objective terms
Variable types: 0 continuous, 5 integer (5 binary)
Coefficient statistics:
  Matrix range     [0e+00, 0e+00]
  Objective range  [3e+00, 2e+01]
  QObjective range [6e-01, 3e+01]
  Bounds range     [1e+00, 1e+00]
  RHS range        [0e+00, 0e+00]
Found heuristic solution: objective 0.0000000
Found heuristic solution: objective -0.0000000
Found heuristic solution: objective -24.2166284
Presolve removed 0 rows and 5 columns
Presolve time: 0.00s
Presolve: All rows and columns removed

Explored 0 nodes (0 simplex iterations) in 0.00 seconds (0.00 work units)
Thread count was 1 (of 12 available processors)

Solution count 3: -24.2166 -7.10543e-15 0 
No other solutions better than -24.2166

Optimal solution found (tolerance 1.00e-04)
Best objective -2.421662842515e+01, best bound -2.421662842515e+01, gap 0.0000%
[131 / 150; MWC81 ] ✓ done.
[132 / 150; MWC82 ]: using timeout 9.1 sec...
Set parameter TimeLimit to value 9.0948345661163330e+00
Gurobi Optimizer version 10.0.1 build v10.0.1rc0 (linux64)

CPU model: 12th Gen Intel(R) Core(TM) i5-1235U, instruction set [SSE2|AVX|AVX2]
Thread count: 12 physical cores, 12 logical processors, using up to 12 threads

Optimize a model with 0 rows, 15 columns and 0 nonzeros
Model fingerprint: 0x1cee62f6
Model has 24 quadratic objective terms
Variable types: 0 continuous, 15 integer (15 binary)
Coefficient statistics:
  Matrix range     [0e+00, 0e+00]
  Objective range  [7e-01, 5e+00]
  QObjective range [5e-02, 4e+00]
  Bounds range     [1e+00, 1e+00]
  RHS range        [0e+00, 0e+00]
Found heuristic solution: objective 0.0000000
Found heuristic solution: objective -0.0000000
Found heuristic solution: objective -11.9912512
Presolve removed 0 rows and 8 columns
Presolve time: 0.00s
Presolved: 10 rows, 17 columns, 30 nonzeros
Variable types: 0 continuous, 17 integer (17 binary)

Root relaxation: cutoff, 3 iterations, 0.00 seconds (0.00 work units)

    Nodes    |    Current Node    |     Objective Bounds      |     Work
 Expl Unexpl |  Obj  Depth IntInf | Incumbent    BestBd   Gap | It/Node Time

     0     0     cutoff    0       -11.99125  -11.99125  0.00%     -    0s

Explored 1 nodes (3 simplex iterations) in 0.00 seconds (0.00 work units)
Thread count was 12 (of 12 available processors)

Solution count 3: -11.9913 -1.77636e-15 0 
No other solutions better than -11.9913

Optimal solution found (tolerance 1.00e-04)
Best objective -1.199125122871e+01, best bound -1.199125122871e+01, gap 0.0000%
[132 / 150; MWC82 ] ✓ done.
[133 / 150; MWC83 ]: using timeout 6.6 sec...
Set parameter TimeLimit to value 6.58589506149292
Gurobi Optimizer version 10.0.1 build v10.0.1rc0 (linux64)

CPU model: 12th Gen Intel(R) Core(TM) i5-1235U, instruction set [SSE2|AVX|AVX2]
Thread count: 12 physical cores, 12 logical processors, using up to 12 threads

Optimize a model with 0 rows, 15 columns and 0 nonzeros
Model fingerprint: 0xd73bc972
Model has 52 quadratic objective terms
Variable types: 0 continuous, 15 integer (15 binary)
Coefficient statistics:
  Matrix range     [0e+00, 0e+00]
  Objective range  [5e+00, 1e+01]
  QObjective range [2e-02, 1e+01]
  Bounds range     [1e+00, 1e+00]
  RHS range        [0e+00, 0e+00]
Found heuristic solution: objective 0.0000000
Found heuristic solution: objective -49.7685074
Presolve time: 0.00s
Presolved: 41 rows, 56 columns, 123 nonzeros
Variable types: 0 continuous, 56 integer (56 binary)

Root relaxation: objective -5.789684e+01, 23 iterations, 0.00 seconds (0.00 work units)

    Nodes    |    Current Node    |     Objective Bounds      |     Work
 Expl Unexpl |  Obj  Depth IntInf | Incumbent    BestBd   Gap | It/Node Time

     0     0  -57.89684    0   14  -49.76851  -57.89684  16.3%     -    0s

Cutting planes:
  Gomory: 1
  MIR: 13
  Zero half: 7
  RLT: 5
  BQP: 9

Explored 1 nodes (23 simplex iterations) in 0.01 seconds (0.00 work units)
Thread count was 12 (of 12 available processors)

Solution count 2: -49.7685 0 
No other solutions better than -49.7685

Optimal solution found (tolerance 1.00e-04)
Best objective -4.976850743840e+01, best bound -4.976850743840e+01, gap 0.0000%
[133 / 150; MWC83 ] ✓ done.
[134 / 150; MWC84 ]: using timeout 6.7 sec...
Set parameter TimeLimit to value 6.7295565605163574e+00
Gurobi Optimizer version 10.0.1 build v10.0.1rc0 (linux64)

CPU model: 12th Gen Intel(R) Core(TM) i5-1235U, instruction set [SSE2|AVX|AVX2]
Thread count: 12 physical cores, 12 logical processors, using up to 12 threads

Optimize a model with 0 rows, 15 columns and 0 nonzeros
Model fingerprint: 0x5513324a
Model has 83 quadratic objective terms
Variable types: 0 continuous, 15 integer (15 binary)
Coefficient statistics:
  Matrix range     [0e+00, 0e+00]
  Objective range  [3e+01, 5e+01]
  QObjective range [8e-01, 3e+01]
  Bounds range     [1e+00, 1e+00]
  RHS range        [0e+00, 0e+00]
Found heuristic solution: objective 0.0000000
Found heuristic solution: objective -197.1129162
Presolve time: 0.00s
Presolved: 73 rows, 88 columns, 219 nonzeros
Variable types: 0 continuous, 88 integer (88 binary)

Root relaxation: objective -2.605068e+02, 29 iterations, 0.00 seconds (0.00 work units)

    Nodes    |    Current Node    |     Objective Bounds      |     Work
 Expl Unexpl |  Obj  Depth IntInf | Incumbent    BestBd   Gap | It/Node Time

     0     0 -260.50676    0   14 -197.11292 -260.50676  32.2%     -    0s
     0     0 -197.11292    0   42 -197.11292 -197.11292  0.00%     -    0s

Cutting planes:
  Gomory: 1
  MIR: 44
  Zero half: 28
  RLT: 14
  BQP: 10

Explored 1 nodes (131 simplex iterations) in 0.04 seconds (0.01 work units)
Thread count was 12 (of 12 available processors)

Solution count 2: -197.113 0 
No other solutions better than -197.113

Optimal solution found (tolerance 1.00e-04)
Best objective -1.971129162195e+02, best bound -1.971129162195e+02, gap 0.0000%
[134 / 150; MWC84 ] ✓ done.
[135 / 150; MWC85 ]: using timeout 6.7 sec...
Set parameter TimeLimit to value 6.6992442607879639e+00
Gurobi Optimizer version 10.0.1 build v10.0.1rc0 (linux64)

CPU model: 12th Gen Intel(R) Core(TM) i5-1235U, instruction set [SSE2|AVX|AVX2]
Thread count: 12 physical cores, 12 logical processors, using up to 12 threads

Optimize a model with 0 rows, 25 columns and 0 nonzeros
Model fingerprint: 0xe4ed186c
Model has 78 quadratic objective terms
Variable types: 0 continuous, 25 integer (25 binary)
Coefficient statistics:
  Matrix range     [0e+00, 0e+00]
  Objective range  [1e+00, 3e+01]
  QObjective range [1e-01, 2e+01]
  Bounds range     [1e+00, 1e+00]
  RHS range        [0e+00, 0e+00]
Found heuristic solution: objective 0.0000000
Found heuristic solution: objective -141.6638461
Presolve removed 0 rows and 2 columns
Presolve time: 0.00s
Presolved: 66 rows, 89 columns, 198 nonzeros
Variable types: 0 continuous, 89 integer (89 binary)

Root relaxation: objective -1.622971e+02, 34 iterations, 0.00 seconds (0.00 work units)

    Nodes    |    Current Node    |     Objective Bounds      |     Work
 Expl Unexpl |  Obj  Depth IntInf | Incumbent    BestBd   Gap | It/Node Time

     0     0 -162.29712    0   22 -141.66385 -162.29712  14.6%     -    0s
     0     0 -141.66385    0   40 -141.66385 -141.66385  0.00%     -    0s

Cutting planes:
  Gomory: 1
  MIR: 12
  Zero half: 21
  RLT: 3
  BQP: 5

Explored 1 nodes (82 simplex iterations) in 0.01 seconds (0.00 work units)
Thread count was 12 (of 12 available processors)

Solution count 2: -141.664 0 
No other solutions better than -141.664

Optimal solution found (tolerance 1.00e-04)
Best objective -1.416638461441e+02, best bound -1.416638461441e+02, gap 0.0000%
[135 / 150; MWC85 ] ✓ done.
[136 / 150; MWC86 ]: using timeout 7.1 sec...
Set parameter TimeLimit to value 7.0753254890441895e+00
Gurobi Optimizer version 10.0.1 build v10.0.1rc0 (linux64)

CPU model: 12th Gen Intel(R) Core(TM) i5-1235U, instruction set [SSE2|AVX|AVX2]
Thread count: 12 physical cores, 12 logical processors, using up to 12 threads

Optimize a model with 0 rows, 25 columns and 0 nonzeros
Model fingerprint: 0xf7be5952
Model has 152 quadratic objective terms
Variable types: 0 continuous, 25 integer (25 binary)
Coefficient statistics:
  Matrix range     [0e+00, 0e+00]
  Objective range  [2e+01, 7e+01]
  QObjective range [3e-01, 3e+01]
  Bounds range     [1e+00, 1e+00]
  RHS range        [0e+00, 0e+00]
Found heuristic solution: objective 0.0000000
Found heuristic solution: objective -0.0000000
Found heuristic solution: objective -404.7960741
Presolve time: 0.00s
Presolved: 137 rows, 162 columns, 411 nonzeros
Variable types: 0 continuous, 162 integer (162 binary)

Root relaxation: objective -5.402699e+02, 34 iterations, 0.00 seconds (0.00 work units)

    Nodes    |    Current Node    |     Objective Bounds      |     Work
 Expl Unexpl |  Obj  Depth IntInf | Incumbent    BestBd   Gap | It/Node Time

     0     0 -540.26991    0   24 -404.79607 -540.26991  33.5%     -    0s
     0     0 -430.88691    0   69 -404.79607 -430.88691  6.45%     -    0s
     0     0 -428.50121    0   70 -404.79607 -428.50121  5.86%     -    0s
     0     0 -409.58593    0  125 -404.79607 -409.58593  1.18%     -    0s
     0     0 -409.58593    0  125 -404.79607 -409.58593  1.18%     -    0s
     0     2 -409.58593    0  125 -404.79607 -409.58593  1.18%     -    0s

Cutting planes:
  Gomory: 2
  MIR: 41
  Zero half: 10
  RLT: 22
  BQP: 23

Explored 3 nodes (427 simplex iterations) in 0.09 seconds (0.03 work units)
Thread count was 12 (of 12 available processors)

Solution count 2: -404.796 -1.13687e-13 
No other solutions better than -404.796

Optimal solution found (tolerance 1.00e-04)
Best objective -4.047960741310e+02, best bound -4.047960741310e+02, gap 0.0000%
[136 / 150; MWC86 ] ✓ done.
[137 / 150; MWC87 ]: using timeout 7.7 sec...
Set parameter TimeLimit to value 7.7454006671905473e+00
Gurobi Optimizer version 10.0.1 build v10.0.1rc0 (linux64)

CPU model: 12th Gen Intel(R) Core(TM) i5-1235U, instruction set [SSE2|AVX|AVX2]
Thread count: 12 physical cores, 12 logical processors, using up to 12 threads

Optimize a model with 0 rows, 25 columns and 0 nonzeros
Model fingerprint: 0x31585c5d
Model has 212 quadratic objective terms
Variable types: 0 continuous, 25 integer (25 binary)
Coefficient statistics:
  Matrix range     [0e+00, 0e+00]
  Objective range  [3e+01, 7e+01]
  QObjective range [3e-03, 3e+01]
  Bounds range     [1e+00, 1e+00]
  RHS range        [0e+00, 0e+00]
Found heuristic solution: objective 0.0000000
Found heuristic solution: objective -444.0600554
Presolve time: 0.00s
Presolved: 193 rows, 218 columns, 579 nonzeros
Variable types: 0 continuous, 218 integer (218 binary)

Root relaxation: objective -6.520731e+02, 55 iterations, 0.00 seconds (0.00 work units)

    Nodes    |    Current Node    |     Objective Bounds      |     Work
 Expl Unexpl |  Obj  Depth IntInf | Incumbent    BestBd   Gap | It/Node Time

     0     0 -652.07307    0   24 -444.06006 -652.07307  46.8%     -    0s
     0     0 -525.76382    0  104 -444.06006 -525.76382  18.4%     -    0s
     0     0 -522.20736    0  106 -444.06006 -522.20736  17.6%     -    0s
     0     0 -469.24396    0  202 -444.06006 -469.24396  5.67%     -    0s
     0     0 -469.24396    0  202 -444.06006 -469.24396  5.67%     -    0s
     0     2 -469.24396    0  202 -444.06006 -469.24396  5.67%     -    0s

Cutting planes:
  Gomory: 3
  MIR: 84
  Zero half: 20
  RLT: 47
  BQP: 38

Explored 67 nodes (4975 simplex iterations) in 0.71 seconds (0.12 work units)
Thread count was 12 (of 12 available processors)

Solution count 2: -444.06 0 
No other solutions better than -444.06

Optimal solution found (tolerance 1.00e-04)
Best objective -4.440600554193e+02, best bound -4.440600554193e+02, gap 0.0000%
[137 / 150; MWC87 ] ✓ done.
[138 / 150; MWC88 ]: using timeout 7.5 sec...
Set parameter TimeLimit to value 7.5324449539184570e+00
Gurobi Optimizer version 10.0.1 build v10.0.1rc0 (linux64)

CPU model: 12th Gen Intel(R) Core(TM) i5-1235U, instruction set [SSE2|AVX|AVX2]
Thread count: 12 physical cores, 12 logical processors, using up to 12 threads

Optimize a model with 0 rows, 35 columns and 0 nonzeros
Model fingerprint: 0x7dca8440
Model has 144 quadratic objective terms
Variable types: 0 continuous, 35 integer (35 binary)
Coefficient statistics:
  Matrix range     [0e+00, 0e+00]
  Objective range  [2e+01, 8e+01]
  QObjective range [1e-01, 4e+01]
  Bounds range     [1e+00, 1e+00]
  RHS range        [0e+00, 0e+00]
Found heuristic solution: objective 0.0000000
Found heuristic solution: objective -548.5122433
Presolve time: 0.01s
Presolved: 131 rows, 166 columns, 393 nonzeros
Variable types: 0 continuous, 166 integer (166 binary)

Root relaxation: objective -6.839124e+02, 40 iterations, 0.00 seconds (0.00 work units)

    Nodes    |    Current Node    |     Objective Bounds      |     Work
 Expl Unexpl |  Obj  Depth IntInf | Incumbent    BestBd   Gap | It/Node Time

     0     0 -683.91236    0   34 -548.51224 -683.91236  24.7%     -    0s
     0     0 -599.57956    0   62 -548.51224 -599.57956  9.31%     -    0s
     0     0 -575.81468    0   78 -548.51224 -575.81468  4.98%     -    0s
     0     0 -575.81468    0   78 -548.51224 -575.81468  4.98%     -    0s
     0     2 -575.81468    0   78 -548.51224 -575.81468  4.98%     -    0s

Cutting planes:
  Gomory: 3
  MIR: 16
  Zero half: 22
  RLT: 10
  BQP: 18

Explored 8 nodes (478 simplex iterations) in 0.13 seconds (0.04 work units)
Thread count was 12 (of 12 available processors)

Solution count 2: -548.512 0 
No other solutions better than -548.512

Optimal solution found (tolerance 1.00e-04)
Best objective -5.485122433239e+02, best bound -5.485122433239e+02, gap 0.0000%
[138 / 150; MWC88 ] ✓ done.
[139 / 150; MWC89 ]: using timeout 7.6 sec...
Set parameter TimeLimit to value 7.6124849319458017e+00
Gurobi Optimizer version 10.0.1 build v10.0.1rc0 (linux64)

CPU model: 12th Gen Intel(R) Core(TM) i5-1235U, instruction set [SSE2|AVX|AVX2]
Thread count: 12 physical cores, 12 logical processors, using up to 12 threads

Optimize a model with 0 rows, 35 columns and 0 nonzeros
Model fingerprint: 0x60797cb7
Model has 305 quadratic objective terms
Variable types: 0 continuous, 35 integer (35 binary)
Coefficient statistics:
  Matrix range     [0e+00, 0e+00]
  Objective range  [2e+01, 5e+01]
  QObjective range [6e-02, 2e+01]
  Bounds range     [1e+00, 1e+00]
  RHS range        [0e+00, 0e+00]
Found heuristic solution: objective 0.0000000
Found heuristic solution: objective -407.9914958
Presolve time: 0.03s
Presolved: 286 rows, 321 columns, 858 nonzeros
Variable types: 0 continuous, 321 integer (321 binary)

Root relaxation: objective -5.907134e+02, 46 iterations, 0.00 seconds (0.00 work units)

    Nodes    |    Current Node    |     Objective Bounds      |     Work
 Expl Unexpl |  Obj  Depth IntInf | Incumbent    BestBd   Gap | It/Node Time

     0     0 -590.71343    0   34 -407.99150 -590.71343  44.8%     -    0s
     0     0 -466.17837    0  171 -407.99150 -466.17837  14.3%     -    0s
     0     0 -464.86554    0  177 -407.99150 -464.86554  13.9%     -    0s
     0     0 -428.37292    0  298 -407.99150 -428.37292  5.00%     -    0s
     0     0 -428.37292    0  298 -407.99150 -428.37292  5.00%     -    0s
     0     2 -428.37292    0  298 -407.99150 -428.37292  5.00%     -    0s

Cutting planes:
  Gomory: 2
  MIR: 74
  Zero half: 19
  RLT: 56
  BQP: 64

Explored 96 nodes (8741 simplex iterations) in 1.23 seconds (0.28 work units)
Thread count was 12 (of 12 available processors)

Solution count 2: -407.991 0 
No other solutions better than -407.991

Optimal solution found (tolerance 1.00e-04)
Best objective -4.079914958435e+02, best bound -4.079914958435e+02, gap 0.0000%
[139 / 150; MWC89 ] ✓ done.
[140 / 150; MWC9 ]: using timeout 7.8 sec...
Set parameter TimeLimit to value 7.8000793457031250e+00
Gurobi Optimizer version 10.0.1 build v10.0.1rc0 (linux64)

CPU model: 12th Gen Intel(R) Core(TM) i5-1235U, instruction set [SSE2|AVX|AVX2]
Thread count: 12 physical cores, 12 logical processors, using up to 12 threads

Optimize a model with 0 rows, 25 columns and 0 nonzeros
Model fingerprint: 0x6533b989
Model has 226 quadratic objective terms
Variable types: 0 continuous, 25 integer (25 binary)
Coefficient statistics:
  Matrix range     [0e+00, 0e+00]
  Objective range  [2e+01, 5e+01]
  QObjective range [2e-02, 2e+01]
  Bounds range     [1e+00, 1e+00]
  RHS range        [0e+00, 0e+00]
Found heuristic solution: objective 0.0000000
Found heuristic solution: objective -281.4818919
Found heuristic solution: objective -281.8737357
Presolve time: 0.01s
Presolved: 205 rows, 230 columns, 615 nonzeros
Variable types: 0 continuous, 230 integer (230 binary)

Root relaxation: objective -4.263519e+02, 29 iterations, 0.00 seconds (0.00 work units)

    Nodes    |    Current Node    |     Objective Bounds      |     Work
 Expl Unexpl |  Obj  Depth IntInf | Incumbent    BestBd   Gap | It/Node Time

     0     0 -426.35185    0   24 -281.87374 -426.35185  51.3%     -    0s
     0     0 -338.10219    0  106 -281.87374 -338.10219  19.9%     -    0s
     0     0 -336.81288    0  107 -281.87374 -336.81288  19.5%     -    0s
     0     0 -305.71155    0  222 -281.87374 -305.71155  8.46%     -    0s
     0     0 -305.71155    0  222 -281.87374 -305.71155  8.46%     -    0s
     0     2 -305.71155    0  222 -281.87374 -305.71155  8.46%     -    0s

Cutting planes:
  Gomory: 2
  MIR: 114
  Zero half: 26
  RLT: 57
  BQP: 27

Explored 211 nodes (13768 simplex iterations) in 0.77 seconds (0.21 work units)
Thread count was 12 (of 12 available processors)

Solution count 3: -281.874 -281.482 0 
No other solutions better than -281.874

Optimal solution found (tolerance 1.00e-04)
Best objective -2.818737356599e+02, best bound -2.818737356599e+02, gap 0.0000%
[140 / 150; MWC9 ] ✓ done.
[141 / 150; MWC90 ]: using timeout 9.4 sec...
Set parameter TimeLimit to value 9.3958728313446
Gurobi Optimizer version 10.0.1 build v10.0.1rc0 (linux64)

CPU model: 12th Gen Intel(R) Core(TM) i5-1235U, instruction set [SSE2|AVX|AVX2]
Thread count: 12 physical cores, 12 logical processors, using up to 12 threads

Optimize a model with 0 rows, 35 columns and 0 nonzeros
Model fingerprint: 0x35e08c8c
Model has 422 quadratic objective terms
Variable types: 0 continuous, 35 integer (35 binary)
Coefficient statistics:
  Matrix range     [0e+00, 0e+00]
  Objective range  [3e+01, 7e+01]
  QObjective range [3e-02, 2e+01]
  Bounds range     [1e+00, 1e+00]
  RHS range        [0e+00, 0e+00]
Found heuristic solution: objective 0.0000000
Found heuristic solution: objective -0.0000000
Found heuristic solution: objective -554.6239836
Presolve time: 0.06s
Presolved: 393 rows, 428 columns, 1179 nonzeros
Variable types: 0 continuous, 428 integer (428 binary)

Root relaxation: objective -8.588610e+02, 47 iterations, 0.00 seconds (0.00 work units)

    Nodes    |    Current Node    |     Objective Bounds      |     Work
 Expl Unexpl |  Obj  Depth IntInf | Incumbent    BestBd   Gap | It/Node Time

     0     0 -858.86098    0   34 -554.62398 -858.86098  54.9%     -    0s
     0     0 -679.33424    0  203 -554.62398 -679.33424  22.5%     -    0s
     0     0 -677.82861    0  178 -554.62398 -677.82861  22.2%     -    0s
     0     0 -612.18171    0  406 -554.62398 -612.18171  10.4%     -    1s
     0     0 -612.18171    0  406 -554.62398 -612.18171  10.4%     -    1s
     0     2 -612.18171    0  406 -554.62398 -612.18171  10.4%     -    1s
   991   133     cutoff    9      -554.62398 -573.46089  3.40%   113    5s

Cutting planes:
  Gomory: 6
  MIR: 161
  Zero half: 33
  RLT: 115
  BQP: 46

Explored 1369 nodes (149039 simplex iterations) in 5.96 seconds (1.67 work units)
Thread count was 12 (of 12 available processors)

Solution count 2: -554.624 -1.95488e-12 
No other solutions better than -554.624

Optimal solution found (tolerance 1.00e-04)
Best objective -5.546239835911e+02, best bound -5.546239835911e+02, gap 0.0000%
[141 / 150; MWC90 ] ✓ done.
[142 / 150; MWC91 ]: using timeout 8.2 sec...
Set parameter TimeLimit to value 8.1851630210876465e+00
Gurobi Optimizer version 10.0.1 build v10.0.1rc0 (linux64)

CPU model: 12th Gen Intel(R) Core(TM) i5-1235U, instruction set [SSE2|AVX|AVX2]
Thread count: 12 physical cores, 12 logical processors, using up to 12 threads

Optimize a model with 0 rows, 45 columns and 0 nonzeros
Model fingerprint: 0x989d22c8
Model has 233 quadratic objective terms
Variable types: 0 continuous, 45 integer (45 binary)
Coefficient statistics:
  Matrix range     [0e+00, 0e+00]
  Objective range  [2e+00, 8e+00]
  QObjective range [6e-02, 4e+00]
  Bounds range     [1e+00, 1e+00]
  RHS range        [0e+00, 0e+00]
Found heuristic solution: objective 0.0000000
Found heuristic solution: objective -82.6129699
Presolve time: 0.09s
Presolved: 218 rows, 263 columns, 654 nonzeros
Variable types: 0 continuous, 263 integer (263 binary)

Root relaxation: objective -1.077339e+02, 45 iterations, 0.00 seconds (0.00 work units)

    Nodes    |    Current Node    |     Objective Bounds      |     Work
 Expl Unexpl |  Obj  Depth IntInf | Incumbent    BestBd   Gap | It/Node Time

     0     0 -107.73387    0   44  -82.61297 -107.73387  30.4%     -    0s
     0     0  -89.09161    0  106  -82.61297  -89.09161  7.84%     -    0s
     0     0  -88.83101    0  105  -82.61297  -88.83101  7.53%     -    0s
     0     0  -86.45763    0  122  -82.61297  -86.45763  4.65%     -    0s
     0     0  -86.45763    0  122  -82.61297  -86.45763  4.65%     -    0s
     0     2  -86.45763    0  122  -82.61297  -86.45763  4.65%     -    0s

Cutting planes:
  Gomory: 3
  MIR: 27
  Zero half: 33
  RLT: 25
  BQP: 48

Explored 45 nodes (1741 simplex iterations) in 0.31 seconds (0.07 work units)
Thread count was 12 (of 12 available processors)

Solution count 2: -82.613 0 
No other solutions better than -82.613

Optimal solution found (tolerance 1.00e-04)
Best objective -8.261296991709e+01, best bound -8.261296991709e+01, gap 0.0000%
[142 / 150; MWC91 ] ✓ done.
[143 / 150; MWC92 ]: using timeout 10.3 sec...
Set parameter TimeLimit to value 1.0301196575164791e+01
Gurobi Optimizer version 10.0.1 build v10.0.1rc0 (linux64)

CPU model: 12th Gen Intel(R) Core(TM) i5-1235U, instruction set [SSE2|AVX|AVX2]
Thread count: 12 physical cores, 12 logical processors, using up to 12 threads

Optimize a model with 0 rows, 45 columns and 0 nonzeros
Model fingerprint: 0xfc70d91b
Model has 484 quadratic objective terms
Variable types: 0 continuous, 45 integer (45 binary)
Coefficient statistics:
  Matrix range     [0e+00, 0e+00]
  Objective range  [3e+01, 8e+01]
  QObjective range [3e-02, 2e+01]
  Bounds range     [1e+00, 1e+00]
  RHS range        [0e+00, 0e+00]
Found heuristic solution: objective 0.0000000
Found heuristic solution: objective -772.6571914
Presolve time: 0.09s
Presolved: 456 rows, 501 columns, 1368 nonzeros
Variable types: 0 continuous, 501 integer (501 binary)

Root relaxation: objective -1.150167e+03, 80 iterations, 0.00 seconds (0.00 work units)

    Nodes    |    Current Node    |     Objective Bounds      |     Work
 Expl Unexpl |  Obj  Depth IntInf | Incumbent    BestBd   Gap | It/Node Time

     0     0 -1150.1667    0   44 -772.65719 -1150.1667  48.9%     -    0s
     0     0 -910.76708    0  209 -772.65719 -910.76708  17.9%     -    0s
     0     0 -907.16980    0  224 -772.65719 -907.16980  17.4%     -    0s
     0     0 -823.59185    0  462 -772.65719 -823.59185  6.59%     -    1s
     0     0 -823.59185    0  462 -772.65719 -823.59185  6.59%     -    1s
     0     2 -823.59185    0  462 -772.65719 -823.59185  6.59%     -    1s

Cutting planes:
  Gomory: 4
  MIR: 101
  Zero half: 26
  RLT: 108
  BQP: 109

Explored 813 nodes (76325 simplex iterations) in 4.29 seconds (1.49 work units)
Thread count was 12 (of 12 available processors)

Solution count 2: -772.657 0 
No other solutions better than -772.657

Optimal solution found (tolerance 1.00e-04)
Best objective -7.726571913690e+02, best bound -7.726571913690e+02, gap 0.0000%
[143 / 150; MWC92 ] ✓ done.
[144 / 150; MWC93 ]: using timeout 11.2 sec...
Set parameter TimeLimit to value 1.1177248239517212e+01
Gurobi Optimizer version 10.0.1 build v10.0.1rc0 (linux64)

CPU model: 12th Gen Intel(R) Core(TM) i5-1235U, instruction set [SSE2|AVX|AVX2]
Thread count: 12 physical cores, 12 logical processors, using up to 12 threads

Optimize a model with 0 rows, 45 columns and 0 nonzeros
Model fingerprint: 0x37fd7089
Model has 773 quadratic objective terms
Variable types: 0 continuous, 45 integer (45 binary)
Coefficient statistics:
  Matrix range     [0e+00, 0e+00]
  Objective range  [9e+01, 1e+02]
  QObjective range [1e-02, 3e+01]
  Bounds range     [1e+00, 1e+00]
  RHS range        [0e+00, 0e+00]
Found heuristic solution: objective 0.0000000
Found heuristic solution: objective -0.0000000
Found heuristic solution: objective -1548.868337
Presolve time: 0.03s
Presolved: 740 rows, 785 columns, 2220 nonzeros
Variable types: 0 continuous, 785 integer (785 binary)

Root relaxation: objective -2.489926e+03, 123 iterations, 0.01 seconds (0.00 work units)

    Nodes    |    Current Node    |     Objective Bounds      |     Work
 Expl Unexpl |  Obj  Depth IntInf | Incumbent    BestBd   Gap | It/Node Time

     0     0 -2489.9257    0   44 -1548.8683 -2489.9257  60.8%     -    0s
     0     0 -2102.2968    0  249 -1548.8683 -2102.2968  35.7%     -    0s
     0     0 -2064.9943    0  284 -1548.8683 -2064.9943  33.3%     -    0s
     0     0 -2064.9943    0  286 -1548.8683 -2064.9943  33.3%     -    0s
     0     0 -1774.3268    0  679 -1548.8683 -1774.3268  14.6%     -    2s
     0     0 -1774.3268    0  679 -1548.8683 -1774.3268  14.6%     -    2s
     0     2 -1774.3268    0  679 -1548.8683 -1774.3268  14.6%     -    2s
    27    40 -1674.8679    5  625 -1548.8683 -1727.9176  11.6%   851    6s
   180   157 -1617.4088   10  529 -1548.8683 -1727.9176  11.6%   454   10s

Cutting planes:
  Gomory: 2
  MIR: 318
  Zero half: 45
  RLT: 306
  BQP: 168

Explored 272 nodes (111765 simplex iterations) in 11.23 seconds (4.93 work units)
Thread count was 12 (of 12 available processors)

Solution count 2: -1548.87 -6.04006e-12 

Time limit reached
Best objective -1.548868336683e+03, best bound -1.727917620976e+03, gap 11.5600%
[144 / 150; MWC93 ] ✓ done.
[145 / 150; MWC94 ]: using timeout 8.8 sec...
Set parameter TimeLimit to value 8.7691273689270020e+00
Gurobi Optimizer version 10.0.1 build v10.0.1rc0 (linux64)

CPU model: 12th Gen Intel(R) Core(TM) i5-1235U, instruction set [SSE2|AVX|AVX2]
Thread count: 12 physical cores, 12 logical processors, using up to 12 threads

Optimize a model with 0 rows, 55 columns and 0 nonzeros
Model fingerprint: 0xce4b260c
Model has 350 quadratic objective terms
Variable types: 0 continuous, 55 integer (55 binary)
Coefficient statistics:
  Matrix range     [0e+00, 0e+00]
  Objective range  [2e+01, 7e+01]
  QObjective range [6e-02, 2e+01]
  Bounds range     [1e+00, 1e+00]
  RHS range        [0e+00, 0e+00]
Found heuristic solution: objective 0.0000000
Found heuristic solution: objective -0.0000000
Found heuristic solution: objective -771.0173432
Presolve time: 0.10s
Presolved: 330 rows, 385 columns, 990 nonzeros
Variable types: 0 continuous, 385 integer (385 binary)

Root relaxation: objective -1.040376e+03, 70 iterations, 0.00 seconds (0.00 work units)

    Nodes    |    Current Node    |     Objective Bounds      |     Work
 Expl Unexpl |  Obj  Depth IntInf | Incumbent    BestBd   Gap | It/Node Time

     0     0 -1040.3760    0   54 -771.01734 -1040.3760  34.9%     -    0s
     0     0 -853.31856    0  147 -771.01734 -853.31856  10.7%     -    0s
     0     0 -852.26967    0  145 -771.01734 -852.26967  10.5%     -    0s
     0     0 -831.70542    0  175 -771.01734 -831.70542  7.87%     -    0s
     0     0 -831.70542    0  175 -771.01734 -831.70542  7.87%     -    0s
     0     2 -831.70542    0  175 -771.01734 -831.70542  7.87%     -    0s

Cutting planes:
  Gomory: 14
  MIR: 52
  Zero half: 37
  RLT: 46
  BQP: 73

Explored 231 nodes (9079 simplex iterations) in 0.60 seconds (0.19 work units)
Thread count was 12 (of 12 available processors)

Solution count 2: -771.017 -5.71099e-13 
No other solutions better than -771.017

Optimal solution found (tolerance 1.00e-04)
Best objective -7.710173432101e+02, best bound -7.710173432101e+02, gap 0.0000%
[145 / 150; MWC94 ] ✓ done.
[146 / 150; MWC95 ]: using timeout 20.3 sec...
Set parameter TimeLimit to value 2.0279263496398947e+01
Gurobi Optimizer version 10.0.1 build v10.0.1rc0 (linux64)

CPU model: 12th Gen Intel(R) Core(TM) i5-1235U, instruction set [SSE2|AVX|AVX2]
Thread count: 12 physical cores, 12 logical processors, using up to 12 threads

Optimize a model with 0 rows, 55 columns and 0 nonzeros
Model fingerprint: 0x0571d93b
Model has 736 quadratic objective terms
Variable types: 0 continuous, 55 integer (55 binary)
Coefficient statistics:
  Matrix range     [0e+00, 0e+00]
  Objective range  [6e+01, 2e+02]
  QObjective range [3e-02, 3e+01]
  Bounds range     [1e+00, 1e+00]
  RHS range        [0e+00, 0e+00]
Found heuristic solution: objective 0.0000000
Found heuristic solution: objective -1874.814670
Presolve time: 0.13s
Presolved: 703 rows, 758 columns, 2109 nonzeros
Variable types: 0 continuous, 758 integer (758 binary)

Root relaxation: objective -2.900031e+03, 134 iterations, 0.00 seconds (0.00 work units)

    Nodes    |    Current Node    |     Objective Bounds      |     Work
 Expl Unexpl |  Obj  Depth IntInf | Incumbent    BestBd   Gap | It/Node Time

     0     0 -2900.0310    0   54 -1874.8147 -2900.0310  54.7%     -    0s
     0     0 -2309.1147    0  339 -1874.8147 -2309.1147  23.2%     -    0s
     0     0 -2274.4256    0  377 -1874.8147 -2274.4256  21.3%     -    1s
     0     0 -2074.0148    0  708 -1874.8147 -2074.0148  10.6%     -    2s
     0     0 -2074.0148    0  708 -1874.8147 -2074.0148  10.6%     -    2s
     0     2 -2074.0148    0  708 -1874.8147 -2074.0148  10.6%     -    2s
    39    52 -1965.7748    5  603 -1874.8147 -2012.7145  7.36%   994    5s
   438   284     cutoff   18      -1874.8147 -2007.3121  7.07%   368   10s
  1036   550     cutoff   16      -1874.8147 -1997.1060  6.52%   287   15s
  1620   769 -1899.9121   11  431 -1874.8147 -1962.9242  4.70%   261   20s

Cutting planes:
  Gomory: 10
  MIR: 251
  Zero half: 50
  RLT: 200
  BQP: 317

Explored 1743 nodes (448285 simplex iterations) in 20.28 seconds (12.28 work units)
Thread count was 12 (of 12 available processors)

Solution count 2: -1874.81 0 

Time limit reached
Best objective -1.874814670427e+03, best bound -1.962924155208e+03, gap 4.6996%
[146 / 150; MWC95 ] ✓ done.
[147 / 150; MWC96 ]: using timeout 14.1 sec...
Set parameter TimeLimit to value 1.4053763866424557e+01
Gurobi Optimizer version 10.0.1 build v10.0.1rc0 (linux64)

CPU model: 12th Gen Intel(R) Core(TM) i5-1235U, instruction set [SSE2|AVX|AVX2]
Thread count: 12 physical cores, 12 logical processors, using up to 12 threads

Optimize a model with 0 rows, 55 columns and 0 nonzeros
Model fingerprint: 0x5b216905
Model has 1123 quadratic objective terms
Variable types: 0 continuous, 55 integer (55 binary)
Coefficient statistics:
  Matrix range     [0e+00, 0e+00]
  Objective range  [6e+01, 1e+02]
  QObjective range [2e-02, 2e+01]
  Bounds range     [1e+00, 1e+00]
  RHS range        [0e+00, 0e+00]
Found heuristic solution: objective 0.0000000
Found heuristic solution: objective -1329.546564
Presolve time: 0.14s
Presolved: 1080 rows, 1135 columns, 3240 nonzeros
Variable types: 0 continuous, 1135 integer (1135 binary)

Root relaxation: objective -2.181688e+03, 150 iterations, 0.01 seconds (0.00 work units)

    Nodes    |    Current Node    |     Objective Bounds      |     Work
 Expl Unexpl |  Obj  Depth IntInf | Incumbent    BestBd   Gap | It/Node Time

     0     0 -2181.6877    0   54 -1329.5466 -2181.6877  64.1%     -    0s
     0     0 -1828.6800    0  354 -1329.5466 -1828.6800  37.5%     -    0s
     0     0 -1806.7343    0  381 -1329.5466 -1806.7343  35.9%     -    0s
     0     0 -1625.9971    0  942 -1329.5466 -1625.9971  22.3%     -    3s
     0     0 -1625.9971    0  942 -1329.5466 -1625.9971  22.3%     -    3s
     0     2 -1625.9971    0  942 -1329.5466 -1625.9971  22.3%     -    3s
     7    16 -1579.6302    3  906 -1329.5466 -1613.8999  21.4%  1313    5s
   101   118 -1514.3982    8  659 -1329.5466 -1586.3971  19.3%   904   10s

Cutting planes:
  Gomory: 1
  MIR: 216
  Zero half: 39
  RLT: 277
  BQP: 435

Explored 291 nodes (161741 simplex iterations) in 14.06 seconds (10.03 work units)
Thread count was 12 (of 12 available processors)

Solution count 2: -1329.55 0 

Time limit reached
Best objective -1.329546564439e+03, best bound -1.586397103273e+03, gap 19.3187%
[147 / 150; MWC96 ] ✓ done.
[148 / 150; MWC97 ]: using timeout 14.5 sec...
Set parameter TimeLimit to value 14.5188627243042
Gurobi Optimizer version 10.0.1 build v10.0.1rc0 (linux64)

CPU model: 12th Gen Intel(R) Core(TM) i5-1235U, instruction set [SSE2|AVX|AVX2]
Thread count: 12 physical cores, 12 logical processors, using up to 12 threads

Optimize a model with 0 rows, 65 columns and 0 nonzeros
Model fingerprint: 0xfa869624
Model has 522 quadratic objective terms
Variable types: 0 continuous, 65 integer (65 binary)
Coefficient statistics:
  Matrix range     [0e+00, 0e+00]
  Objective range  [3e+01, 8e+01]
  QObjective range [4e-02, 2e+01]
  Bounds range     [1e+00, 1e+00]
  RHS range        [0e+00, 0e+00]
Found heuristic solution: objective 0.0000000
Found heuristic solution: objective -1127.899637
Presolve time: 0.19s
Presolved: 497 rows, 562 columns, 1491 nonzeros
Variable types: 0 continuous, 562 integer (562 binary)

Root relaxation: objective -1.601739e+03, 87 iterations, 0.00 seconds (0.00 work units)

    Nodes    |    Current Node    |     Objective Bounds      |     Work
 Expl Unexpl |  Obj  Depth IntInf | Incumbent    BestBd   Gap | It/Node Time

     0     0 -1601.7388    0   64 -1127.8996 -1601.7388  42.0%     -    0s
     0     0 -1272.2172    0  241 -1127.8996 -1272.2172  12.8%     -    0s
     0     0 -1231.0816    0  329 -1127.8996 -1231.0816  9.15%     -    0s
     0     0 -1231.0816    0  329 -1127.8996 -1231.0816  9.15%     -    0s
     0     2 -1231.0816    0  329 -1127.8996 -1231.0816  9.15%     -    0s

Cutting planes:
  Gomory: 2
  MIR: 87
  Zero half: 58
  RLT: 97
  BQP: 186

Explored 2613 nodes (220605 simplex iterations) in 4.61 seconds (2.43 work units)
Thread count was 12 (of 12 available processors)

Solution count 2: -1127.9 0 
No other solutions better than -1127.9

Optimal solution found (tolerance 1.00e-04)
Best objective -1.127899636620e+03, best bound -1.127899636620e+03, gap 0.0000%
[148 / 150; MWC97 ] ✓ done.
[149 / 150; MWC98 ]: using timeout 59.0 sec...
Set parameter TimeLimit to value 5.8955476760864258e+01
Gurobi Optimizer version 10.0.1 build v10.0.1rc0 (linux64)

CPU model: 12th Gen Intel(R) Core(TM) i5-1235U, instruction set [SSE2|AVX|AVX2]
Thread count: 12 physical cores, 12 logical processors, using up to 12 threads

Optimize a model with 0 rows, 65 columns and 0 nonzeros
Model fingerprint: 0x408c362b
Model has 1045 quadratic objective terms
Variable types: 0 continuous, 65 integer (65 binary)
Coefficient statistics:
  Matrix range     [0e+00, 0e+00]
  Objective range  [3e+01, 7e+01]
  QObjective range [3e-02, 1e+01]
  Bounds range     [1e+00, 1e+00]
  RHS range        [0e+00, 0e+00]
Found heuristic solution: objective 0.0000000
Found heuristic solution: objective -0.0000000
Found heuristic solution: objective -967.5250737
Presolve time: 0.20s
Presolved: 1004 rows, 1069 columns, 3012 nonzeros
Variable types: 0 continuous, 1069 integer (1069 binary)

Root relaxation: objective -1.516627e+03, 159 iterations, 0.01 seconds (0.00 work units)

    Nodes    |    Current Node    |     Objective Bounds      |     Work
 Expl Unexpl |  Obj  Depth IntInf | Incumbent    BestBd   Gap | It/Node Time

     0     0 -1516.6270    0   64 -967.52507 -1516.6270  56.8%     -    0s
     0     0 -1331.7225    0  287 -967.52507 -1331.7225  37.6%     -    1s
     0     0 -1218.4671    0  450 -967.52507 -1218.4671  25.9%     -    1s
     0     0 -1212.2766    0  495 -967.52507 -1212.2766  25.3%     -    2s
     0     0 -1209.5493    0  484 -967.52507 -1209.5493  25.0%     -    2s
     0     0 -1070.4438    0 1026 -967.52507 -1070.4438  10.6%     -    4s
     0     0 -1070.4438    0 1026 -967.52507 -1070.4438  10.6%     -    5s
     0     2 -1070.4438    0 1026 -967.52507 -1070.4438  10.6%     -    5s
    27    40 -1027.9892    5  901 -967.52507 -1043.4844  7.85%  1967   11s
   113   128 -1011.8069    9  807 -967.52507 -1037.1698  7.20%  1107   15s
   258   221 -987.04962   13  730 -967.52507 -1037.1698  7.20%   814   20s
   374   307 -971.77386   17  663 -967.52507 -1037.1698  7.20%   719   25s
   520   396 -1007.0780    7  841 -967.52507 -1035.0403  6.98%   646   31s
   645   504 -972.29649   17  651 -967.52507 -1035.0403  6.98%   629   36s
   798   602 -1010.5011    9  791 -967.52507 -1031.9293  6.66%   597   41s
  1001   699 -1015.0790    6  870 -967.52507 -1030.4534  6.50%   556   45s
  1180   799 -998.44277   12  758 -967.52507 -1030.4534  6.50%   547   51s
  1291   856 -983.07470   16  683 -967.52507 -1030.4534  6.50%   542   57s

Cutting planes:
  Gomory: 2
  MIR: 375
  Zero half: 57
  RLT: 351
  BQP: 477

Explored 1437 nodes (772496 simplex iterations) in 58.97 seconds (35.86 work units)
Thread count was 12 (of 12 available processors)

Solution count 2: -967.525 -2.50555e-12 

Time limit reached
Best objective -9.675250737188e+02, best bound -1.023639683878e+03, gap 5.7998%
[149 / 150; MWC98 ] ✓ done.
[150 / 150; MWC99 ]: using timeout 35.5 sec...
Set parameter TimeLimit to value 3.5478110313415527e+01
Gurobi Optimizer version 10.0.1 build v10.0.1rc0 (linux64)

CPU model: 12th Gen Intel(R) Core(TM) i5-1235U, instruction set [SSE2|AVX|AVX2]
Thread count: 12 physical cores, 12 logical processors, using up to 12 threads

Optimize a model with 0 rows, 65 columns and 0 nonzeros
Model fingerprint: 0xa4567a31
Model has 1526 quadratic objective terms
Variable types: 0 continuous, 65 integer (65 binary)
Coefficient statistics:
  Matrix range     [0e+00, 0e+00]
  Objective range  [3e+01, 6e+01]
  QObjective range [7e-03, 8e+00]
  Bounds range     [1e+00, 1e+00]
  RHS range        [0e+00, 0e+00]
Found heuristic solution: objective 0.0000000
Found heuristic solution: objective -905.6847164
Found heuristic solution: objective -906.0759276
Presolve time: 0.25s
Presolved: 0 rows, 65 columns, 0 nonzeros
Presolved model has 1541 quadratic objective terms
Variable types: 0 continuous, 65 integer (65 binary)

Root relaxation: objective -9.459163e+02, 104 iterations, 0.00 seconds (0.00 work units)

    Nodes    |    Current Node    |     Objective Bounds      |     Work
 Expl Unexpl |  Obj  Depth IntInf | Incumbent    BestBd   Gap | It/Node Time

     0     0 -945.91625    0   62 -906.07593 -945.91625  4.40%     -    0s
     0     0 -945.91625    0   62 -906.07593 -945.91625  4.40%     -    0s
     0     2 -945.91625    0   62 -906.07593 -945.91625  4.40%     -    0s
H   35    40                    -906.7221451 -941.05388  3.79%   4.0    0s
H  157   172                    -908.8205471 -940.58267  3.49%   4.1    0s
  5113  2938 -936.57858   34   40 -908.82055 -936.57858  3.05%  11.0    5s
 24086 14218 -936.57858   43   33 -908.82055 -936.57858  3.05%  13.1   10s
 48412 27328 -931.11584   53   25 -908.82055 -936.57858  3.05%  13.0   15s
 56429 31353 -936.57858   49   29 -908.82055 -936.57858  3.05%  12.9   20s
 78333 41548     cutoff   54      -908.82055 -936.57858  3.05%  13.0   25s
 102216 51881     cutoff   58      -908.82055 -936.57858  3.05%  13.1   30s
 126450 62331 -936.57858   48   31 -908.82055 -936.57858  3.05%  13.2   35s

Cutting planes:
  Gomory: 91
  Implied bound: 32
  MIR: 109
  Flow cover: 164
  RLT: 48
  Relax-and-lift: 70

Explored 128901 nodes (1700372 simplex iterations) in 35.49 seconds (12.26 work units)
Thread count was 12 (of 12 available processors)

Solution count 5: -908.821 -906.722 -906.076 ... 0

Time limit reached
Best objective -9.088205471310e+02, best bound -9.365785846589e+02, gap 3.0543%
[150 / 150; MWC99 ] ✓ done.
