{"problem": {"instance_name": "UDMIS003EXT_N15_W1.0_R0.2.orig", "instance_data": [[0.0, 0.0], [0.0, 1.9306614434253288e-05], [0.0, 2.5742152579004385e-05], [6.435538144751096e-06, 1.2871076289502192e-05], [6.435538144751096e-06, 2.5742152579004385e-05], [1.2871076289502192e-05, 6.435538144751096e-06], [1.2871076289502192e-05, 1.9306614434253288e-05], [1.2871076289502192e-05, 2.5742152579004385e-05], [1.9306614434253288e-05, 0.0], [1.9306614434253288e-05, 6.435538144751096e-06], [1.9306614434253288e-05, 1.2871076289502192e-05], [1.9306614434253288e-05, 1.9306614434253288e-05], [1.9306614434253288e-05, 2.5742152579004385e-05], [2.5742152579004385e-05, 0.0], [2.5742152579004385e-05, 2.5742152579004385e-05]]}, "meta": {"timestamp_start": 1700089383.327389, "timestamp_end": 1700089440.734454, "version": "1.1"}, "sim_result": {"sim_density": null, "sim_counts": null, "sim_dt": null, "sim_timestamp": null}, "qpu_result": {"qpu_density": [0.93, 0.3434343434343434, 0.52, 0.7755102040816326, 0.2222222222222222, 0.5656565656565656, 0.21, 0.6, 0.09, 0.1, 0.6565656565656566, 0.13, 0.13, 0.8144329896907216, 0.8585858585858586], "qpu_counts": {"rgrrgrgrggrggrr": 10, "rggrgggrrgrgggr": 1, "rrgrgggrgggrgrr": 1, "rrgrgggrgggggrr": 2, "rgrrgrrgggggrrg": 1, "rgrggrrgggrggrr": 4, "rggrrrrgggrgrrr": 1, "rgrrgrgrggrgggr": 2, "rrgrgrgrggrggrr": 2, "rgrrgrgrgggggrr": 2, "rgrrgggrgrgrggr": 1, "rgrrgggrggrggrr": 6, "rrrrgggrgggrgrg": 1, "grgrgrgrggrggrr": 1, "rgrrggrggggggrr": 1, "ggrrgggrgggggrr": 1, "rgrggrgggggggrr": 1, "rrgrgggrgrgrggr": 1, "rggrgrgrgggrgrr": 1, "rggrrgrggrgggrg": 1, "rrggrrggggrgrrg": 2, "rgrrgrgrgggrgrr": 2, "rggrrrrgggggrrg": 1, "rrgrgrgrgggggrr": 1, "rrgrgrrggggggrr": 1, "rrgrrggggrgrgrr": 2, "rgrrgggrrgrgggr": 2, "rrggrrrgggrggrr": 1, "rrgggggrgggrgrg": 1, "rggrrrrgggrggrr": 1, "rggrrrggggrggrr": 1, "rrgggrgrggrggrr": 1, "rrgrgggrggrggrr": 1, "rggrgggrggrggrr": 1, "rggrgrgrggrggrr": 2, "grgrrrggggggrrg": 1, "rrggrrrgggrgrrg": 1, "rgrrggggggrggrr": 2, "rgrrgggrgrgrggg": 1, "rrggrrggggrggrr": 1, "rrgrrgggggrgrrr": 1, "rrgrrrrgggrggrr": 1, "rgrrgrrggggggrr": 1, "rgrrgggrgrgrgrr": 1, "rgrgggrggrggggr": 1, "rgrggrggggrggrr": 1, "rggrgrggggrgrrg": 1, "grgggrgrrgrgggr": 1, "rgrrgrgrggggggr": 1, "rrgrrgggggrggrr": 3, "grggrgrgrgrgrgr": 1, "rgrrgrggggrgrgr": 1, "rgrrggrgggrggrr": 1, "rrgggrggggrggrr": 1, "rggrgrgrggggggr": 1, "rrrggrgrggrggrr": 1, "rgrggrgrggrggrr": 1, "ggrrgrgrggrggrr": 1, "ggrrrrgrggrggrr": 1, "rgggrgrgggggrrg": 1, "rrgrrrggrgrggrr": 1, "rrgrgggrrgrgggr": 2, "rgrgggrgggrggrr": 1, "rrgrgrgrgggrgrr": 1, "rggrgggrgrggrrg": 1, "rrgrrgrgggrggrr": 1, "rgrggggrrgrggrr": 1, "rggrgggrggrgggr": 1, "rgrrgrgrggggggg": 1, "rgrrgggrgrgggrr": 1}, "qpu_dt": 57.402857542037964, "qpu_timestamp": 1700089383.329504}, "settings": {"time_points": [0, 2.5e-07, 2.75e-06, 3e-06], "amplitude_values": [0, 15700000.0, 15700000.0, 0], "detuning_values": [-20000000.0, -20000000.0, 20000000.0, 20000000.0], "phase_values": [0, 0, 0, 0], "blockade_radius": 8.04442268093887e-06, "n_site_max": 256, "C6": 5.42e-24, "x_min": 0, "y_min": 0, "R": 1.25, "factor": 6.435538144751096e-06}}