{"problem": {"instance_name": "UDMIS085EXT_N40_W1.0_R0.2.orig", "instance_data": [[0.0, 0.0], [0.0, 4.348336584291281e-06], [0.0, 8.696673168582562e-06], [0.0, 1.7393346337165125e-05], [0.0, 3.0438356090038968e-05], [4.348336584291281e-06, 0.0], [4.348336584291281e-06, 2.1741682921456406e-05], [4.348336584291281e-06, 2.6090019505747687e-05], [8.696673168582562e-06, 0.0], [8.696673168582562e-06, 4.348336584291281e-06], [8.696673168582562e-06, 1.7393346337165125e-05], [8.696673168582562e-06, 2.6090019505747687e-05], [1.3045009752873843e-05, 4.348336584291281e-06], [1.3045009752873843e-05, 1.3045009752873843e-05], [1.3045009752873843e-05, 1.7393346337165125e-05], [1.3045009752873843e-05, 2.1741682921456406e-05], [1.3045009752873843e-05, 3.0438356090038968e-05], [1.7393346337165125e-05, 0.0], [1.7393346337165125e-05, 4.348336584291281e-06], [1.7393346337165125e-05, 8.696673168582562e-06], [1.7393346337165125e-05, 1.3045009752873843e-05], [1.7393346337165125e-05, 1.7393346337165125e-05], [1.7393346337165125e-05, 2.1741682921456406e-05], [1.7393346337165125e-05, 2.6090019505747687e-05], [2.1741682921456406e-05, 0.0], [2.1741682921456406e-05, 4.348336584291281e-06], [2.1741682921456406e-05, 8.696673168582562e-06], [2.1741682921456406e-05, 1.3045009752873843e-05], [2.1741682921456406e-05, 1.7393346337165125e-05], [2.1741682921456406e-05, 2.1741682921456406e-05], [2.1741682921456406e-05, 2.6090019505747687e-05], [2.6090019505747687e-05, 4.348336584291281e-06], [2.6090019505747687e-05, 8.696673168582562e-06], [2.6090019505747687e-05, 1.3045009752873843e-05], [2.6090019505747687e-05, 2.1741682921456406e-05], [2.6090019505747687e-05, 3.0438356090038968e-05], [3.0438356090038968e-05, 0.0], [3.0438356090038968e-05, 1.7393346337165125e-05], [3.0438356090038968e-05, 2.1741682921456406e-05], [3.0438356090038968e-05, 3.0438356090038968e-05]]}, "meta": {"timestamp_start": 1700088575.539771, "timestamp_end": 1700088633.442912, "version": "1.1"}, "sim_result": {"sim_density": null, "sim_counts": null, "sim_dt": null, "sim_timestamp": null}, "qpu_result": {"qpu_density": [0.62, 0.08, 0.47959183673469385, 0.6767676767676768, 0.95, 0.09, 0.2, 0.020202020202020204, 0.3, 0.3, 0.21, 0.07142857142857142, 0.08, 0.24, 0.12244897959183673, 0.08080808080808081, 0.73, 0.49, 0.15151515151515152, 0.14, 0.11, 0.07, 0.12121212121212122, 0.07, 0.1414141414141414, 0.04, 0.08, 0.08, 0.1111111111111111, 0.1414141414141414, 0.21, 0.04, 0.40404040404040403, 0.14, 0.06060606060606061, 0.2, 0.8787878787878788, 0.53, 0.22, 0.64], "qpu_counts": {"rgrgrgrggggggggrrgrgggggggggggggrggrrrgg": 1, "rgrrrggggggrgrgggrgggggggggggrggrggrrggg": 1, "rgrrrgggggrgggggrrgrggggggggggggrggrrggg": 1, "gggrrggggrrggggggrrggggrggggggggrgggrrgr": 1, "rgrrrgggggggggrgrggggggggrggggggggggrgrr": 1, "grgrrgggrggggrrgrgggggggrggggrggrggrggrg": 1, "ggrrrgggrrggggggrrgggrggggggggrgggggrrgr": 1, "rgrrrgggggggggggrgrrgrgggggggggggrgrrgrg": 1, "rgrgrgrggggggrrgggggggggrgggggrgrgggrrgr": 1, "gggrrggggrggggrgrrggggggggrggrggggggrgrr": 1, "rgrrrggggrggggggrrgggggggggggggrgrggggrr": 1, "rggrrggggggrrggggggggrgrggggggggrgrgrrgr": 1, "ggrrrgggrggggrggrgrgggggggggrggggrrgrggr": 1, "ggrrrgggrgrgggggrggggggggggggrggrgggrrgr": 1, "gggrrrggggggggggrrgggggggggggrggrgggrrgr": 1, "rggrgggrgrggggrggrggggggggrgggggggggrrgr": 1, "rggrrggggrggggggrggggggggggggrggrgggrggr": 1, "rgrgrgrgggggggggrrgrggggggggggrgggggrggr": 1, "grggrgrgggggrggggggggggrggggggggrgrgrggg": 1, "rggrrgggggggggrgrrgrggggggggggggrgrgrggg": 1, "rgrgrgrggrggggrgrggrggggrggggggggggrrgrg": 1, "rgrrrgrgrgrgggggrrrgrgggggggrgrgrgrggrgg": 1, "rggrrggggrgggggrgrgggggggggrggrgggggrrgr": 1, "ggrgrgggggggggggrrgrgggggggggggggrgrrgrg": 1, "rggrrgggrggggrggrrggrgrgggrgrggggggrrgrg": 1, "ggggrgrggggggrggrrggggrgggggggggggggrrgr": 1, "rgrrrgggggggggggrrgggrggggggggggggrgrggr": 1, "ggrgrrrggggggrgggrggggggrgggggggrgggrrgr": 1, "gggrrggggrgggrggrgggggggrgggggrggrggggrr": 1, "rgrgrgggggggrgggrgggggrggggrgrgggggrrrgg": 1, "gggggggggrrgggggrrggrgggggggggggggggrrgr": 1, "rgrgrgrggrggggggrggggggggggggrggrgrgrrgr": 1, "rggrrggrggggggggrrgrggggggggrgggrgggrgrr": 1, "ggrrrggggrrgggggrgggggggrggrggggggggrrgg": 1, "rggrrgggrgrggggrrgggggggggggggrgrgggrggr": 1, "ggrrrgggrggrggrggggrggggrgggggggggggrrgr": 1, "rggrrggggggggggggrrgrggggggggggggggrrrgg": 1, "rgggrgggrgrgrrgggrgggggrgggrggggrgggrgrg": 1, "grggrgggrggggrggrrggggggggggggrgggggrggr": 1, "ggrgrgrggrgggrggrrggggggggggggrgggggrrgr": 1, "ggggrgrggrgggrggrrgggggggggggggrgggggggg": 1, "rgrgrgrgrggggrggrrggggggggrgggrgggggrrgg": 1, "gggrrggggrgrggrgggggggggggggggrgggggrrgr": 1, "grggrgrgrgggggrgrgrgggggggggggrgrgggrggr": 1, "ggrrrrgggggggrgrrrggggrgggggggggrgggrrgr": 1, "rggrrgggggggggggrrgggggggggggggggrgrgggg": 1, "rgrrrggggrgggrgrggggggggggggggggrggrrgrg": 1, "rggrrggggrgrgggggggrggggrggggrggggggrrgr": 1, "grgrrggggrggggggrrggggggggrggrggggggrrgr": 1, "gggrrgggggrgrgggrgggggrggggggggggrggrggr": 1, "rggrrgggrgrgggggrrrrggrggggggggggrgrrggg": 1, "rggrrggggrggggrgrrrggggggggggggggrgrgggg": 1, "rgrgrggggrggggggrrggrgrgggggggggrggrrrgg": 1, "rggrrgggrgrgggggrrggggggggggrgggrgggrgrr": 1, "rgggrggggrrgggggrrggrgggggggggrgggggrggr": 1, "rggrrgggrgggggggrrggrggrggggggggrgggrgrr": 1, "rgrrrggggrgggggggggggrgggrggggggggggrrgr": 1, "gggrrgggrggrgrgggrgggggrggggrgggrgggrggr": 1, "rgggrgggrgrgggggrgrgggrgggggggggrgggrrgr": 1, "rgrgrgrgrgggggggrrggrgrgggggggggggggrrgg": 1, "rgrrrgggggrgggggrrggggggggggggrgggggrrgr": 1, "rggrrgggggrgggggggrgggrggggggggrrgggrggg": 1, "rggrrggggrrgggggggggggggrggggrggggggrrgr": 1, "rggrrggggrggggggrgggggggggrggrggggggrrgr": 1, "ggrrrggggrgggrgggrggggggggggrgggggggrrgr": 1, "gggrrrggggggrggrgggggggggggrgggggggrrrgr": 1, "rggrrgggrgggggrgrgrgggggggggrggggggrrgrg": 1, "rgrgrgggrggggrggrgggggggggggggggggggrrgr": 1, "rgrrrgggrggggggrrgggggggrgggggggrggggrgg": 1, "ggrgrrggggrrggggggrgggggggggggrgrgggrggr": 1, "rggrgggrggrgggggrrgggrggggggggggrgggrgrg": 1, "rgrgrrggggggggrgrrggggggggggggrggrgggggg": 1, "grgrrgggrggggrggggggggrgrggggggggrggrgrg": 1, "rgrrrggggggggrggrggggggggggggrggrggggrgr": 1, "rgrrggggrggrgggggggggggrggggrgggrgggrggr": 1, "gggrrgggggggggggrggggggggrggggggggggrrgr": 1, "rggrggggrgggggggrgggggrggggggggggrggrgrr": 1, "rgrrrgggggggrgggrggggggggrggggggggggrrgg": 1, "ggrgrgrgggggggggrrgggrggggggggrgrgggrrgr": 1, "rgrrrgggrgrgggggrgggrggggggggggrgggggrgr": 1, "rgrrrgggrggggrggrrggggggggggggggrgggrrgr": 1, "rgggrgrggrggggggrgggggggggggggggrgggrggr": 1, "ggrrrrggggggggggrgrgggggggggrgggrgggrrgr": 1, "grgrrgggggggggggrgggggggrgrgrgggggggrrgg": 1, "rgrrrggggrggggggrrggggggggggggggrgggrrgr": 1, "ggrgrgrgggggggggrgrrggggggggggrgggggrrgg": 1, "rggrrgggggggggggrrgggggggggrggggggggrrgr": 1, "ggrgrggggggrgggggrgggggggggggrggrggrrrgg": 1, "rggrrggggggggggrrgggggggrggggrggrgggrrgr": 1, "rggrrgggggrggggggrgrgggggggggggggrgrrgrg": 1, "ggrrrrrgggggrgggrgggrgrgggggggggrgggrrgr": 1, "rggrrggggrgggrgggggggggggggrggrgggggrrgr": 1, "rgrgrgrggrggggggrrggggggggggrgggggggrgrg": 1, "rgrrrgggrgrgggrgrgrggggggggggggggrggrgrr": 1, "gggrrgggrgggggggrgggggggrgggggggggggrrgr": 1, "grggrgggrgggggggrgggrgggggggggrgggggrrgr": 1, "rggrrggggggggrggrrgggggggggrgggggggrrgrg": 1, "rgrgrgrggrgggggrgggrggggggggggggggggrrgr": 1, "ggrgrrgggggggrggrrggggggggrggggggggggggr": 1, "rgrrrgggrgggggggrggrggggrgggggrgrgggrggr": 1}, "qpu_dt": 57.888261795043945, "qpu_timestamp": 1700088575.550574}, "settings": {"time_points": [0, 2.5e-07, 2.75e-06, 3e-06], "amplitude_values": [0, 15700000.0, 15700000.0, 0], "detuning_values": [-20000000.0, -20000000.0, 20000000.0, 20000000.0], "phase_values": [0, 0, 0, 0], "blockade_radius": 8.04442268093887e-06, "n_site_max": 256, "C6": 5.42e-24, "x_min": 0, "y_min": 0, "R": 1.85, "factor": 4.348336584291281e-06}}