{"problem": {"instance_name": "UDMIS038EXT_N15_W1.0_R0.3.orig", "instance_data": [[0.0, 5.665086395027374e-06], [0.0, 1.1330172790054747e-05], [0.0, 1.699525918508212e-05], [0.0, 2.2660345580109495e-05], [5.665086395027374e-06, 1.1330172790054747e-05], [1.1330172790054747e-05, 5.665086395027374e-06], [1.1330172790054747e-05, 1.1330172790054747e-05], [1.1330172790054747e-05, 1.699525918508212e-05], [1.1330172790054747e-05, 2.2660345580109495e-05], [1.699525918508212e-05, 0.0], [1.699525918508212e-05, 5.665086395027374e-06], [1.699525918508212e-05, 2.2660345580109495e-05], [2.2660345580109495e-05, 5.665086395027374e-06], [2.2660345580109495e-05, 1.1330172790054747e-05], [2.2660345580109495e-05, 1.699525918508212e-05]]}, "meta": {"timestamp_start": 1700088112.824027, "timestamp_end": 1700088170.271885, "version": "1.1"}, "sim_result": {"sim_density": null, "sim_counts": null, "sim_dt": null, "sim_timestamp": null}, "qpu_result": {"qpu_density": [0.73, 0.16, 0.19, 0.75, 0.09, 0.26, 0.5151515151515151, 0.1111111111111111, 0.6060606060606061, 0.5353535353535354, 0.04, 0.2, 0.65, 0.12, 0.73], "qpu_counts": {"rrgrrgggggrrggr": 1, "rgrggrgggggrrgg": 1, "rggrgrgrggggrgr": 4, "rggrggrggggrrgr": 3, "grgrggrgrrggrgr": 1, "rggrgrggggggrgr": 2, "rrgrggggrrgggrg": 1, "rgrggggggggrrgr": 1, "rggrggrgrrgggrg": 2, "rggrggggrgggrgr": 2, "rggrrgggrrgrrgg": 1, "rggrggrgrrggggr": 4, "grgggrggrgggggr": 1, "grgrggrggrgrrgr": 1, "rgrgggrgrgggggr": 1, "rgrgggggrgggrgr": 2, "rggrgrggrgggrgr": 3, "gggrgrggrgggrgr": 3, "rggrggggrrggrgr": 2, "grgrggrgggggrgr": 1, "gggrggrgrrggrgr": 3, "grgrgggggrgrggr": 1, "rggrggrgrrggrgr": 4, "rgrgggrgrrggggg": 1, "rggrrggrgrggrgr": 1, "rgrgggrgrrggrgr": 3, "rggrgrggggrrgrg": 1, "rggrgrrrggggrgg": 1, "grggggrgrrggrgg": 1, "rgggggrggrggrgr": 1, "rggrrgggrrggggg": 1, "rgrgggrgrgggrgr": 1, "gggrrggggrgggrg": 1, "rggggrggrrggggr": 1, "rgrggrggrgggrgg": 1, "rggggrgrgggrrgg": 1, "rggrggrrrgggrgr": 1, "gggrrrgrgrgrgrg": 1, "rggrgrgrggggggr": 1, "rggrgggggrgrgrg": 1, "rggrggrgrgggrgr": 4, "rgrggrggrgggrgr": 1, "grgrggrgrrgggrg": 1, "ggrrrgggrrggggr": 1, "rggrggrggggrrgg": 2, "rggrrgggrrggrgr": 1, "rggrggrgrrrgggr": 1, "rggrggrggrgrrgg": 1, "grgrggggrrggggr": 1, "grgrgrgggggggrg": 1, "rgrgggrgrrggggr": 1, "grgrgggrggggrgg": 1, "rgrgggrggrggggr": 1, "rgggggggggggrgr": 1, "grgrggrggrggggr": 1, "grgrgrgrgrgrgrg": 1, "rggggrggrgggrgr": 1, "gggrggggrrggrgr": 1, "rggrggrggrgrgrg": 2, "grgrggrgrrggggr": 1, "gggrrgggrgrgrgr": 1, "rggrggrggrggggr": 2, "rgggggrgrgggrgr": 1, "rgrgggrgrgggrgg": 1, "ggrrggrgrrggggr": 1, "rgrggrggrrggrgr": 1, "gggrggrggrgrrgr": 1, "grgrggrgrrggrgg": 1, "rgrgggggrrggggg": 1, "rggrggrggrggrgr": 1}, "qpu_dt": 57.444642066955566, "qpu_timestamp": 1700088112.825495}, "settings": {"time_points": [0, 2.5e-07, 2.75e-06, 3e-06], "amplitude_values": [0, 15700000.0, 15700000.0, 0], "detuning_values": [-20000000.0, -20000000.0, 20000000.0, 20000000.0], "phase_values": [0, 0, 0, 0], "blockade_radius": 8.04442268093887e-06, "n_site_max": 256, "C6": 5.42e-24, "x_min": 0, "y_min": 0, "R": 1.42, "factor": 5.665086395027374e-06}}