{"problem": {"instance_name": "UDMIS086EXT_N40_W1.0_R0.2.orig", "instance_data": [[0.0, 0.0], [0.0, 4.348336584291281e-06], [0.0, 1.7393346337165125e-05], [0.0, 2.1741682921456406e-05], [4.348336584291281e-06, 0.0], [4.348336584291281e-06, 4.348336584291281e-06], [4.348336584291281e-06, 8.696673168582562e-06], [4.348336584291281e-06, 1.3045009752873843e-05], [4.348336584291281e-06, 3.0438356090038968e-05], [8.696673168582562e-06, 0.0], [8.696673168582562e-06, 8.696673168582562e-06], [8.696673168582562e-06, 1.3045009752873843e-05], [8.696673168582562e-06, 1.7393346337165125e-05], [8.696673168582562e-06, 2.1741682921456406e-05], [8.696673168582562e-06, 2.6090019505747687e-05], [8.696673168582562e-06, 3.0438356090038968e-05], [1.3045009752873843e-05, 0.0], [1.3045009752873843e-05, 4.348336584291281e-06], [1.3045009752873843e-05, 8.696673168582562e-06], [1.3045009752873843e-05, 1.7393346337165125e-05], [1.7393346337165125e-05, 0.0], [1.7393346337165125e-05, 8.696673168582562e-06], [1.7393346337165125e-05, 1.3045009752873843e-05], [1.7393346337165125e-05, 1.7393346337165125e-05], [1.7393346337165125e-05, 2.1741682921456406e-05], [1.7393346337165125e-05, 2.6090019505747687e-05], [2.1741682921456406e-05, 4.348336584291281e-06], [2.1741682921456406e-05, 2.1741682921456406e-05], [2.1741682921456406e-05, 2.6090019505747687e-05], [2.1741682921456406e-05, 3.0438356090038968e-05], [2.6090019505747687e-05, 8.696673168582562e-06], [2.6090019505747687e-05, 1.3045009752873843e-05], [2.6090019505747687e-05, 1.7393346337165125e-05], [2.6090019505747687e-05, 2.1741682921456406e-05], [2.6090019505747687e-05, 2.6090019505747687e-05], [3.0438356090038968e-05, 1.3045009752873843e-05], [3.0438356090038968e-05, 1.7393346337165125e-05], [3.0438356090038968e-05, 2.1741682921456406e-05], [3.0438356090038968e-05, 2.6090019505747687e-05], [3.0438356090038968e-05, 3.0438356090038968e-05]]}, "meta": {"timestamp_start": 1700087938.588788, "timestamp_end": 1700087997.501515, "version": "1.1"}, "sim_result": {"sim_density": null, "sim_counts": null, "sim_dt": null, "sim_timestamp": null}, "qpu_result": {"qpu_density": [0.5050505050505051, 0.25252525252525254, 0.43, 0.42424242424242425, 0.1111111111111111, 0.03, 0.23, 0.21, 0.56, 0.25, 0.2, 0.09090909090909091, 0.15, 0.25, 0.08, 0.29, 0.34, 0.07, 0.07, 0.13, 0.37373737373737376, 0.15, 0.25, 0.2222222222222222, 0.12, 0.29292929292929293, 0.36363636363636365, 0.13, 0.1111111111111111, 0.3939393939393939, 0.3434343434343434, 0.1414141414141414, 0.06060606060606061, 0.1111111111111111, 0.04, 0.3333333333333333, 0.2727272727272727, 0.15, 0.16161616161616163, 0.55], "qpu_counts": {"ggggrgggrgggggggggggrgrggrggggrggggggrgr": 1, "rggrrgrgrgggggggrgggggrggrggggrgggggrggr": 1, "rgrgggrgggggggggrggggrgggrgggggggggrgggr": 1, "rgrgggggggrggrgrggggggrggrrgrggggggrggrg": 1, "rggrggrgrgggggggggrgrggggrggggrrgggggrgr": 1, "grgrggggggrggggggggrrgggggggrgrggggrgggr": 1, "grrggggggrgggggrggggggggrrrggrgggggggrgr": 1, "grrrggggrgrggrggggggrgrggrggggrggggggggr": 1, "grgrggggggrggggrrgggggrggrgggggggggggrgr": 1, "grrggggggrrggggrggggrgrggrggggrgggggrggr": 1, "gggrrgrgrggggggggrgggggrggrggggggggrgggr": 1, "rgrgggggrrggggggggggrgrggggrgrrgggggrggr": 1, "rgrgggggrrgggrgggggggrgggrggggggggggrggr": 1, "rggrgggrrrggggggggrgggggrgggggggggggrggr": 1, "grgggggggggrggggrggggrgggggrgggggggrgggr": 1, "rgrgggggrgrggggggggrggggggrgrggrgggggggg": 1, "gggrggrgggggrggrrgggggrggrggrggrgggggggr": 1, "rgrgggrgrrgggrgggggggrggggrgrggrgggggggr": 1, "rggrgggrggggggggrggggrggggggggrggrgggggr": 1, "rggggggrrgggggggrgggggrggrrggrgggggrgggr": 1, "grgrgggggggrgggrgggrgggggggrgggggggrgggg": 1, "ggrgggggrgggggggrggggggrgrrggggggrgrgggr": 1, "gggrrgggggrgrgggrgggggggrgrggrgggrgrgggr": 1, "rggrggggggrggggrggggggrggrgggggggggggrgg": 1, "gggrggggrrgggrgggggggggggggrgrrgggggrggr": 1, "grgrgggrrggggggggrgrggggggrggggggggrgggg": 1, "rgrgggggrggggggggggrgrgggrgggggrggggggrg": 1, "rgrgggggrrgggrgrgggggrgggggggrrggggggrgr": 1, "grgrggrgrggrggggrgggggrgggrgrgggggggrggg": 1, "rgrgggggrrgggggggggrgggggrrggggrrrgggggr": 1, "rggrgggggrgggggrggggrgrggrrgggrggggggggr": 1, "grgrgggggrgrggggggggrggrgggggrrgggggrggg": 1, "grgrgggrrgggggggrggggrggrggggggrrgggggrg": 1, "grgrggggrgrggrggggggggggggrggggggrgrgggg": 1, "gggrggrggggggggrrggggrgggggrgrgggggrgggg": 1, "rggggggrrgggggggggrggggrggrggrgggggrgggg": 1, "ggrgggggrrggggggggggrgrggrggggrgggggrggr": 1, "gggrrgrgggggrgrrrggggggggggrgrrgggggrggg": 1, "rgggggrgggggrggrggggggrggggggrgggggrgrgg": 1, "rggrgggrgrgggggrgggggrgrgggggggrgggrgggr": 1, "grrgggggrggggrggrgggrgggrgggggrgrggggggr": 1, "rgrgggggrgrgggggggggrggggrggggrgggggrggr": 1, "rggrggrgrgggrgggrggggggggggggrgrgggggrgr": 1, "grgrggggrrrgggggggggggrrggrggggggggrgggr": 1, "rgrgggrgrggggrggrgggggggggrggrgggggrrggg": 1, "ggrgggggrggggrgggrgggggggggggrggggggggrg": 1, "grgrggggggrggggrrggggggggggggrgrggggggrg": 1, "grgrggggrrggggggggggrggggggggrrggggggrgg": 1, "grrgrgggrgggggggggggrgrgrggrgggggggrgggr": 1, "ggggggggggggrggrrgggggrrrgggggggggrgrggr": 1, "grgggggggrrggrgrggggrggrggggggrgggggggrg": 1, "gggrgrgggggrgggrgggggggrggrggrgggggrgggr": 1, "rggrgggrrrgggggggggrrggggggggrrgggggrggr": 1, "rgrgggggrgrggrggggggrggggggggrrggggggrgr": 1, "ggggggrggggggggrggggrgrggrggggrggggggggr": 1, "rgggggrgrggggrggggggrggrgggggrrggggggrgr": 1, "rggrgggrggggggggrggggggggrrgggggggrrgggg": 1, "rggrggggrrggrggggggggrggggrggggrgrgggggg": 1, "rgggggggggggggggrggrgggggggrgrgrggggggrg": 1, "grgrgggrggggggrgrgggggrggrrgggggggrgrggg": 1, "grgrggggrggggggggrgrgggggrrggggggrgrgggg": 1, "rgrgggggrggggrggggggrggggggggrgrgggggrgr": 1, "gggrgggrgrgggggggggrrgrggrggggrgggggrggr": 1, "gggrrggrrgrggrggggggrggrggggggrgggggrggr": 1, "ggrgrgggrgggrggggrggggggggrrgrgrgggggggg": 1, "rggrggggrgrggrggrggggggrggggrgrgggggrggr": 1, "gggggggrrgggggggrgggggrggrgggggggggggrgg": 1, "rgrgggggrggrgrggrgrgrggrggrggrgggrgrgggg": 1, "gggrggggrgggrgggggggrrgggrgggggggrgggggr": 1, "grrgggggrgggggggggggrggrgggggrrgggggrggg": 1, "rggggggrrggggrggrgggggggggrggrggggggggrg": 1, "rggrggrggrgggggrggggrgrgggggrgrgggggrggr": 1, "ggrgrgrgrgggrggggggggggrggrggrrgggggrggg": 1, "rggrgggrgrgggrgrrgrggggggrrrrrrgggrgrggg": 1, "ggggggrggrggrgrgggggrrgggggrggrgggggrggr": 1, "rgrgrggggggggggrrgggggggrgrggrgggggrggrg": 1, "grrgggggrgrgggggggggrgggrggggrggrgggggrg": 1, "rggrgggrggggggrggrgrrggggrgrggggrgggggrg": 1, "rgrgggrgrggrgrggggggrggrgggggggggggrgggr": 1, "rrrgggggrgrggrgggggggrggggrrggrgggggrggg": 1, "rgrggggggggrgggrrgggggggggrgrggggggrgrgg": 1, "gggggrgrggggggrgggggrggrgggggggggggrggrg": 1, "rgrgggggggrgrggrrgggggggrgrggrgggggrggrg": 1, "rgrgggggrgggggggggggrggrgggggrrgggggrggg": 1, "rggrggrgggggggrgggrrrggggggggrggggggggrg": 1, "rggrgggrggggggrggggrggggggrgrggggggrgggg": 1, "rgrggggrggggrrgrgrgggggrggggggrggrggrggr": 1, "grrgggggrrgggggggggggggrggrgggggggggrggr": 1, "rgrgggggrggrggggggggrgggggggrggggggrgggr": 1, "ggrgrgggrgggggggggggrgggrggggrggrggrgggr": 1, "ggrgggrgrrggggggggggrgrgrggggrrgggggggrg": 1, "ggrgrgrggggggggrggggrggrggggggggggggggrr": 1, "rggrgggrgggggggrrgggggrgggrggrgggggrgggr": 1, "grgrggggrggrggggggggrgrggggggrrgggggrggr": 1, "rgrgggggrgrggrggrgggggggggrggrgggrgrgggg": 1, "rgrggggggrggrggrggggrggggggggrggrggggggr": 1, "rgrgggrgrgggrggrrggggggggrrggggggggrgggr": 1, "rgrgggrggggggrggrggggrgggrgggggrgggggrgr": 1, "rgrggggggggggrgrrgrggggrggrggrggggggggrg": 1, "grgggrgrggggggrggggggggrggrggggggrgrgggg": 1}, "qpu_dt": 58.90390729904175, "qpu_timestamp": 1700087938.59308}, "settings": {"time_points": [0, 2.5e-07, 2.75e-06, 3e-06], "amplitude_values": [0, 15700000.0, 15700000.0, 0], "detuning_values": [-20000000.0, -20000000.0, 20000000.0, 20000000.0], "phase_values": [0, 0, 0, 0], "blockade_radius": 8.04442268093887e-06, "n_site_max": 256, "C6": 5.42e-24, "x_min": 0, "y_min": 0, "R": 1.85, "factor": 4.348336584291281e-06}}