{"problem": {"instance_name": "UDMIS051EXT_N40_W1.0_R0.2.orig", "instance_data": [[0.0, 0.0], [0.0, 2.2660345580109495e-05], [0.0, 2.8325431975136868e-05], [5.665086395027374e-06, 0.0], [5.665086395027374e-06, 1.1330172790054747e-05], [5.665086395027374e-06, 1.699525918508212e-05], [5.665086395027374e-06, 2.8325431975136868e-05], [5.665086395027374e-06, 3.399051837016424e-05], [1.1330172790054747e-05, 5.665086395027374e-06], [1.1330172790054747e-05, 1.1330172790054747e-05], [1.1330172790054747e-05, 2.2660345580109495e-05], [1.1330172790054747e-05, 3.399051837016424e-05], [1.1330172790054747e-05, 3.965560476519162e-05], [1.699525918508212e-05, 0.0], [1.699525918508212e-05, 5.665086395027374e-06], [1.699525918508212e-05, 1.1330172790054747e-05], [1.699525918508212e-05, 1.699525918508212e-05], [1.699525918508212e-05, 2.8325431975136868e-05], [1.699525918508212e-05, 3.399051837016424e-05], [2.2660345580109495e-05, 0.0], [2.2660345580109495e-05, 1.1330172790054747e-05], [2.2660345580109495e-05, 2.8325431975136868e-05], [2.2660345580109495e-05, 3.399051837016424e-05], [2.2660345580109495e-05, 3.965560476519162e-05], [2.8325431975136868e-05, 5.665086395027374e-06], [2.8325431975136868e-05, 1.1330172790054747e-05], [2.8325431975136868e-05, 2.8325431975136868e-05], [3.399051837016424e-05, 0.0], [3.399051837016424e-05, 5.665086395027374e-06], [3.399051837016424e-05, 1.1330172790054747e-05], [3.399051837016424e-05, 1.699525918508212e-05], [3.399051837016424e-05, 2.8325431975136868e-05], [3.399051837016424e-05, 3.399051837016424e-05], [3.399051837016424e-05, 3.965560476519162e-05], [3.965560476519162e-05, 0.0], [3.965560476519162e-05, 1.1330172790054747e-05], [3.965560476519162e-05, 1.699525918508212e-05], [3.965560476519162e-05, 2.8325431975136868e-05], [3.965560476519162e-05, 3.399051837016424e-05], [3.965560476519162e-05, 3.965560476519162e-05]]}, "meta": {"timestamp_start": 1700088982.486367, "timestamp_end": 1700089039.7023, "version": "1.1"}, "sim_result": {"sim_density": null, "sim_counts": null, "sim_dt": null, "sim_timestamp": null}, "qpu_result": {"qpu_density": [0.83, 0.58, 0.22, 0.14285714285714285, 0.44, 0.3, 0.15151515151515152, 0.42, 0.38, 0.08080808080808081, 0.3877551020408163, 0.04040404040404041, 0.69, 0.37, 0.13131313131313133, 0.18, 0.5050505050505051, 0.55, 0.08, 0.494949494949495, 0.21, 0.18181818181818182, 0.05154639175257732, 0.8383838383838383, 0.25, 0.34, 0.6868686868686869, 0.28, 0.07, 0.1, 0.30303030303030304, 0.06, 0.01, 0.29292929292929293, 0.6428571428571429, 0.5151515151515151, 0.28865979381443296, 0.8282828282828283, 0.05, 0.67], "qpu_counts": {"grgrgggrggrggrggrgrgggggrgrgggrgggrggrgr": 1, "rgrggrggrgggrgggrrgrgggrrgrgggrgggrrgrgr": 1, "rgrggrggrgggrrggrrgggggrrgrgggggggrgrrgr": 1, "rggggrggrgggrgggrrgrgggrggrgggrgggggrrgr": 1, "rgggrggrggggrgggrrgrrgggggrrggrggggrgrgr": 1, "rgrgggggrgrgrggggggrgggrgrggggggggrrgrgr": 1, "rrgggggrgrggrrggrrrrgggrgrggggggggrrgggr": 1, "rrggrggrggrgrgggrggggrgrrggggggggrrrgrgr": 1, "rrgggrgrggggrrrggrggrgggggrggrggggrgrrgr": 1, "rrggrgggrgggrgggrrgrgggrgrgggggggrrrgggg": 1, "rrggrggrggggrrgrgrgggggrrgrgggggggrrgrgr": 1, "rrgggggrggggggggrggrgggrgrrggggggrrrgrgg": 1, "rgrgrgggggggrgggrrgrgggrggrgrrrggggggrgr": 1, "rgggrgrgggggrgrgrrgggggrggrgrgggggrrgrgr": 1, "grgrrggrgggggrggrrgggggrgrrrggrggggrgggr": 1, "rrgrrgggggrrgrgrgggggrrrgrgrgggggrggrrgg": 1, "grgrrggrggggrggrgrgrgggrggrrgggggggrgrgr": 1, "rggggrgrrgggggrgrrgrgggrgrrrggrggggrgrgr": 1, "rrggrggrggrgrggrgggrgrgrgrgrgggrgggrggrg": 1, "rrggrgrgggggrrggrrgggggrgrgrggggggggrrgr": 1, "rgrggrggggggrrgrgrgrgggrrgggggggggrrgrgr": 1, "rrggrgrgggggrgggrrgrgggrgrrrggggggrrgrgr": 1, "rrgggggrggrrrggrgggrgrgrggggrggggrgggggg": 1, "rgggrgrgggggrrggrrgggggrrgrrggrgggrrgrgr": 1, "rggggggggrrrrrggggggrggrggrgggrgggrrgrgr": 1, "rggggrrgggggrgrgrggrgggggrrrgggrgggrgrgr": 1, "rgrgrgggggrgrrgrgggggrggrgggggggggrrgrgr": 1, "ggggggrgggggrggggrgggrgrrgrgggggggrgrggr": 1, "rrggrgggggggrggggrgrgrgggrrggggggrrgrrgg": 1, "rgrggrggrgggrgggrrgrgggrggrrggrggggrgrgr": 1, "rgggrrggggggrggggggrgggrggrggrggggrrgrgr": 1, "rggggrggrgggrgggrggrrrgrggggrggggrgggrgg": 1, "grggrggrggrgrrgggggggggrggrgggrggrrggrgg": 1, "rgrgggggrgrgrrggggggrggrrgrgggrgggrgrrgr": 1, "rrggrggrggrgrggrgggrgrgrgrgrggrrgrgrgggg": 1, "rggggrrgggggrgrgrrggggrggrggggggggrgrrgr": 1, "rgrggggrrgggggggggrrgggrgggrrgggggrrgrgg": 1, "rrggrggrgggggrgggrggggrrrgrgggrgggrggrgr": 1, "rrggrgggrgrgrggggggrrrgrgggggggggrrgrggg": 1, "rrgggggrggrggrggrgrggrgggrggggggggrggrgr": 1, "rgrggrgrrgrgrgggrggggggrrgrgggggggrrgrgr": 1, "rrggggggrgggrrggrrgggggrrgrgggrgggrrgrgr": 1, "rgrggrggggggrggggrggrggrggrgggggrgrrgrgg": 1, "rrgggggrrgggrrggrrgggggrggrgggrgggrgrrgr": 1, "rrgggrggggggrgrgrrgggggrgrrggggggrrrgrgr": 1, "rgrgggggrgggrgrgrrgrgggrgrrggggggrrrgrgg": 1, "gggrgrrgggggrgrgrrgggggggrrggggggrrrgrrg": 1, "rrgrrgrggggggrggrrgggggrrgrggggggrrrgrgg": 1, "rrggrgggggrggrggrgrggggggrgggggrggrrgggr": 1, "rrgggggrgrgggrggggggrggrggrrggrggggggrgr": 1, "rrgggrgrrggggrggrrggggrrgrrrgggggrgrgrgg": 1, "rggggrrgrgggrggggrgrrggrggrgggggggrrgrgr": 1, "rgrgggggrgggrggggrgggggrrggggggggggggrrr": 1, "rrggrggrrgggrgrgrrgggggrrgrgggggggggrrgr": 1, "rrggrggrggggggrgrgrggggrgrrrggggggggrrgr": 1, "rgrrgrggrgggrgggrrgrgggrgrrggggggrrgrrgg": 1, "grgrggggggrgrgggrggrgrgrgggrggggggggrrgr": 1, "rggggrrgrgggrgggrrgrgggrgrrgggggggrgrgrg": 1, "rrggrgggrgrgrggggggggggrggrrgrgggrggrrgg": 1, "ggrrgrggggggrrggrggggggrggrgggrggrrgrrgg": 1, "rrgggggrrrgggrrggggrrrggggggggrggggrgrgr": 1, "grgrrggrggrgrgrgrggrgggrgrrgggggggrgrrgr": 1, "rrgggggrrgrgggggrggrgggrggrgggrgggrggrgr": 1, "rgrggrggrgrggrggggrgrrgrggrrggrggrgrgrgg": 1, "rrggrgrrggrgrrggrggggggrrgrggggggrrggrgg": 1, "rrgggggrrggggggggrgrgggrggrgggrgggrrgrgr": 1, "gggrgrrgggrgrrggrrggrgrrrgrgrrrgggggrggr": 1, "rrggrgggggggrggrgrgrgggrggrgggggggrgrrgr": 1, "rrgggrgrgggggggggrgrrggrggrggrgggrrggrgg": 1, "grgrrggrrgrgrggrgggrggrgggrrggggggggrrgr": 1, "rrgggggrrgrggggggggrrggrggrgrgggggggrggr": 1, "grggrggrggrggggrgggrgggrgrrgggggggrrgrgr": 1, "rgrggrggrgggrgggrrgggggrrgggggrgggrrgrgr": 1, "rrggrggrggrggrgrgggggrgrrgggggggggrrgrgr": 1, "rrggrgggggrrggggrggrgrgggggrgggggggrgrgr": 1, "rrgggggrgrrggrggrgrggggrggrgggrggrrggrgg": 1, "rrggggrgggggrgggrrgrgggrgrrggggggrgrgrgg": 1, "rrgggggggrggrrgggrgggggggrggggggggrgrrgg": 1, "rgggrggrggrggggrgggrgrgrgggrgggggrrrgrgg": 1, "rrggrgggggrggrgggrggrggrgggggrggggrgrrgr": 1, "rggggrgrrggggggggrgrrggrggrgggrggrrrgrgg": 1, "rrggggggrgggggggrrgrrggrggrggggggrrrgrgg": 1, "rgrggrggrgggrgggrrgrgggrgrgggggrggrgrggr": 1, "grgrrggggrggrrggrrgggggrrgrgggrgggrggrgr": 1, "gggrrgrgggggrrgggrggrggrggrrggrggrgggrgg": 1, "grgrgggrgrggggrggrgggggrggrgggggggrgrrgr": 1, "rrggrggrgggggggrgggggggrrgrgggggggrrgrgr": 1, "rrgggggrrrrgggggrggrgggrggrrgrggggggrggr": 1, "rgrgrgggggrgrrgrgggggggrrgrggrgggrrggrgg": 1, "rrgggrggrgggrgggrrgrgggrgrrggggggrrrgrgg": 1, "grgggrrgrgrrrggggrggrgrrggrgggrgggrggrgr": 1, "rrggrggrggrgrgrggrgrgggrgrrrggggggggrggr": 1, "rrggrggrggrgrggggggrrggrggrrgrrgggggrrgr": 1, "rgrggrggrgrgrggggggrgrgggrggggggggrrgrgr": 1, "rrggrgggggrgrrgrgrgggggrrgrgggggggrrgrgr": 1, "ggrrrgggggrgrggrgggrggrggrggggggggrrgrgr": 1, "rrggrgggggrgrrggggggrggrggrgggggggggrgrg": 1, "rgggggggrgggggggrrgrgggrgrgrgggggggrgrgr": 1, "rgrgrgggggrgrggrgggrgrgrgrgrgggrgggrgggr": 1, "rggggrgrrgggrrggrrgggggrrgrgggrggrrrgrgr": 1}, "qpu_dt": 57.209014654159546, "qpu_timestamp": 1700088982.489248}, "settings": {"time_points": [0, 2.5e-07, 2.75e-06, 3e-06], "amplitude_values": [0, 15700000.0, 15700000.0, 0], "detuning_values": [-20000000.0, -20000000.0, 20000000.0, 20000000.0], "phase_values": [0, 0, 0, 0], "blockade_radius": 8.04442268093887e-06, "n_site_max": 256, "C6": 5.42e-24, "x_min": 0, "y_min": 0, "R": 1.42, "factor": 5.665086395027374e-06}}