{"problem": {"instance_name": "UDMIS011EXT_N36_W1.0_R0.2.orig", "instance_data": [[0.0, 0.0], [0.0, 1.9306614434253288e-05], [0.0, 3.217769072375548e-05], [0.0, 3.8613228868506576e-05], [6.435538144751096e-06, 0.0], [6.435538144751096e-06, 6.435538144751096e-06], [6.435538144751096e-06, 1.2871076289502192e-05], [6.435538144751096e-06, 1.9306614434253288e-05], [6.435538144751096e-06, 2.5742152579004385e-05], [6.435538144751096e-06, 3.217769072375548e-05], [6.435538144751096e-06, 3.8613228868506576e-05], [1.2871076289502192e-05, 0.0], [1.2871076289502192e-05, 6.435538144751096e-06], [1.2871076289502192e-05, 1.2871076289502192e-05], [1.2871076289502192e-05, 1.9306614434253288e-05], [1.2871076289502192e-05, 2.5742152579004385e-05], [1.9306614434253288e-05, 0.0], [1.9306614434253288e-05, 6.435538144751096e-06], [1.9306614434253288e-05, 1.2871076289502192e-05], [1.9306614434253288e-05, 1.9306614434253288e-05], [2.5742152579004385e-05, 0.0], [2.5742152579004385e-05, 6.435538144751096e-06], [2.5742152579004385e-05, 1.9306614434253288e-05], [2.5742152579004385e-05, 2.5742152579004385e-05], [2.5742152579004385e-05, 3.217769072375548e-05], [2.5742152579004385e-05, 3.8613228868506576e-05], [3.217769072375548e-05, 0.0], [3.217769072375548e-05, 6.435538144751096e-06], [3.217769072375548e-05, 1.2871076289502192e-05], [3.217769072375548e-05, 2.5742152579004385e-05], [3.217769072375548e-05, 3.217769072375548e-05], [3.217769072375548e-05, 3.8613228868506576e-05], [3.8613228868506576e-05, 0.0], [3.8613228868506576e-05, 6.435538144751096e-06], [3.8613228868506576e-05, 2.5742152579004385e-05], [3.8613228868506576e-05, 3.8613228868506576e-05]]}, "meta": {"timestamp_start": 1700089558.449161, "timestamp_end": 1700089717.26172, "version": "1.1"}, "sim_result": {"sim_density": null, "sim_counts": null, "sim_dt": null, "sim_timestamp": null}, "qpu_result": {"qpu_density": [0.88, 0.898989898989899, 0.6666666666666666, 0.16, 0.06, 0.25252525252525254, 0.42424242424242425, 0.06060606060606061, 0.15, 0.13131313131313133, 0.7474747474747475, 0.6565656565656566, 0.11, 0.2222222222222222, 0.11, 0.67, 0.18, 0.20202020202020202, 0.43, 0.2222222222222222, 0.54, 0.15, 0.14, 0.62, 0.06060606060606061, 0.88, 0.2222222222222222, 0.06, 0.78, 0.03, 0.1919191919191919, 0.04, 0.55, 0.35, 0.89, 0.8], "qpu_counts": {"rrrggrggggrrgrgrggggrggrgrggrgggrgrr": 1, "rrrgggrgggrrgggrggrgrggrgrggrgggrgrr": 2, "grgrrggggrggrggrggrgrggrgrggrgggrggr": 1, "rrggggggggrrgggrgrggrggrgrggrgggrgrr": 1, "rrggggrgggrgrgggggggrggrgrggrgggrgrg": 1, "rrrgggrgggrggggrggggrggrgrggrggggrrr": 1, "rrrggrggggrrgrgrgggggggggrggrgggrgrr": 1, "rrrgggggggrgggrgrgrggggrgrrgrgrggrrr": 1, "rrrgggggggrgrgrgrgggggrggrggrgggrgrg": 1, "rrrggrggggrrgrgrggggrgrggrggggrggrrr": 1, "rrgrgggrgrgrgggrgrrgrgggrgggrrggrgrg": 1, "rrrggggggrrrgggrgrgrrggrrrggrgggrgrr": 1, "rrrgggggggrrgrgrgrgrggggrgrggggrgrrg": 1, "rrrggrgggggrgggrggrgrggrgrggggrgrgrr": 1, "rrrgggrgggrgrggrgggrrggrgrggrgggrgrr": 1, "rrrgggrgggrrgggrggrggggrgrggrggggrrr": 1, "rrgggrgggggrggrrggrggrgrgrgrrgggrggg": 1, "rggrggrggggrgggrggggrggggrggrgggrggr": 1, "rrrgggggggrrgrgrggggrgggrgggrgggrgrg": 1, "rrrgggrgggrrgggrrgrgrggrgrggrggggrrr": 1, "rrrgggrgggrggggrrgrggggrgrgggggggrrr": 1, "rrgrgrgggggrggrgggrgrggrgrggrgggrgrr": 1, "rrrgggrgrgrrggggggrgrggrgrggrgggrgrr": 1, "rrrgggggggrrggrgggrggrgrgrggrggggrrr": 1, "rggrgrgrgrggggggrgrggggrgrrgrggggrrr": 1, "grgrrgrgrggggggggrgrrggrgrggrgggrgrr": 1, "grggrrrgggrggggrggrgrggrgrggggggrgrr": 1, "rrrgggrgggggrggrgrgggggrgrrgrgggggrr": 1, "rrrgggrgggrgrggrrggggggrgrrggggggrrr": 1, "rgrggrggggrggrgrrgggggrgggrgrggrgrrg": 1, "grrgggggggrggrgrgrggrggggrggggrgrggr": 1, "rrrggrggggrrgggrgggrrggggrggggggrgrr": 1, "rrggggggrgrrgggggrgrgggggrggrgggrgrr": 1, "rrrgggrgggggrgggrgrggrgrgrggggggrgrr": 1, "rrggggrgggrrgggggrgrgggrgrrgrggggrrr": 1, "rrrggrggrgrgggrgggrgrggggrggrrggrggg": 1, "rrrgggrgggrrgggrgrgggggrgrrgrggggrrg": 1, "rgrgggrgggrrggrrggrggggrgrggrgggrgrg": 1, "rrrgggrgggrrgggrggrggggggrgggggggrrr": 1, "rrrgggrggggrgggrggrgrgrggrggrgrgrgrr": 1, "rrrgggrgrgrgrgggrggrgrgrgrrgrggggrrr": 1, "grrgggrgrgrggggggrggrgrggggrrgrgrggr": 1, "rrggggrgggrggggrrgrggggrggrgrggrgrrr": 1, "rrrggrgggggrgrggggggrggrgrggrgggrggr": 1, "rrrgggrgggrggggrggrggggrgrrgrggggrrr": 1, "rgrgggrgrgrgggggggggrgrggrgrggggrgrr": 1, "grgggrggrgrggggggrgrrggrgrggrgggrgrr": 1, "rrrgggrgggrrgggrrgrggggrgrrgrggggggr": 1, "rrrgggggggrrgggrggggrggggrggrgggrgrr": 1, "rrgggrgggrgrgggggggrrggrgggggggrgrrg": 1, "rrrgggrgggrrgggrggrgrggggrggrgrgrgrr": 1, "rgggggrgrgrgrggggggrrggggggrggggrgrr": 1, "rrgggrggggrrgggrggrgrggrgrggrggggrrr": 1, "rrgrgggggrgrggrgggrggrrggrrgggrggrrr": 1, "rrgrggggrrgrgrgggggrgrgggrggrgggrgrr": 1, "rrrgggggggrggggrrgrggggrgrrgrgrgggrr": 1, "rrgrgggggrgrggrgggrgrggrgrggrgggrgrr": 1, "rrgrggrggrrrgggggggrrggggrggrgggrgrr": 1, "grrgggggggrrgrgrgggrrggrgrggrgggrgrr": 1, "rrrgggrgggrrgrgrggrgrggrgrggrgggrgrr": 1, "rrggggggggrrgrgrgggggggrgrrgrggggrrr": 1, "rrrgggggggrggrgrrggggrrggrggggrggrrr": 1, "grrggrgrrgrggrrggrgggrrggrrgrgrgggrg": 1, "grrrrgrggrggggggrgrggggrgrggrgggrggr": 1, "rrrggrggggrrgggrggrgrggrgrggrggggrrr": 1, "rrrggggggggrgggrggggrggggrggrgrgrgrr": 1, "rrrgggggggrrgrgrgrgggrrgrggggggggrrr": 1, "rrrgggrgggrrgggrgggrgggggrggrgggrgrg": 1, "rrrgggggggrrgrgrgrgrgggrgrggrgggrgrr": 1, "rrrgggrgrgrrgggggrgrgggrgrggrgggrgrg": 1, "rrrgggggggrrggrggrggrgrgggggrgggrggr": 1, "rrrggrggggrrgggrgggggrgrgrggrggggrgg": 1, "rrrgggrgggrrgggrgggrrggrgrrrggggrgrr": 1, "rgrgggggggrrgrgrgrggrggrgrggrggggrrr": 1, "grrgrgggggrgrggrggrggggrgrggrggggrrr": 1, "rgrggrgrgggrgggrgggggrgrgrggrgrgggrr": 1, "rrggggggggrrgrgrgggrggggggrgrggggrrr": 1, "grgrggrrgrggrgggrggrgrgrgrrggggggrrr": 1, "rrrggrggggrrgrgggrggrgrggrggrgggrgrr": 1, "rrgrgrgggrggggggrgrgggrgrrgggggggrrr": 1, "rrrgggggggrrgggrggrgrggrgrggrgggrgrr": 1, "grrgrgrgggrggggrrggggrgrgrrgrgrggrrg": 1, "rrrggrggggrrgggrggrggggrgrggrgrggrrg": 1, "rrgrgrgrrrgrgrgrgrgrrggrrgggggrggrrg": 1, "rgrrggrgggrrgggrggrgrggrgrgrggggggrr": 1, "rrrgggggggrrgggrggggrggrgrggrgggrgrr": 1, "rggggrgrggrrgggrggrgrggggrggrgggggrr": 1, "rrggggrgggrrgggrggrrrggggrrgrgggggrg": 1, "rrggggggrgrggggggrggggrggrrgggrgggrr": 1, "rrgggrrggggrgggrgggggrgrgrggrrrgrgrr": 1, "rrgrgggggrgggrgrggggrggggrggrggggrrr": 1, "rrggggrgrgrrggggggrgrggggrggrgggrgrr": 1, "rrrgggrgggrrgggrggrgrggrgrggrgrgrgrr": 1, "rrrggggggggrgggrggrgrggggrggrgrgrgrr": 1, "rrrgggggggrrgrgrgggggrgrgrggrgggrgrr": 1, "rrggggggggrrgrggggggrggggrggrgggrgrg": 1, "rrrggrggggrrgggrggrggggrgrrgrgggggrr": 1, "rrrgggrgggrggggrrgrggggrgrggrggggrrr": 1, "rrrgggrgggrrgggrgggrrggrgrggrgggrgrr": 1}, "qpu_dt": 158.8060417175293, "qpu_timestamp": 1700089558.450856}, "settings": {"time_points": [0, 2.5e-07, 2.75e-06, 3e-06], "amplitude_values": [0, 15700000.0, 15700000.0, 0], "detuning_values": [-20000000.0, -20000000.0, 20000000.0, 20000000.0], "phase_values": [0, 0, 0, 0], "blockade_radius": 8.04442268093887e-06, "n_site_max": 256, "C6": 5.42e-24, "x_min": 0, "y_min": 0, "R": 1.25, "factor": 6.435538144751096e-06}}