{"problem": {"instance_name": "UDMIS2TG_N15_W1.0_R0.3.orig", "instance_data": [[0.0, 5.362948453959247e-06], [0.0, 2.145179381583699e-05], [5.362948453959247e-06, 5.362948453959247e-06], [1.0725896907918495e-05, 0.0], [1.0725896907918495e-05, 5.362948453959247e-06], [1.0725896907918495e-05, 1.0725896907918495e-05], [1.0725896907918495e-05, 2.145179381583699e-05], [1.608884536187774e-05, 5.362948453959247e-06], [1.608884536187774e-05, 1.0725896907918495e-05], [1.608884536187774e-05, 1.608884536187774e-05], [1.608884536187774e-05, 2.145179381583699e-05], [2.145179381583699e-05, 0.0], [2.145179381583699e-05, 5.362948453959247e-06], [2.145179381583699e-05, 1.608884536187774e-05], [2.145179381583699e-05, 2.145179381583699e-05]]}, "meta": {"timestamp_start": 1698262801.993699, "timestamp_end": 1698262916.757333, "version": "1.0"}, "sim_result": {"sim_density": null, "sim_counts": null, "sim_dt": null, "sim_timestamp": null}, "qpu_result": {"qpu_density": [0.8979591836734694, 0.96, 0.041666666666666664, 0.83, 0.08, 0.57, 0.8383838383838383, 0.020202020202020204, 0.24, 0.06060606060606061, 0.03, 0.7777777777777778, 0.19, 0.1919191919191919, 0.76], "qpu_counts": {"rrgrgrrggggrggr": 12, "rrgrgrrgggggrgr": 9, "grgrgrrggggrggr": 2, "rrgrggrggggrggr": 6, "rrgrgggggrgrggg": 1, "rrgrgrrggggrgrg": 9, "rrgrggrgggggrgr": 1, "rrrrggrggggrggr": 1, "rrgrgrgggggrggg": 1, "rrgggrrggggrgrg": 1, "rrgrgrrgggggggr": 3, "rrgrggrgrggrggr": 13, "rgggrgrgggggrgr": 1, "rrgrgrrggrgrgrg": 1, "grrrrggggggrgrr": 1, "rrggrggggrgrggg": 1, "rrgrgrggggrrggg": 1, "grggrgrgrggrggr": 1, "rrgrgrrrgggrggr": 1, "rrgrgrrggggggrg": 1, "rrgrgggggrgrggr": 1, "rrgrgrrggrgrggr": 1, "rrgrgrrgrggrgrg": 1, "grggggrgrggrggr": 1, "rrgrgrgggggrggr": 1, "rrgggrrgggggrgr": 2, "rrrgrgrggggrggr": 1, "rrgggrrrggggggr": 1, "rrgrgrggggggggr": 1, "grgrgrgggggrggg": 1, "rrggggrgrggrggr": 1, "rrgrgrgrgggrggr": 1, "ggggrrrggrrgrrr": 1, "rrgrggggrgrrggg": 1, "rrrrgrrggggrggr": 1, "rrggrgrggrgrggg": 1, "rrgrgrgggggrrgr": 1, "rrrgrggggggrggr": 1, "rrgrgrrggggrrgr": 1, "grrgggrgggggrrg": 1, "rrgrggrggggrgrg": 2, "grggggrggggrrgr": 1, "rggrggrgrggrggr": 1, "rrrgggrgrggrggr": 1, "rrgrggggrggrggr": 2, "rggrgrgggggrggr": 1, "rrgrgrrgggggrgg": 1, "rrgrgrrggggrgrr": 1, "rrgrggrgrggrgrr": 1, "grrgggrgrggrggr": 1}, "qpu_dt": 114.75571775436401, "qpu_timestamp": 1698262801.999842}, "settings": {"time_points": [0, 2.5e-07, 2.75e-06, 3e-06], "amplitude_values": [0, 15700000.0, 15700000.0, 0], "detuning_values": [-20000000.0, -20000000.0, 20000000.0, 20000000.0], "phase_values": [0, 0, 0, 0], "blockade_radius": 8.04442268093887e-06, "n_site_max": 256, "C6": 5.42e-24, "x_min": 0, "y_min": 0, "R": 1.5, "factor": 5.362948453959247e-06}}