{"problem": {"instance_name": "UDMIS083EXT_N36_W1.0_R0.3.orig", "instance_data": [[0.0, 0.0], [0.0, 1.3045009752873843e-05], [0.0, 2.1741682921456406e-05], [0.0, 2.6090019505747687e-05], [4.348336584291281e-06, 0.0], [4.348336584291281e-06, 4.348336584291281e-06], [4.348336584291281e-06, 8.696673168582562e-06], [4.348336584291281e-06, 1.3045009752873843e-05], [4.348336584291281e-06, 1.7393346337165125e-05], [4.348336584291281e-06, 2.1741682921456406e-05], [4.348336584291281e-06, 2.6090019505747687e-05], [8.696673168582562e-06, 0.0], [8.696673168582562e-06, 4.348336584291281e-06], [8.696673168582562e-06, 8.696673168582562e-06], [8.696673168582562e-06, 1.3045009752873843e-05], [8.696673168582562e-06, 1.7393346337165125e-05], [1.3045009752873843e-05, 0.0], [1.3045009752873843e-05, 4.348336584291281e-06], [1.3045009752873843e-05, 8.696673168582562e-06], [1.3045009752873843e-05, 1.3045009752873843e-05], [1.7393346337165125e-05, 0.0], [1.7393346337165125e-05, 4.348336584291281e-06], [1.7393346337165125e-05, 1.3045009752873843e-05], [1.7393346337165125e-05, 1.7393346337165125e-05], [1.7393346337165125e-05, 2.1741682921456406e-05], [1.7393346337165125e-05, 2.6090019505747687e-05], [2.1741682921456406e-05, 0.0], [2.1741682921456406e-05, 4.348336584291281e-06], [2.1741682921456406e-05, 8.696673168582562e-06], [2.1741682921456406e-05, 1.7393346337165125e-05], [2.1741682921456406e-05, 2.1741682921456406e-05], [2.1741682921456406e-05, 2.6090019505747687e-05], [2.6090019505747687e-05, 0.0], [2.6090019505747687e-05, 4.348336584291281e-06], [2.6090019505747687e-05, 1.7393346337165125e-05], [2.6090019505747687e-05, 2.6090019505747687e-05]]}, "meta": {"timestamp_start": 1700091388.181101, "timestamp_end": 1700091445.27801, "version": "1.1"}, "sim_result": {"sim_density": null, "sim_counts": null, "sim_dt": null, "sim_timestamp": null}, "qpu_result": {"qpu_density": [0.7777777777777778, 0.75, 0.08, 0.5, 0.0707070707070707, 0.04, 0.05, 0.08, 0.04, 0.05, 0.27835051546391754, 0.21, 0.13, 0.0707070707070707, 0.1, 0.42424242424242425, 0.25252525252525254, 0.07, 0.18, 0.08, 0.25252525252525254, 0.08, 0.21, 0.14, 0.08, 0.6, 0.12, 0.01020408163265306, 0.336734693877551, 0.050505050505050504, 0.020202020202020204, 0.050505050505050504, 0.6565656565656566, 0.14, 0.66, 0.6161616161616161], "qpu_counts": {"rrgrgggggggggrggggggrggggrgggggggrrr": 1, "rrggggggggrggrggggggrggrggggrggggggr": 1, "rrgrgggggggggggrggrgrggggrgggggggrgg": 1, "gggggrgrggrgggggrggggggrggggrgggrggr": 1, "rrggggggggrggggggrggggrggrrgggggrgrg": 1, "rrgrgggggggggrggrgggggrgrgggggggrgrr": 1, "rrgggggggggrggggggggggrggrggggggrgrr": 1, "rrgrgggggggggggrggrggggggrrgggggggrg": 1, "grgrrgggggggggrgrgggrggrggggggggggrr": 1, "rgggggggggrggggrggrggrggggggggggrgrr": 1, "gggrggggrgggrggggggrrggggrgggrgggggr": 1, "rrggggggggggrggrggrggggggrggrgggrggr": 1, "rrggggggggrrggrgggggggggggggrgggrggg": 1, "grggggggggrgggggrgggggggrgggrgggrgrg": 1, "rggrgggggggggggrrgggggrggrggggggrgrr": 1, "rrgrgggggggrgggrgggggggggrggrgggrgrr": 1, "rrrggggggggggggggrrgggggrgggrgggrgrr": 1, "grgggggggrggggggggggggrggrggggggrgrr": 1, "rrggggggggrrggggggrggggggrggggggrggr": 1, "grggrggggggggggrgrgggggggrggrgggrgrg": 1, "rrgrgggggggrggrgggggrgrggrgggggrgrrr": 1, "grgrggggggrrgggrggrgrgggggggggggrggr": 1, "rrgrggggggggrggrggggrggrggggggggrgrr": 1, "rrgrggggggggggggggrggggggrgggggggrrr": 1, "rggrgggrggggggggggggrggggrgggggggrrr": 1, "grgggggggrggrgrgggrgrggrggggggggrgrr": 1, "grgggrgggrggggggrgggggggggggggggrgrg": 1, "rggrggrgrgggggggrggrggggggggrgggrgrr": 1, "rrggggggggrggggrgrgggggrgrgggggggrrg": 1, "rrgggggggggggggrggggggrggrggggggrgrg": 1, "ggrgrggggggggggggrgrrgggggggrggrrgrg": 1, "rrggggggggrgggggggrgrgggggggggggggrg": 1, "rgggggggggrgrggrgggggggggrrgggggggrg": 1, "rrgrgggggggrgggrggrgggggggggrgggrgrr": 1, "rrgrgggggggggggrrggggggggrggrgggrgrr": 1, "grgrgggggggggggrgggggggrgrggggggrggg": 1, "rggrggggrggggggggggggggggrggggggrgrg": 1, "gggrggggggggrggrggggrgrggrgggrgggrrg": 1, "rggrgggggggggggrrgggggggggggrgggrggr": 1, "rrggggggggrggggrggggggggrgggrgggrggr": 1, "rrggggggggrrggggggrgggggrgrgrggggggr": 1, "rrgrggggggggggggggggrggggrggrggggrrr": 1, "grgrgggggggrgggrggggggggrgggggggrggr": 1, "rrgggggggggggrgrggggggggggrgrgrggggg": 1, "rrgrgggggggggrggrgggggrgggrgggggggrg": 1, "rrgrggggggggggggrgggggggggggggggrgrr": 1, "grgrgrggggggggrggggggrgrgrggggggrggr": 1, "grggrggrggrgggggggrgrggggrggggggggrr": 1, "rrgrgggggggrgggrgggggrrggrggggggrgrr": 1, "rrrggggggggrggggggggggrggrgggggggrgg": 1, "grgrggggggggrgggggggrggrggggrgggrgrg": 1, "rrrggggggggrgggggggggrgrgggggggrrgrg": 1, "rrgrgggggggggggrrggggggggrgggggggrrr": 1, "rrgrgggggggrggggggggggggggggrggrrgrg": 1, "rggrgggrgggrggggggggggggrgggrgggrgrg": 1, "gggggggggrggggrggrgggggggrggggggggrg": 1, "rrggggggggrggggrrgrggggggrrgggggggrr": 1, "rggrggrgrggggggggggrrrgggrgggggggrgr": 1, "rrgrggggggrrgggrgggggrgggrgggrggrggr": 1, "rrgrgggggggrgggrgggggggggrggggggrggr": 1, "rgrggggrggggggggrggrgggggrggggggrgrr": 1, "rrgrggggggggrggrgggggggggrggggggrgrr": 1, "rrggggggggrgggggrggggggrgrggrgggrggr": 1, "rrrgggggggggggrggggggggggrggggggrggg": 1, "rrgggggrggrggggrgggggrgggrgggrggrggr": 1, "rrgrrgggggrgggrgrggggggrgrggrgggrggr": 1, "rrgrgggggggrggggrgrgggggggggrgggrggg": 1, "rgggggggggrggggrggggggggggrgrgrggggg": 1, "rrgrggggggggrggrggggrgrggrggggggrgrr": 1, "rgrggggrgggrgrgggggggggggrrgrggggggg": 1, "rrgrgggggggggggggggrggggggggggggrgrr": 1, "rrgrgggggggggggrrgggggrggrrgggggggrr": 1, "rgggggggggrggggrrgggggrgggrggggrggrg": 1, "grggrggggggggggrggggrgrgggggrgggrggr": 1, "rrgrgggggggggggrrggggggggrrggggggggr": 1, "rrgrgggggggggggrrgrggggggggggggrrgrg": 1, "grgrrgggggggggggggggrgrgggggggggggrr": 1, "rrggggggggggggggggrggggggrggggggrgrg": 1, "rrgrgggggggrgggrggggrgrggrgggggggrrr": 1, "rrggggggggrgggggrggggggrgrggggggggrg": 1, "rrggggggggrrggggggrgrggggrggggggrgrr": 1, "rgggggggggggggggrggrgggggrggrgggrgrr": 1, "rrggggrggggggggggggggrgggrgggggggrrg": 1, "rrgggggggggggggrggggggrggrggggggrgrr": 1, "rrgrggggggggrggrgggggggggrggrgrgrgrr": 1, "rggggrgrgrggggggggggrggggrgrrgggggrr": 1, "rgggrgggggrgggrgrggggggggrggrgggrggr": 1, "rgggggggggrgggggggggrggrgrggrgggrggr": 1, "rrggggggggrgrgggggggggrgrgggggggrggr": 1, "rrgrgggggggggrgrrgggggrgggggggggrgrr": 1, "rrggggggggrggrgrggggrggggrggrgggrgrg": 1, "rggrggggggggrgggggggggggggggggggrgrg": 1, "grgrggggggrgrgggggggrggggrggggggrgrg": 1, "grggggggggrggggrgggggggggrggrgggrgrr": 1, "rrgrgggggggggggrgggggggggrggrrggrggr": 1, "rrggggggggrggggrgggrggggggggggggrrrg": 1, "rggrggrggggggggggrggggrggrggggggrggr": 1, "rrrggggggggrggrggggggggggggrggggrgrg": 1, "ggggggrggggggggrgggggggggrggrgggrgrg": 1, "rrgrggggggggggggrggggggggggrgrgggggr": 1}, "qpu_dt": 57.08933687210083, "qpu_timestamp": 1700091388.183644}, "settings": {"time_points": [0, 2.5e-07, 2.75e-06, 3e-06], "amplitude_values": [0, 15700000.0, 15700000.0, 0], "detuning_values": [-20000000.0, -20000000.0, 20000000.0, 20000000.0], "phase_values": [0, 0, 0, 0], "blockade_radius": 8.04442268093887e-06, "n_site_max": 256, "C6": 5.42e-24, "x_min": 0, "y_min": 0, "R": 1.85, "factor": 4.348336584291281e-06}}