{"problem": {"instance_name": "UDMIS078EXT_N25_W1.0_R0.3.orig", "instance_data": [[0.0, 0.0], [0.0, 4.348336584291281e-06], [0.0, 8.696673168582562e-06], [0.0, 1.7393346337165125e-05], [0.0, 2.1741682921456406e-05], [4.348336584291281e-06, 0.0], [4.348336584291281e-06, 4.348336584291281e-06], [4.348336584291281e-06, 8.696673168582562e-06], [4.348336584291281e-06, 1.3045009752873843e-05], [4.348336584291281e-06, 1.7393346337165125e-05], [8.696673168582562e-06, 0.0], [8.696673168582562e-06, 4.348336584291281e-06], [8.696673168582562e-06, 1.3045009752873843e-05], [8.696673168582562e-06, 1.7393346337165125e-05], [8.696673168582562e-06, 2.1741682921456406e-05], [1.3045009752873843e-05, 0.0], [1.3045009752873843e-05, 1.3045009752873843e-05], [1.3045009752873843e-05, 1.7393346337165125e-05], [1.7393346337165125e-05, 4.348336584291281e-06], [1.7393346337165125e-05, 8.696673168582562e-06], [1.7393346337165125e-05, 1.7393346337165125e-05], [1.7393346337165125e-05, 2.1741682921456406e-05], [2.1741682921456406e-05, 4.348336584291281e-06], [2.1741682921456406e-05, 1.3045009752873843e-05], [2.1741682921456406e-05, 1.7393346337165125e-05]]}, "meta": {"timestamp_start": 1700091964.162886, "timestamp_end": 1700092022.618598, "version": "1.1"}, "sim_result": {"sim_density": null, "sim_counts": null, "sim_dt": null, "sim_timestamp": null}, "qpu_result": {"qpu_density": [0.59, 0.04, 0.41414141414141414, 0.14, 0.7171717171717171, 0.12, 0.01, 0.14432989690721648, 0.12121212121212122, 0.03, 0.22, 0.08, 0.13, 0.10101010101010101, 0.47, 0.51, 0.3, 0.06060606060606061, 0.08080808080808081, 0.06, 0.03, 0.43, 0.8061224489795918, 0.35051546391752575, 0.37], "qpu_counts": {"ggrrgggggggrggrgggggrgrgg": 1, "rgggrggggggggggrrggggrrrg": 1, "rgggrggggggrggrgrgggggrgg": 1, "ggrgrrgggggggrrrrgggggrgr": 1, "rgggrggrgggggggrggggggrrg": 1, "ggrgrrgggggggggrggggggrgr": 1, "rgggrgggggggrggrgggggrrrg": 1, "rgggrggrggggggrrggggggrgr": 1, "grggrgggggrgrgrgggggggrrg": 1, "grggrgggggggggrrgggggrggg": 1, "rgrgrgggggggrggggggrgrggg": 1, "gggrgrggggggggggrgggggrgr": 1, "rgrgrggggggggggrrggggrggg": 1, "rgrggggggrrggggggrgrrgrrg": 1, "ggrgrgggggrggrggggrggrgrg": 1, "rgggrggggggggggggrrggggrg": 1, "rgrgrggggggggrgrggggggrgr": 1, "rgggrggggggggggrggggggrgr": 2, "gggggrggrgggggrrggggggrgg": 1, "rgrgrggggggggggrggggggrgr": 1, "rgrgrggggggggggggggggrrgg": 1, "rgggrgggrggggggrgrggggrgr": 1, "ggggrggrggrgggrggrggggrgr": 1, "ggrgrgggggrgggrgrgggggrgr": 1, "rgggrgggggggggrrrggggrggg": 1, "ggrgrggggggrgrgggggggrrrg": 1, "rgggrgggrgggggrrggggggrgr": 1, "gggggggrgrgggggggrgrggggr": 1, "ggrgrgggggggggrgrgggggrgr": 1, "rggggggggggrgrgggggggrrrg": 1, "ggggggggggrgggrggggggrrrg": 1, "ggrgrgggggrgggrgggggggrgr": 1, "gggggrggggggggrrggggggrgr": 1, "rggrrggrgggggrgrgggrggggr": 1, "ggrgrgggggrgggrggggggrrrg": 2, "rggggggrggrgggggggggggrgr": 1, "ggggrrgggggggggrggggggrgr": 1, "ggrgrgggggrggrggrgrggrggg": 1, "gggrggrgggggggrrrggggrrgg": 1, "rgrrggggggggggrrrggggrrrg": 1, "rggggggggrrggggggggggrrgg": 1, "rggggggrggggggrgggrgggrrr": 1, "rgggrggrgggggggrrggggrrgg": 2, "rgggggggggggrgrrggggggrgg": 1, "rgrgrggggggggggrgggggrrgg": 2, "ggrgrgggggrgggrgggrggggrg": 1, "rggrgggrggggggrgrgggggrgr": 1, "rgrgrggggggggggrgggggrggg": 1, "rgrgrggggggrgggggggggrrrg": 1, "rgrrgggggggrggrgggggggrgr": 1, "rgggrgggrgggggrrgggggggrg": 1, "ggrgrgggggggggrrggggggrgr": 1, "grggrggrggggggrgggggggrrg": 1, "ggggrrggggggrggrgggggrrrg": 1, "rgggrgggrggggggrrgggggrrg": 1, "rggrgggggggggrgggggggrrrg": 1, "ggrrggggggggggrggggggrrgg": 1, "ggggrggrggggrggrggggggrrg": 1, "rgggrgggggrgggggrggggrrrg": 1, "rgggrgggggrgrgrggggggrrgg": 1, "ggrgggggggggggrrggggggrgr": 1, "rgggrggrgggggrgrggggggrgr": 1, "rgrrggggggggggrrrgggggrrg": 1, "ggggrggggggrrgrgggggggrgr": 1, "ggrgrgggggrgggrgrggggrrgg": 1, "ggrrggggggggggrrggggggrrg": 1, "rgrggggggggggggrgrggggrrg": 1, "rgrgrggggggggggrggggggggr": 1, "rgggrggrgggggrgrgggggrrgg": 1, "ggrgrgggggggggrgrgrgggrrg": 1, "rggggggrggggggrgrgrggggrr": 1, "gggrgrgggggggggrrggggrrrg": 1, "ggrgrrgrggggggggrgrgggggr": 1, "ggggrrgggggggggrrgggggrrg": 1, "rgrgrgggggrgrgrggggggrrrg": 1, "rgrgrggggggggggrgrggggrrr": 1, "rgggggggggggggrrrggggrggg": 1, "rgggrgggrggggggrrggggrrgg": 1, "rgggrgggrgrgggrggggrggggr": 1, "ggggrrggrggggggrggggggrgr": 1, "rgggrgggrggrggggggggrgrgg": 1, "rgggrgggrggggggrgggggrrgg": 1, "ggrgrgggggggggrrrgggggrgg": 1, "grggrgggrgrgggrgrgggggrgr": 1, "rgrgrgggggrgggrgggggggrgr": 1, "rgggrgggrggggggggggggrrgg": 1, "rgggrgggggggrggggggggrrrg": 1, "gggrggggrgrgggrgrggggrrgg": 1, "rgggrggggggggggrrggggrrgg": 1, "rgggrgggggggrggrgggggrrgg": 1, "rgrgggggggggrgrggggggrrrg": 1, "rgrgrggggggggrggggrggrrrg": 1, "ggrrgrgrgggggggggggrggggr": 1, "rgggrgggggggggrrgggggrgrg": 1, "rgggrgggggggrgrrggggggrgr": 1, "ggrgrgggggrgggrgrgggggrrr": 1}, "qpu_dt": 58.450051069259644, "qpu_timestamp": 1700091964.164365}, "settings": {"time_points": [0, 2.5e-07, 2.75e-06, 3e-06], "amplitude_values": [0, 15700000.0, 15700000.0, 0], "detuning_values": [-20000000.0, -20000000.0, 20000000.0, 20000000.0], "phase_values": [0, 0, 0, 0], "blockade_radius": 8.04442268093887e-06, "n_site_max": 256, "C6": 5.42e-24, "x_min": 0, "y_min": 0, "R": 1.85, "factor": 4.348336584291281e-06}}