{"problem": {"instance_name": "UDMIS008EXT_N30_W1.0_R0.2.orig", "instance_data": [[0.0, 1.2871076289502192e-05], [0.0, 1.9306614434253288e-05], [0.0, 2.5742152579004385e-05], [0.0, 3.217769072375548e-05], [0.0, 3.8613228868506576e-05], [6.435538144751096e-06, 6.435538144751096e-06], [6.435538144751096e-06, 2.5742152579004385e-05], [6.435538144751096e-06, 3.217769072375548e-05], [1.2871076289502192e-05, 1.2871076289502192e-05], [1.2871076289502192e-05, 2.5742152579004385e-05], [1.2871076289502192e-05, 3.8613228868506576e-05], [1.9306614434253288e-05, 6.435538144751096e-06], [1.9306614434253288e-05, 1.2871076289502192e-05], [1.9306614434253288e-05, 3.8613228868506576e-05], [2.5742152579004385e-05, 6.435538144751096e-06], [2.5742152579004385e-05, 1.2871076289502192e-05], [2.5742152579004385e-05, 1.9306614434253288e-05], [2.5742152579004385e-05, 2.5742152579004385e-05], [2.5742152579004385e-05, 3.217769072375548e-05], [3.217769072375548e-05, 0.0], [3.217769072375548e-05, 6.435538144751096e-06], [3.217769072375548e-05, 1.2871076289502192e-05], [3.217769072375548e-05, 1.9306614434253288e-05], [3.217769072375548e-05, 3.217769072375548e-05], [3.217769072375548e-05, 3.8613228868506576e-05], [3.8613228868506576e-05, 6.435538144751096e-06], [3.8613228868506576e-05, 1.2871076289502192e-05], [3.8613228868506576e-05, 1.9306614434253288e-05], [3.8613228868506576e-05, 3.217769072375548e-05], [3.8613228868506576e-05, 3.8613228868506576e-05]]}, "meta": {"timestamp_start": 1700088170.272889, "timestamp_end": 1700088226.886458, "version": "1.1"}, "sim_result": {"sim_density": null, "sim_counts": null, "sim_dt": null, "sim_timestamp": null}, "qpu_result": {"qpu_density": [0.83, 0.10101010101010101, 0.797979797979798, 0.04, 0.9, 0.797979797979798, 0.050505050505050504, 0.2222222222222222, 0.7, 0.88, 0.40404040404040403, 0.58, 0.09090909090909091, 0.494949494949495, 0.24489795918367346, 0.21, 0.4, 0.35, 0.47, 0.76, 0.05, 0.2222222222222222, 0.11, 0.09, 0.6224489795918368, 0.7171717171717171, 0.15151515151515152, 0.73, 0.673469387755102, 0.17], "qpu_counts": {"grgrgrgggrrrggggrgrrggggrrgrrg": 1, "rgrgrrggrrggggggggrrggggrrgrrg": 1, "rgrgrrgggrggrgrgggrrggrggrggrg": 1, "ggrgrrggrrgrgrggrgrrgggggrrrrg": 1, "rgrgrrggrrgrgrgggrgggggggrgrrg": 1, "rgggrgrgrgrrggrgrgrrgggggrgrgg": 1, "rgrgrgggrrrrggggrgrrggggrrgrrg": 1, "rgrgrgggrrgrgrgrgrgrgggggrgrrg": 1, "grggrrgrrrggggrgrgrggggggrgrrg": 1, "rgggrrggrrrggggrggrrgggggrgrrg": 1, "rrrgrrggrrgrgrggrggrgrgrgrgrgg": 1, "rgrggrggrrrggggrggrrgggggggrgr": 1, "rgrgrgggrrgrgrgrgrgrggrgrgrgrg": 1, "rgrgrgggrrrggggrgrgrgrgrgrgrgr": 1, "rgrgrrgggrggrrgggrgrggggrrgrrg": 1, "rgggrrggrrrrggggrgrgrgggrgrggr": 1, "rgrgrrgggrgrgrgggrgrgggrgrgrgr": 1, "rgrgrrgggrrgggrgrgrrgrggrrgrrg": 1, "rggrrrgggrggrrrggggrggggrgrgrg": 1, "rgrgrrggrrgrrrgggrgrggggrrrrrg": 1, "rgrgrrgggrrgggrggrgggrggrrgrrg": 1, "ggggrrggrgrrggrgggrrggggrgrgrg": 1, "grggrgggrrrggrgrgrgrggggrrgrrg": 1, "rgrgrrgrrrgrgrgggrgrgggrgggggr": 1, "rgrgrrrrrrrgggrgrgrrgrgggggrrg": 1, "rgrgrrggrrrrgggrgrggggggrggrrg": 1, "ggggrrgggrrrggggrgrgggggrrgrrg": 1, "rgrgrrgggrgrgrgggrgggggrgrgrgr": 1, "rgrgrrggrrrgggggrgrrgrggrggrgg": 1, "rgggrggrrrgggrgrgrgrgggggrgrgg": 1, "grggrrrgrggrgrgrgrggggggrgrgrg": 1, "rgrgrrgggrggrrrgrgrggrgggrgrrg": 1, "rgrgrgggrrgrgrgrgrgrggggrggrgg": 1, "rgrgrrggrggrgggrggrrggggrrgrrg": 1, "rggggrgrrggrgrgggrgrggggrrgrrg": 1, "rgrrrrgggrrggggggrgrggggrrgrrg": 1, "rgrgrrrrrrggggggrggrgrgrgggggr": 1, "rgggrgggrggrgrgrgrgrggggrrgrrg": 1, "rgrgrrggrrgrgrgggrgrggrrgggggr": 1, "rgrgrrggrrgggrgggrgrggggrrgrgg": 1, "grggrrggrrrrgggrgggrgggggrgrrg": 1, "rgrgrrgrrrgrgrggggrgrgrgrrrgrg": 1, "rgrgrrggrrgrgrgrgrgrgggggrgrrg": 1, "rgrgrrgggrrgrgggrgrrggggrrgrgg": 1, "ggrgrrgrrrggggrggggggrggrrgggg": 1, "rgggrrggrrrgggrgrgrrggggrrgrgg": 1, "rgrgrrgggrrrggggggrrgrggrrgrrg": 1, "rgrggrgrrrgrggggrggrggggggrgrr": 1, "rgrgrggrrrrrgggggrgrggrgggrgrg": 1, "grggrrggrrgggrgrggrrggggrgrgrg": 1, "rgrgrrgggrrrggggrgrrggggrggrgg": 1, "rgrgrrggrrrgggrgggrrggggrgrgrg": 1, "ggggrgggrrrrggggrggrgrggrrgrrg": 1, "rgrgrggrrrgggrggrggrgrgggrgrgr": 1, "ggrgrrgrrrrrggggrgrggggggrgrrg": 1, "rgrgrgggrrgggrrggrgrgrgggggrrg": 1, "rgrgrrggrrgrgrgggrgrgggggggrrg": 1, "rgrgrrggrrrrggggrgrrgggggrgrrg": 1, "rgrgrrgggrrrrgrggggrgrggrrggrg": 1, "rgrgrggrrrgrggggrgrgggggrrgrgg": 1, "rgrgrggrrrgggrrgggrrggrgrrgggg": 1, "rgrgrrgrrrgrgrggrgrrgggggrgrgr": 1, "ggrgrgggrrgrgrgrgrgrggggrrgrgg": 1, "rgrgrrggrrgggrrgrgrrgggggrgrrg": 1, "rgrgrrggrrgrgrgggrgrgrgggrgrgg": 1, "rgrgrggrrrgggrgrgrgrggggrrgrgg": 1, "rgrgrrggrggggrrggrggggggrrgrrg": 1, "rgrggrggrrgrgrgggggrgrggrrggrg": 1, "rggggrgrrrgrgrggrgrrggggrrgrrg": 1, "rgrggggggrgrgrggrgrrgrggrggrrg": 1, "rgrgrrggrrrgggggrgrrggggrrgrgg": 1, "rgrgrrggrrrgggrgrgrrggggrrgrrg": 1, "rgrgrrggggggrrggggrrgrggrrggrg": 1, "rgrgrrgggrrrgrggggrrggggrggrrg": 1, "grrgrrrgrrggggrggrgggrggrrgrrg": 1, "rgrgrrgrrrgrgrgggggrggggrrgrrg": 1, "rgrgrrgrgrgrgrgrgggrggggrrgrrg": 1, "rgrgrrgrrggrgrgggrggrgrgggrgrg": 1, "grrggrgggggrggggrgrrggggrrgrrg": 1, "rgrgrrgggrggrrggrggrgggrgrgrgr": 1, "rgrgrgggrrgrgggrggrgggrgrgrgrr": 1, "rgrgrrgrrggrgrgggggrgrggrggrrg": 1, "rgrgrrgggrrgggrgrgrrggggrrgrrg": 1, "rgrgrrgggrrrgggrgrggrgggrgrgrg": 1, "rgrgrrgggrgrgrgrgrggrgggrgrgrg": 1, "rgrgrrggrrgggrrgggrggrgggrgrgr": 1, "rgrgrrgggrrrgggggggrgrggrggrgg": 1, "ggrgrrgggrrrggggrgrrggrggrgrrr": 1, "grgggrgrgrrgggrggrggggggrrgrrg": 1, "rgggrrggrrgrgrggrgrrggggrrgrrg": 1, "rgrgrrgrgrgggrrgrggggggggrgrrg": 1, "rggrgrrgrgrgggrgrgrgggggrrgrrg": 1, "rgrgrrggrrrrgrggrgrrgrggrrggrg": 1, "rgrgrrggrrgrgrgggrgrggrgrrgrgg": 1, "rgrgrrggrrrrggggrggrgggrrrgrgr": 1, "rgrgrrggrrgrggggrgrrgggggrgrgr": 1, "rgrgrrgggrrgrgrgggggggrgrrggrg": 1, "rgrgrrggrrrgggrgrgrrgggggrgrrg": 1, "rgrgrgggrrgggrgggrgrggggrrggrg": 1, "rgrgrrgggrrrggggrgrrggggrrggrg": 1}, "qpu_dt": 56.6027090549469, "qpu_timestamp": 1700088170.274561}, "settings": {"time_points": [0, 2.5e-07, 2.75e-06, 3e-06], "amplitude_values": [0, 15700000.0, 15700000.0, 0], "detuning_values": [-20000000.0, -20000000.0, 20000000.0, 20000000.0], "phase_values": [0, 0, 0, 0], "blockade_radius": 8.04442268093887e-06, "n_site_max": 256, "C6": 5.42e-24, "x_min": 0, "y_min": 0, "R": 1.25, "factor": 6.435538144751096e-06}}