{"problem": {"instance_name": "UDMIS016EXT_N49_W1.0_R0.2.orig", "instance_data": [[0.0, 0.0], [0.0, 6.435538144751096e-06], [0.0, 1.2871076289502192e-05], [0.0, 2.5742152579004385e-05], [0.0, 3.217769072375548e-05], [0.0, 3.8613228868506576e-05], [0.0, 4.5048767013257676e-05], [6.435538144751096e-06, 0.0], [6.435538144751096e-06, 6.435538144751096e-06], [6.435538144751096e-06, 1.2871076289502192e-05], [6.435538144751096e-06, 1.9306614434253288e-05], [6.435538144751096e-06, 2.5742152579004385e-05], [6.435538144751096e-06, 3.217769072375548e-05], [6.435538144751096e-06, 4.5048767013257676e-05], [1.2871076289502192e-05, 0.0], [1.2871076289502192e-05, 6.435538144751096e-06], [1.2871076289502192e-05, 1.2871076289502192e-05], [1.2871076289502192e-05, 1.9306614434253288e-05], [1.2871076289502192e-05, 2.5742152579004385e-05], [1.2871076289502192e-05, 3.217769072375548e-05], [1.2871076289502192e-05, 3.8613228868506576e-05], [1.2871076289502192e-05, 4.5048767013257676e-05], [1.9306614434253288e-05, 0.0], [1.9306614434253288e-05, 6.435538144751096e-06], [1.9306614434253288e-05, 3.8613228868506576e-05], [2.5742152579004385e-05, 0.0], [2.5742152579004385e-05, 6.435538144751096e-06], [2.5742152579004385e-05, 1.2871076289502192e-05], [2.5742152579004385e-05, 2.5742152579004385e-05], [2.5742152579004385e-05, 3.217769072375548e-05], [3.217769072375548e-05, 0.0], [3.217769072375548e-05, 1.2871076289502192e-05], [3.217769072375548e-05, 1.9306614434253288e-05], [3.217769072375548e-05, 3.8613228868506576e-05], [3.8613228868506576e-05, 0.0], [3.8613228868506576e-05, 6.435538144751096e-06], [3.8613228868506576e-05, 1.2871076289502192e-05], [3.8613228868506576e-05, 1.9306614434253288e-05], [3.8613228868506576e-05, 2.5742152579004385e-05], [3.8613228868506576e-05, 3.217769072375548e-05], [3.8613228868506576e-05, 3.8613228868506576e-05], [3.8613228868506576e-05, 4.5048767013257676e-05], [4.5048767013257676e-05, 0.0], [4.5048767013257676e-05, 6.435538144751096e-06], [4.5048767013257676e-05, 1.2871076289502192e-05], [4.5048767013257676e-05, 1.9306614434253288e-05], [4.5048767013257676e-05, 2.5742152579004385e-05], [4.5048767013257676e-05, 3.217769072375548e-05], [4.5048767013257676e-05, 4.5048767013257676e-05]]}, "meta": {"timestamp_start": 1700092022.62098, "timestamp_end": 1700092081.102801, "version": "1.1"}, "sim_result": {"sim_density": null, "sim_counts": null, "sim_dt": null, "sim_timestamp": null}, "qpu_result": {"qpu_density": [0.72, 0.12121212121212122, 0.7171717171717171, 0.6363636363636364, 0.24489795918367346, 0.2727272727272727, 0.6363636363636364, 0.16, 0.14, 0.11, 0.2857142857142857, 0.06060606060606061, 0.34, 0.1717171717171717, 0.45, 0.16161616161616163, 0.55, 0.27, 0.54, 0.26262626262626265, 0.09, 0.7, 0.37, 0.21212121212121213, 0.7755102040816326, 0.26262626262626265, 0.1111111111111111, 0.6, 0.8, 0.12, 0.6060606060606061, 0.14, 0.35, 0.81, 0.12121212121212122, 0.22, 0.29292929292929293, 0.14, 0.49, 0.17, 0.08, 0.14, 0.7, 0.16161616161616163, 0.39, 0.43434343434343436, 0.23, 0.65, 0.83], "qpu_counts": {"rgrgggrgggggrgrgggrggrgggrgggrggrrgrgggrggrgrgrgr": 1, "rgrgrgrgrrrrggrggrgrgrgrrggrrgrggrggggrgggrgggggr": 1, "rgrgggrgggggggrgrgrggrgrrgggrgrggrgggggggggrgrggr": 1, "ggrggrggggggggrgrgrggrggrrggrggggrggggrgggrggrgrr": 1, "grggrgrrggrgggggrggrgrgrrgggrgrrgrgggrgggggrgrgrr": 1, "rgrgggrgggrrrggrgggggrrgrgrgggrggrggrgrgggrggrgrr": 1, "rgrrggrgggggrgggrgrggrggrggrgrrgrrggggrgrgrggrgrg": 1, "rggrggrggrggrgrgggrggggrrgggrgrrgrgggggrggrgrgrgr": 1, "rgrrrgrgggrgrggrggrggrrgrrggggrgrrggrgrgggrggggrr": 1, "ggggrgrgrgggggggrgrggrrgrggrrggggrgrgrggggrggggrg": 1, "ggrggrrgrgrgrrgggrrgrgrgrgrgrgrgrrggggggggrgrgrgr": 1, "rgrrggrgggggggggrgrggrggrggrrgrgrrggggggggrgrrggr": 1, "rgrggrggggggrgrgrgrggrggrrgrrggggrggrgrgggrggggrr": 1, "ggrrrgrggggggggrgrgrggrgrggrrgrggrgrrrggggrgrggrr": 1, "ggrgrgrrggggggggrgrggrrgrggrrgrggggggggrggrgrgrgr": 1, "rgrgrgrgggggggrggggggrgrggggggrgrrggrgggggrggrggr": 1, "ggrrgrgrggggggggrgrggrgrrggrrgrggrggrgrggggggrgrr": 1, "ggrrgrgggggggrggrgrgggrgrgggrgrrgrgrggrggrrgrgggg": 1, "rgrgrgrggrggggrggrgrgrgrgrgrrgggrrggggrgggrgrggrr": 1, "rgrrggrgggggggggrgrggrrgrggrrgrggrggrggrggrggrggr": 1, "gggrgrggrggggrrgrggrrrggrrgggggrggrggrrgrggrggrrg": 1, "rggrgggggrggrggggrgggrrgrggrrgggrrgrggggggrgrggrr": 1, "rggrggrgrgrgrgggrgrggrggrgrgrgrggrggggggggrrrggrr": 1, "rgrrgggggrgggggggrgrgrggggrgrggrgrrggrgggggrggrgr": 1, "rgrrggrggggggggrgrgrggrggggrrgrgrrgggggrgrrgrgrgg": 1, "rgrgrgrgrggrggggrggrgrrgrggrrggggrgggrgrgggrggrgr": 1, "rgrrgrggggggrggrgrgggrrgrggrrrrggrggrgrggrgrgrgrr": 1, "grgrggrrgrggrggggggggrgrrggggrrggrgrrgrgggrrgggrr": 1, "rgrrggrgrgggrgggrgrggrrgrgggggrgrgggggggrgrgrgrgr": 1, "rgrrgrggggrgggrgrgrggrggrrgrggggrrgggggggggggrgrr": 1, "rggrggrgggrggggrgrgrgrggrggrrgrggrgrggrgggrggrgrr": 1, "rgrrggggggggrrrrrgrgggggrrgrrgggrgrgrggggggggrgrr": 1, "ggrrggrgrgrggggrggrggrrgrggrrgrggrgggrggggrgrgrgr": 1, "rgrrggrgggrgggrgrggrgrggrrgrrggggrgrrggrgggrrrggr": 1, "rgrgrgrgrgrggggggggggrrgrgrgrgrgrrggggrgggrgrgggr": 1, "rggrgrggrgggrgrgggrgggggrgrgrgrggrggrgggggrggrgrr": 1, "rgrrggrgggggrggrgrgggrrgrggrrgrggrggrgrgggrggrgrr": 1, "rrrrggrgggggrggrgrgggrrgrggrrgrggrggrgrgggrggggrr": 1, "rgrgrgggggggggrggrgrgrgrrggggrrrgggggrggrgrgrggrr": 1, "rggrgrggggrgggrgrggrgrgggrgrrggggrgrggrgggrgrggrr": 1, "rgggrgrgggrrggggrrgggrggrggrrgrgrrggrgrggggggggrr": 1, "rgrrgrggggggrrrgrgrgggggrgggrgrrgrggggggggrggrgrr": 1, "rgrrggrgggggrgrgrgrggrgrrrggrggggrrggrggggrgggggr": 1, "grgrgrgrggrgrrgrggrgrgggrgrgrgggrgggggrgrgrggrggr": 1, "ggrrgggrggggrgggggrggrrgggrgrgrgrgggggrgggrgrggrg": 1, "rgrrgrgggggggrgggrgrggrgrggrrgrggrgggggrggrgrgrgr": 1, "rgrrggrgggggggggrgrgggrgrggrrggggrgrggggggrgrgrgr": 1, "rgrgggrgggrgrgggrggggrggrggrgrrggrggggggggrgrggrr": 1, "rgrrgrggggrgggrgrgrggrgrrggrrgrggrgrggrgggrggrgrr": 1, "rggrggrgggggrgrggrgggrgggrggrggrgggrgrggggrgrggrr": 1, "rgrrgrgggggggrrgrgrgggggrrgrggggrrrgggrggggrgggrr": 1, "ggrrrrggggrgggrgrgrggrggrrgrrggggrggggrgggrgrggrr": 1, "rgrgrgrgggrgggggrgrggrrgrgggrgrrgrggggggggggrgrgr": 1, "rgrgrgrgggrgggrgrgrgggggrggrrgrggrggggrgggrgrggrr": 1, "rgrrggrggggggggrgrgrgrrggggrrgrgggggggrggrgrgrgrg": 1, "rrrrggrgggrgggrgggrggrggrggrrgrggrggggrgggrggrgrr": 1, "rgrrggggggggggrgrgrggrggrrgrrgggrggrgggrggrgrgrgr": 1, "rgrrggrgggggggggrgrgrgrggggrggrgrrgggggggrrggrgrg": 1, "rgrgrgrgggggggggrgrggrggrrgrrrggrgrgrggrgggrgrgrr": 1, "grgrgrgrgggggrggrgrgrgrggggrrggggggrgrrgrrrgggggr": 1, "grgrggrgggrggggrgggrgrrgrgggrgrggrgrgrrggrrgrggrg": 1, "rggrggrggrggggrggrgrrrgggrggrrgrgrggggggggrggggrr": 1, "rgrgrgrggggrggrggrgrgrgrrggrrgrgrrggggggggrgrrrgr": 1, "rgrgggrggggggrrgrgrggrgrrggrrgrggrggrgrgggrggrgrr": 1, "rggrgggggrggggrggrgggrgggrggrggggrggrgrrgggrrgrgr": 1, "gggrgrgrgggggrgrgggrggrggggggrggrrgrgggrggrgrgrgr": 1, "rgrrggrgggggggrggrgggrgrrggrrgrggrggrgrgggrggrgrr": 1, "rgrrggrgggggrgrgrgrggrggrrgrrgggrrrgggrggggggrgrr": 1, "rgrrggrgggggrgggrggggrgrgggrgrrgrrggggggggrggrgrr": 1, "rgrgrgrgggrggggggggrgrrgrgggrggggrrgggrggggrgrgrr": 1, "rgrrgrgggggggrrgrgrggggrrgggrgrrgrggggrgggrgrggrr": 1, "rgrrgrgggrggggrgrgrgrggggrgrrggggrggrgrggggrgrgrr": 1, "grgggggrggrgggggrgrgrgrggggrrgrggrrgrrrggggggrgrr": 1, "grgrgrgrgggggrggrrgrggggrggrggrgrrgrggggggrggrgrr": 1, "ggrrggrgggggrgggrgrrgggrrgggrgrrggggggrggrgggggrg": 1, "rgrrgrggrggggrggrgrgggrgrggrgrrgrgggggggggrggggrr": 1, "grggrgrggrrgggrggrgrgrgggrgrrggggrggrgrggrrggrgrg": 1, "ggrgrgrrggggggggrgrggrggrggrrgrgggggrgggrggrggrgr": 1, "rgrgggrgggggrgrgrgrggrgrrgggrgrgrgggrgrgggrggrgrr": 1, "rgrrggrgrgggggrggrgrgrggrrgrrggggrgrgrgrgrggrgrgg": 1, "rgrggrgggggrgrrgrgggrgggrggrrgrggrggrgrgggrggrgrr": 1, "ggrrggrrggggggrgrggrgrrgrggrrgrggrggggrgggrggrgrr": 1, "ggrrggrgggggrgrgrgrggrgrrgggrgrgrrggggggggrgrgrgr": 1, "rgrrggrgrgggrgggrgrgggrgrggrrgggggrgggrggggggrgrr": 1, "rgggggrgggggrggggrgrgrrgrggrrggggrggggrgggrggrgrr": 1, "rggggrggggrgrgrgrggggrggggrgrgrrrgggrgrggrgggrgrg": 1, "rgggggggggggrggrggrgggrgrggrrgrgrrgrggrgggrgrggrr": 1, "grggrgrrggrgggggrgrggrrgrgrgggrrgrgggggrggrgrgggr": 1,