{"problem": {"instance_name": "UDMIS084EXT_N36_W1.0_R0.3.orig", "instance_data": [[0.0, 0.0], [0.0, 4.348336584291281e-06], [0.0, 1.3045009752873843e-05], [0.0, 1.7393346337165125e-05], [0.0, 2.1741682921456406e-05], [0.0, 2.6090019505747687e-05], [4.348336584291281e-06, 8.696673168582562e-06], [4.348336584291281e-06, 1.3045009752873843e-05], [4.348336584291281e-06, 1.7393346337165125e-05], [4.348336584291281e-06, 2.1741682921456406e-05], [4.348336584291281e-06, 2.6090019505747687e-05], [8.696673168582562e-06, 0.0], [8.696673168582562e-06, 4.348336584291281e-06], [8.696673168582562e-06, 8.696673168582562e-06], [8.696673168582562e-06, 1.7393346337165125e-05], [8.696673168582562e-06, 2.6090019505747687e-05], [1.3045009752873843e-05, 4.348336584291281e-06], [1.3045009752873843e-05, 1.3045009752873843e-05], [1.3045009752873843e-05, 1.7393346337165125e-05], [1.3045009752873843e-05, 2.1741682921456406e-05], [1.3045009752873843e-05, 2.6090019505747687e-05], [1.7393346337165125e-05, 0.0], [1.7393346337165125e-05, 4.348336584291281e-06], [1.7393346337165125e-05, 8.696673168582562e-06], [1.7393346337165125e-05, 1.3045009752873843e-05], [1.7393346337165125e-05, 1.7393346337165125e-05], [1.7393346337165125e-05, 2.1741682921456406e-05], [2.1741682921456406e-05, 0.0], [2.1741682921456406e-05, 4.348336584291281e-06], [2.1741682921456406e-05, 8.696673168582562e-06], [2.1741682921456406e-05, 1.3045009752873843e-05], [2.1741682921456406e-05, 2.1741682921456406e-05], [2.1741682921456406e-05, 2.6090019505747687e-05], [2.6090019505747687e-05, 1.3045009752873843e-05], [2.6090019505747687e-05, 1.7393346337165125e-05], [2.6090019505747687e-05, 2.6090019505747687e-05]]}, "meta": {"timestamp_start": 1700088403.117559, "timestamp_end": 1700088460.605929, "version": "1.1"}, "sim_result": {"sim_density": null, "sim_counts": null, "sim_dt": null, "sim_timestamp": null}, "qpu_result": {"qpu_density": [0.7171717171717171, 0.12121212121212122, 0.43, 0.15, 0.1111111111111111, 0.6565656565656566, 0.12, 0.1, 0.08, 0.01, 0.13, 0.4444444444444444, 0.2, 0.25, 0.21, 0.22, 0.07142857142857142, 0.14, 0.09090909090909091, 0.09, 0.48, 0.15, 0.03, 0.15, 0.14, 0.13, 0.13131313131313133, 0.63, 0.10101010101010101, 0.21, 0.07, 0.03, 0.1414141414141414, 0.54, 0.23, 0.7575757575757576], "qpu_counts": {"rgrggrgggggrggrggggggggrgggrgrgggrgr": 1, "rggggrrggggggggrrgrggggggggrggrggggr": 1, "ggrggrgggggrgrgggggrgrgggggggggrgrgg": 1, "rggrggggggrrgrggggggggggrgggrgggrgrg": 1, "rggrgrggrggggrgggggrgggrgggrggrggggr": 1, "rggrgrrggggrggggggggrgggrggrgggggrgr": 1, "grgggrgggggrggggggggrggggggrgggggrgr": 1, "rggggggrgggrggggggggrggggggggggggrgr": 1, "rgrggrgggggrggrgggggrggggggggrgggggr": 1, "gggrrgggggrgrggggggggrggggggggggrrgg": 1, "rggrgggrggrgggggrgggrggggggggggggggr": 1, "rrggggggrggrgrggggggrgggrggrgggggrgr": 1, "rggggrrggggrggggggggggggrggrggggrrgg": 1, "rgrggrggggggrgggggrgrgggrggrgggggrgr": 1, "rggrgrggggggrggggggrggggrgggrgggrggg": 1, "rgrggrgggggrggggggggrgggggggrgggggrr": 1, "grrggrgggggrggrgggggrggrgggrgggggrgg": 1, "gggggrgggggrgrrgggggrggggrgrgggggrgr": 1, "gggggrgggggrgggggrggrggggggrgggggrgr": 1, "rggggrggrgggggggrggrrggggggrgggggrgr": 1, "rgggrggggggggrggggggrggggggrgggggggr": 1, "rggggrgggggrgrggggggrrgrgggggggggggr": 1, "rgggrgggggggrggggrggrggggggrgrggrggr": 1, "ggggggrgrggrgggggrgrgggggggggggggrgr": 1, "grgggggrgggrgrggggggggggrgggrggggrgr": 1, "rggggggggggggrgrgggggrgggggggrggggrr": 1, "ggrggrggggggrggggggrgggrgggrggrggrgr": 1, "rgrggrgggggrgrggggggrgggggggggggggrr": 1, "rggrgrrggggrgggrggrgggrgrgrggrggggrr": 1, "grgggrgrggggrgggggrgrggggggrggrggggr": 1, "rgrggrgggggrgrrgggggrggggrggrggggrgr": 1, "rggggrgrggggrgggrgggrggggggrrggggrgr": 1, "rgrggrgggggggrggggggrggggrgrgggggggr": 1, "gggrggrggggggggrgrgggggggggrgrggrgrg": 1, "grgrgrgggggrgggrggrggggggggrgggggrgr": 1, "ggrggrggggggrgggggggrggggggrgrggggrr": 1, "ggrggggggrgrgrgggggrgggggggrggggrrgr": 1, "rrrggrgggggrgrggggggrgggrggrgggrgggr": 1, "ggrggrggggggrggrgggggrgrggrggggggrgr": 1, "rgrggrgggggggggrgggggrggggrggggggggr": 1, "rggrgrggggggrgrgggggrrggggggggrggggr": 1, "grggggggggrgrgrggggggggrggrrgggggrgr": 1, "rggggrgggggrggrggggggggrgggrggggrgrg": 1, "rggggrrgrggrggggggggggrgrggrggggrgrg": 1, "rgggrgggggggggrrggggggggggggggggrggg": 1, "rgrggrgggggggrgggrggrggggggrggggggrr": 1, "rgrggrggggggggggggggrgggrgggrggggggr": 1, "rgrggrgggggrgrgrggggggggggrrgggggrgg": 1, "rgrggrggggggggrgggggrggggggrgggggrgg": 1, "rgrggrggrggrggggggggrggrgggrgggggrgr": 1, "rgrggggggggggggrgggggrgggggrggggggrr": 1, "rgrggrgggggrgggggggrgggggggrgrggggrg": 1, "grggrggggggggggrgggggggggggrggrggggr": 1, "rgggrgggggggggggggggggggggrrgggggrgr": 1, "rgrggrgggggrggrgggggrggggggrgggggrgr": 1, "rgggggrggggrgggrggggggggggrggrggggrg": 1, "ggrggrgggggrggrgggggrggggggrggggggrr": 1, "gggggrgggggrggggggrgrggggggrgggggrgr": 1, "grggggggggrrgrrggggggrggggggrggggrgr": 1, "ggrggrgggggrgrrrgggggggggggrgrggggrr": 1, "rgrggrgggggrgggrgggggggrggrrgggggrgg": 1, "rgggrggrgggggggrrgggggggggrrgrggggrg": 1, "rggggrgrgggggggrgggggrgggrgggrggrggg": 1, "rggggrgggggrgrgggggggggggggrggggggrr": 1, "rgggggggrgrrgggggrggrggggggrgrgrgrgg": 1, "rggggrgggggggggggrggggggggrgrgggggrr": 1, "rgggrggrgggrgggrgrggggggggggrggggrgr": 1, "rgrggggggggggggrgggggggggrgrgrgggggr": 1, "gggggrgggggrggrgggggrggggggrgggggrgr": 1, "rggggggrggrggggggggggggrgggrgrgggggr": 1, "rgrggrggggggrgggggggggggrgrrgggggrgr": 1, "rggrgrrgggrgggggrgrgrggggggrgggggrgg": 1, "rggggrgggggggrggggggrrggrggggggggrgr": 1, "rgrgrgggggggggrgrggggggggrgrggggrrgg": 1, "ggrggrggggggrggggrggrrggggggggggggrr": 1, "ggrggrggggggggggggrgrggggggggrggggrr": 1, "rgrggrggggggggrgggggrrggrggggggggrgr": 1, "rgggrggggggggggrgrgggggggggrggggrrgg": 1, "rgrggrgggggrgrrgggggrggggggrgggggrgr": 1, "rgrgrggggggggrggggggrggggggrgggggrgr": 1, "rgrggrgggggrgggggrgggggggggggggggrgr": 1, "rggggrrgggggggggrgggrggggrgrgggggrgr": 1, "rggggrggggggrggrgggggggggggrggrggggr": 1, "rgrggrggggggrggggrggrggggrgrgggggrgr": 1, "rgggggggggrggggggggggggrgggrgggggrgr": 1, "rggggrggggggggrgggggrggggrgggggggrgr": 1, "grgggrgggggggrrggggggggggrgrgggggrgr": 1, "rgrggrggggggggggggggrgrgggrggggggrgg": 1, "rggggrgrggggrggrgggggggggrgrrgggrrgg": 1, "rrgggrggrggrggggggggggggggrrgggggrgr": 1, "rggrgggggggggrgrgggggggrggrrgggggrgr": 1, "rggrggrgggrggggggggggggrgrgggggggrgr": 1, "rgrgrgggggggrggggrggrggggggggrggggrr": 1, "rgrggrggggggrgrgggggrggggggrgrggggrr": 1, "ggrgggggggrrggggggrggggggggrgggggggr": 1, "rgrrgrgggggrrgggggrgrrgggggggrgggggr": 1, "rgrggrgggggggrggrggggggggggrgggggrgr": 1, "rggrggrgggrrggggggggrrgrgrgggggggrgr": 1, "grgggrggggrrgggggggrgggggggggrggrgrg": 1, "ggrgggggggggrggggrggrggggggrgrgggggr": 1}, "qpu_dt": 57.48304319381714, "qpu_timestamp": 1700088403.118945}, "settings": {"time_points": [0, 2.5e-07, 2.75e-06, 3e-06], "amplitude_values": [0, 15700000.0, 15700000.0, 0], "detuning_values": [-20000000.0, -20000000.0, 20000000.0, 20000000.0], "phase_values": [0, 0, 0, 0], "blockade_radius": 8.04442268093887e-06, "n_site_max": 256, "C6": 5.42e-24, "x_min": 0, "y_min": 0, "R": 1.85, "factor": 4.348336584291281e-06}}