{"problem": {"instance_name": "UDMIS081EXT_N30_W1.0_R0.3.orig", "instance_data": [[0.0, 0.0], [0.0, 8.696673168582562e-06], [0.0, 1.3045009752873843e-05], [4.348336584291281e-06, 0.0], [4.348336584291281e-06, 8.696673168582562e-06], [4.348336584291281e-06, 1.3045009752873843e-05], [4.348336584291281e-06, 1.7393346337165125e-05], [4.348336584291281e-06, 2.1741682921456406e-05], [4.348336584291281e-06, 2.6090019505747687e-05], [8.696673168582562e-06, 0.0], [8.696673168582562e-06, 4.348336584291281e-06], [8.696673168582562e-06, 8.696673168582562e-06], [8.696673168582562e-06, 1.3045009752873843e-05], [8.696673168582562e-06, 1.7393346337165125e-05], [8.696673168582562e-06, 2.6090019505747687e-05], [1.3045009752873843e-05, 4.348336584291281e-06], [1.3045009752873843e-05, 1.3045009752873843e-05], [1.3045009752873843e-05, 1.7393346337165125e-05], [1.3045009752873843e-05, 2.1741682921456406e-05], [1.7393346337165125e-05, 0.0], [1.7393346337165125e-05, 4.348336584291281e-06], [1.7393346337165125e-05, 8.696673168582562e-06], [1.7393346337165125e-05, 2.1741682921456406e-05], [1.7393346337165125e-05, 2.6090019505747687e-05], [2.1741682921456406e-05, 0.0], [2.1741682921456406e-05, 4.348336584291281e-06], [2.1741682921456406e-05, 1.7393346337165125e-05], [2.6090019505747687e-05, 4.348336584291281e-06], [2.6090019505747687e-05, 2.1741682921456406e-05], [2.6090019505747687e-05, 2.6090019505747687e-05]]}, "meta": {"timestamp_start": 1700087067.943621, "timestamp_end": 1700087128.132371, "version": "1.1"}, "sim_result": {"sim_density": null, "sim_counts": null, "sim_dt": null, "sim_timestamp": null}, "qpu_result": {"qpu_density": [0.7171717171717171, 0.2, 0.5353535353535354, 0.07, 0.03, 0.05, 0.14285714285714285, 0.11224489795918367, 0.65, 0.38, 0.13, 0.17, 0.07, 0.13402061855670103, 0.1414141414141414, 0.010101010101010102, 0.1919191919191919, 0.18, 0.08, 0.5353535353535354, 0.02, 0.21, 0.10101010101010101, 0.5612244897959183, 0.08163265306122448, 0.04, 0.5656565656565656, 0.8, 0.10101010101010101, 0.75], "qpu_counts": {"rrrgggggrrgggggggggrgggrggrrgg": 1, "rgggggggrrggrggggggrgggrggrrgr": 1, "ggrgggrgrrgggrgggggrggggggrrrr": 1, "rgrgggggrggggrgggggrgggggggrgr": 1, "rrrgggrgrggggggggggrgggrggrrgr": 1, "rgrgggggrggrgggggggrgggrggrrgr": 1, "rgrggggggggggggrgrgggggrrgrggg": 1, "rgrgggggrgggggggrggggggrgrrggg": 1, "ggrrggggrgggrgggggggggrgrggggr": 1, "grgrgggrggggrggggggggggrggrrgr": 1, "rgggggggrgggggggrggrgggrgggrrg": 1, "rgggggggrgrggggggggrgggrggrrgg": 1, "grgggggrgrggggggrggrggggrggrgr": 1, "rgrgggggrggggggggrgrggrrgggrgr": 1, "rgrgggggrrggggggggrggggggggrgr": 1, "rgrgggggrrgggggrgrgggrgrggrrgg": 1, "gggrggggrgggggggrgggggrggggrgr": 1, "rgrgggggrgrgggggrggrgggggggrgr": 1, "grggggggrggggggggggrgggggggrgr": 1, "ggrgggggrggggggggrgrgggrggrrgr": 1, "gggrggrgrggrgggggrggrggrgggrgr": 1, "rggggggggggggrrggggrgggrggrrgr": 1, "ggrgggggrggrgggggggrgggrggrrgr": 1, "rgrgggggrgggggggggrgggggggrggr": 1, "rgrggggggggggrgggggrggrggggrgr": 1, "ggrgggggrgrggggggggggggggggrgr": 1, "rgrgggggrgrggrgggrgggrgrggrrgr": 1, "rgggggggrgggggggggggggrggrgggr": 1, "rgrggggggggggggggrgggggrgggrgr": 1, "grggggrgrrgrgrgggggggrggggrrgr": 1, "rgrgggggrrggrrgggggggrggggrrgr": 1, "rgrgggggrgrggggggggrgggrgggrgr": 1, "ggrrggggrgggrgggggrrggggggrrgr": 1, "grggggrggrggggrggggrgrgrgggrgr": 1, "rgrgggggrggggggggggggrggggrrgr": 1, "rgrgggggrggggggggggrgrgrgggrgg": 1, "rgggggggrgggggggggrrgggggggrgr": 1, "rrgggggrgggrgggggggrggrggggrrg": 1, "rgrgggggggggggrggggggrggggrrgr": 1, "ggrrggggrggrggggrrgrgggrgggrgg": 1, "rrgggggggrgggggggggggrggggrrgr": 1, "rggggrgggrggggrggggggrgrggrggr": 1, "rgrgggggrggrggggggggggggggrrgr": 1, "ggrrrggrggrggggggrggggggggrrgr": 1, "rgggggrrrggrgggggggggggrggrrrr": 1, "rgrgggggrggggrgggggrgggrgggrgr": 1, "rgrggggrrggggggggrgrgggrggrrgr": 1, "rggggggggggrggrggggrggggggrrgr": 1, "rgrgggggrggggrgggggggrgrgggrgg": 1, "rgggggrggrggggggrggggggrggrrgr": 1, "ggggggrggrgggggggggrgggggggrgr": 1, "rggggggrgggrgggggggrggggggrrgr": 1, "grgggggggrgggrgggggggrggrggggr": 1, "rgrggggrggggggggrggrgggrggrrrr": 1, "grggggggrrgggggggggggrgrggrrgg": 1, "grgggrggggrrggrggrgggrgrgrrggr": 1, "rggggrggrrgggggggggrgggrggrggg": 1, "rgggggggrrggggggggrrgggggggrgr": 1, "rgrgggggrrgggggggggrgrgrgggrrg": 1, "rgrgggggrggggggggggrggggggrrgr": 1, "rggggrggrgrggggggrgrgggrgggggr": 1, "rgrgggggrggggrgggggggggggggrrg": 1, "rgrgggggrrggggggrggggggrrgggrg": 1, "rgrgggggrrgggrgggggggrgrggrggg": 1, "rgrggggrggrggggggggrgggrggrrgr": 1, "rrggggrgggggggrgrggggggggggrgr": 1, "rrgggggrgggggggggrggrggrgggrgr": 1, "rgggggrggrgggrrgrggrggggggrrgr": 1, "ggrgggggrrgggggggrgrgggrggrrgg": 1, "rgrgggggrggrgggggggggggrggrrgr": 1, "rgrgrgrgrggggggggrgrgggrrggrgr": 1, "rgrggggggggrggggrggrggggggrrgr": 1, "rgrgggrgrgrgggggrggrgggrggrrgr": 1, "rgrggggggrgggrggrggrgggrgggrrg": 1, "rgggggrggrggggrgrgggggggrgrggr": 1, "rgrgggggrgggrgggrggrgggrggrrgg": 1, "rggggggrggrggggggggrgggrggrrgg": 1, "rgrgggggrgrggggggggrggggggrggr": 1, "rrggggggggggggrggggggrgrggrrgr": 1, "rgggggggrgggggggggrrgrggggrrgr": 1, "ggrgggggrgrggggggggggrrgrggggr": 1, "rgrggggggggrggggggggggrggggrgr": 1, "grggggrgrrgggggggggggrrggggrgr": 1, "gggggggggrggrgrggggrgggrggrggr": 1, "rgrgggggrggggggggggrgrrggggrgr": 1, "rgggggggrrgggrgggggrggggggrrgr": 1, "grggggrggrggggrggggggggrgrrggr": 1, "rgrgggggrggggrgggggrggggggrrgr": 1, "ggrggggggrggggrgrggrgggrgggrgr": 1, "rgggggggrrggggggggggggrgrgrggr": 1, "grgggggggrggggrgrggggggrggrrgg": 1, "rggggrggrrgggggggggrgggrgggrgr": 1, "grgggggrgrggggggggrgggggggrrgr": 1, "ggggrgrgrrggggggrgrggggrrgggrg": 1, "rgrgggggrggrgggggrgrgggrggrrgr": 1, "rrggggggrrggggrggggrgggrgggrgr": 1, "rggggggrgrgrgggggrgggggrgggrrg": 1, "rgrgggggrrgggggggggggggrggrggr": 1, "rgggggggrrggggggrggggggrggrrgg": 1, "rgrgggggrggrgggggrgrgggrgggrgg": 1}, "qpu_dt": 60.17377042770386, "qpu_timestamp": 1700087067.948514}, "settings": {"time_points": [0, 2.5e-07, 2.75e-06, 3e-06], "amplitude_values": [0, 15700000.0, 15700000.0, 0], "detuning_values": [-20000000.0, -20000000.0, 20000000.0, 20000000.0], "phase_values": [0, 0, 0, 0], "blockade_radius": 8.04442268093887e-06, "n_site_max": 256, "C6": 5.42e-24, "x_min": 0, "y_min": 0, "R": 1.85, "factor": 4.348336584291281e-06}}