{"problem": {"instance_name": "UDMIS049EXT_N40_W1.0_R0.2.orig", "instance_data": [[0.0, 0.0], [0.0, 5.665086395027374e-06], [0.0, 1.1330172790054747e-05], [0.0, 2.2660345580109495e-05], [0.0, 3.965560476519162e-05], [5.665086395027374e-06, 0.0], [5.665086395027374e-06, 2.8325431975136868e-05], [5.665086395027374e-06, 3.399051837016424e-05], [1.1330172790054747e-05, 0.0], [1.1330172790054747e-05, 5.665086395027374e-06], [1.1330172790054747e-05, 2.2660345580109495e-05], [1.1330172790054747e-05, 3.399051837016424e-05], [1.699525918508212e-05, 5.665086395027374e-06], [1.699525918508212e-05, 1.699525918508212e-05], [1.699525918508212e-05, 2.2660345580109495e-05], [1.699525918508212e-05, 2.8325431975136868e-05], [1.699525918508212e-05, 3.965560476519162e-05], [2.2660345580109495e-05, 0.0], [2.2660345580109495e-05, 5.665086395027374e-06], [2.2660345580109495e-05, 1.1330172790054747e-05], [2.2660345580109495e-05, 1.699525918508212e-05], [2.2660345580109495e-05, 2.2660345580109495e-05], [2.2660345580109495e-05, 2.8325431975136868e-05], [2.2660345580109495e-05, 3.399051837016424e-05], [2.8325431975136868e-05, 0.0], [2.8325431975136868e-05, 5.665086395027374e-06], [2.8325431975136868e-05, 1.1330172790054747e-05], [2.8325431975136868e-05, 1.699525918508212e-05], [2.8325431975136868e-05, 2.2660345580109495e-05], [2.8325431975136868e-05, 2.8325431975136868e-05], [2.8325431975136868e-05, 3.399051837016424e-05], [3.399051837016424e-05, 5.665086395027374e-06], [3.399051837016424e-05, 1.1330172790054747e-05], [3.399051837016424e-05, 1.699525918508212e-05], [3.399051837016424e-05, 2.8325431975136868e-05], [3.399051837016424e-05, 3.965560476519162e-05], [3.965560476519162e-05, 0.0], [3.965560476519162e-05, 2.2660345580109495e-05], [3.965560476519162e-05, 2.8325431975136868e-05], [3.965560476519162e-05, 3.965560476519162e-05]]}, "meta": {"timestamp_start": 1700088344.261726, "timestamp_end": 1700088403.116466, "version": "1.1"}, "sim_result": {"sim_density": null, "sim_counts": null, "sim_dt": null, "sim_timestamp": null}, "qpu_result": {"qpu_density": [0.83, 0.04040404040404041, 0.898989898989899, 0.91, 0.87, 0.08080808080808081, 0.1, 0.38, 0.52, 0.3, 0.51, 0.22, 0.21212121212121213, 0.41, 0.07, 0.37373737373737376, 0.79, 0.27, 0.1, 0.31, 0.07142857142857142, 0.14, 0.11, 0.08, 0.53, 0.05, 0.09, 0.08, 0.42424242424242425, 0.13, 0.6464646464646465, 0.19, 0.44, 0.24242424242424243, 0.09, 0.15, 0.898989898989899, 0.4444444444444444, 0.48, 0.7755102040816326], "qpu_counts": {"rgrrrggggrrrggggrrgggggggggrggrrggggrrgr": 1, "rggrrgggrgrrrggrgggggggrgrgggggrgrrgrggg": 1, "rgrrrgggrgggrrggrggggggggggggrgggrggrgrr": 1, "rgrrrgggrggrggggrggrgggggggggrgggrggrgrr": 1, "ggrrrrgrgrgggrgrrgrgggggrgggrgggrgggrgrr": 1, "rgrrggggrgggggrgggggggggrgggrgrgggggrgrr": 1, "ggrrrrggggrgrgggrggggrgrggrgggggggrgrggr": 1, "rggrrggggrgggrggrgggggggrgrgrgrgggggrgrr": 1, "rgrrrgrgrgrrrggrgggrggggrggggrggrggrgrgg": 1, "ggrrrgggrggggrgrrgrgggggrgrgrgrgggggrrgr": 1, "rgrrrgggrgrrggggrggrggggggggrgrgrgggrrrr": 1, "rgrrrgggrgrgggggrrggggggggggrgrrgrggrgrr": 1, "ggrrgrgrggggrrgrrgggggggggggggggggggrrrr": 1, "rgrrrggggrrgggggrrgrggggggggggrgrgggrgrr": 1, "rgrrggggrgrrgggggggggrggrggggggggrggrgrr": 1, "rgrrgggrgrrgggggrgggggggrgggrgrgrgggrgrr": 1, "ggrgrrrgggggrrgrrgggggggrgggrgrgrgggrrgr": 1, "rgrrrggggrgrgrgrgrgrggggggggrgrrggggrrgr": 1, "rgrrrgrggggggrgrrggrggggrgggrgrgrgggrrgr": 1, "rgrrrgggrggrgrgggrgggggrgggggggrggggrrrr": 1, "rgrrrggggrrrggggrgggggrgrgggggrggrggrgrr": 1, "rgrrrgggrgrggrggrggrggggrgggrrrgrgggrgrr": 1, "rgrrrgggggggrrggrgggggggrgggrgrgrggrrgrg": 1, "rgrrrgggrggrgrggrgggggggrgggrgggrggrrrgg": 1, "rgrrrggrrggggrgrrgggggggrggrrgrrgggrgrgg": 1, "rgrrrggrggrggggrrrgrgggggggggrggrggrrgrg": 1, "rgrrrggrrgrggrggrgggggggrgggrgrgggggrrgr": 1, "rgrrrgggrgrrggggrrggggggggggrgrgrgggrgrr": 1, "rgrgrgrgrggggggrrrgrggggggggrggggrggrgrr": 1, "rgrrrgggggrrggggrggrgrggrgggggggrgggrggr": 1, "rgrrrggrrggggggrrrgrggggggggrgrgrgggrgrr": 1, "rgrgrggrgrgggggrrrgrggggggggrgrgrgggrrgr": 1, "rgrrrgggrgrrrrggrgggggrgrgggggggrgggrrgr": 1, "rgrrgggrggggggrgrrgrggggggggrgggrgggrgrr": 1, "rgrrrgggrggggrgrgrgrggggggggggrrgrgggggr": 1, "grgrrggrrgrgggggrgrgggrgggggggggrgggggrr": 1, "rgrgrgrggrgggrgrrgggggggrgggrgrgrgggrgrr": 1, "rgrrrggrgrgggrgrggggggggggggrgrgrgggggrr": 1, "rgrrrgggrgggrrgrrgggggggrggggrrgggggggrr": 1, "rggrrggrrgrgggggrrgrgrggggggggrgrgggggrr": 1, "grrrrrggggrrrgggggggggrgrgggggggrgrgrggr": 1, "rgrrrggggrgggrgrrrggggggggggrgrgggggrgrr": 1, "rgrrrgggrgrgggggrgggggggrrggggrgrgggrggr": 1, "rgrrrggggrgrgggggrgggggrggggggggggrgrggr": 1, "rggrrggrgrrggggrrrgrggggggggggrgrgggrgrr": 1, "rgrrrggrggrgggggrrggrgrgggggggggrgggrrgr": 1, "rgrrrggrgrrggggggggrggggggggrgggrggrrgrg": 1, "ggrrrggrggrgggggrggrgrggggggggrrgrggggrr": 1, "rgrrrgggrgrrgggggggrggggrgggrgrgrgggrrgr": 1, "rgrrrggrrgrgggggrgrgrgrgrgggggggrgrrrrgg": 1, "rgrrrggrrggggrgrrgggggggrgrgrgggggggrrgr": 1, "rgrrrgrgrrgggrgrrrggggggggggggrrgrggrggr": 1, "grgrrgrgrggggrgrrgggggggrgggrgrgrgggrrgr": 1, "rgrrrgggggrrrgggrgggrgrgrgggggrrgrggrgrg": 1, "rgrrrggrgrrgrggggggrggggrgggrgrrgrggrgrr": 1, "rgrrggggggrgrrggrgggggggrgrgggrgggggrrgr": 1, "rggrrggggrrrgggggggrgrggrgggggrgrgggrrgr": 1, "grrrrggggrrrgrggggggggggrggggggggrrrrggg": 1, "rgrrgggrrggggrgrrggrggggrgggrgrgggggrrgr": 1, "ggrrrggrgrgggggrrrggggggggggrgrgggggrrgr": 1, "rgrrrggrgrgggrgrrrggggggggggrgrgggggrgrr": 1, "rgrrrggrggrgggggrggggrgrrgggggggrgggrgrr": 1, "rgrrrggggrgggrgrrgggrgggrggrggrgggggrrgr": 1, "rgrrgggrrgggrrgrrgrgggggrgrgrgrgggggrrgr": 1, "rgrrrgggrggggrrgrgrggggrgggrgggrggrgrrrr": 1, "rgrrrggrrgggggrgrgggggggrgggrgrgrgggrrgr": 1, "rgrrgggrrgrgggggrgggggrgrggrggrgggggrrgr": 1, "ggrrgrgrggggrggrrggggrggrggggrggggggrrgr": 1, "rgrrrgggrggggggrrgrgrgggrggggrrggrggrrgr": 1, "grgrrggrggrrgrrrrgrggrrggggrggrrggrrrrgg": 1, "rgrrrgggrgrggggggggrggggrgggrgrgrgggrrgr": 1, "rgrrrggrrgrggggrrgggrggggrggggrggrggrgrg": 1, "rgrrrgggrgrgrgggrgggrgggggggggrgrgggrgrr": 1, "ggrrrggrgrrgggggrggrgrggrgggggrgrrggrrgg": 1, "ggrrrggrgrgggrggrggggrggrgrgggrggrgrrggg": 1, "rggrrgggrggrrrgggrgggggrggggggggrrgrrggg": 1, "rgrrrggrrrrgggggrggggrgggrggggrggrggrgrg": 1, "rgrrrgggrgggggrgrggrggggrgggggrgrgggrgrr": 1, "rgrrrgggrgrggggggrgrggggggggrgrgggggrrgr": 1, "rgrrrgggrgrgrgggrgrgrgrgrggggggrggrgrggr": 1, "rgrrrggggrggggrgrrgrgggrgggggggrgrgrrgrg": 1, "rgrgrgrggrrgggggrggrggrgrggggggggrggrgrr": 1, "ggrrrrgrggggrggrrgggggggrgggggrggrggrgrr": 1, "rgrrgggrrgrgggggrggggrgggrggggrggrggrgrr": 1, "rgrgrgggrgrggrggrgrgggggggggrgrrggggggrg": 1, "rgrgggrgrggggrggrgggggggggggrgrggrggrgrr": 1, "ggrrgrgrgrgggrgrgggrggggrggggrggrgggrgrg": 1, "rgrrrggrggrgggggrgggrrggrgggggrgrgggrrgr": 1, "rgrrrggggrgggrggrrggggggggggggrgggggrrgr": 1, "rgrrrggggrrgggggrgggggggrggggrgrggggrrgr": 1, "rgrrrgggrgrggrggrrgggggggggggrrrrgggrrgr": 1, "rgrrrgggrgrrgggggggrggggggggrgrgrgggrrgr": 1, "rgrrrgggrggggrgrrrggggggggggrgrgrgggrrgr": 1, "rgrrrggrrgggrrgrrgggggggrgggrgrgrgggrrgr": 1, "rgggrgrgggggrggrrgggggggrggrgrgggggrrrgg": 1, "rgrrrggrrgrgrgggrgggggggrgrgrgrgggggrgrr": 1, "rgrrrgggrgrggrggrgggggggrgrgrggggggrgrrg": 1, "rgrgrrgggggggggrgrgggggggggrggrgrgggrrgr": 1, "rgrrrgggrggggggrrgggggggrggggrgggggrrrgg": 1, "rgrrrggggrrgggggrggrggggggggrgrrgrggrgrr": 1}, "qpu_dt": 58.84758019447327, "qpu_timestamp": 1700088344.265103}, "settings": {"time_points": [0, 2.5e-07, 2.75e-06, 3e-06], "amplitude_values": [0, 15700000.0, 15700000.0, 0], "detuning_values": [-20000000.0, -20000000.0, 20000000.0, 20000000.0], "phase_values": [0, 0, 0, 0], "blockade_radius": 8.04442268093887e-06, "n_site_max": 256, "C6": 5.42e-24, "x_min": 0, "y_min": 0, "R": 1.42, "factor": 5.665086395027374e-06}}