{"problem": {"instance_name": "UDMIS037EXT_N15_W1.0_R0.3.orig", "instance_data": [[0.0, 0.0], [0.0, 5.665086395027374e-06], [0.0, 1.1330172790054747e-05], [5.665086395027374e-06, 0.0], [5.665086395027374e-06, 5.665086395027374e-06], [5.665086395027374e-06, 1.1330172790054747e-05], [5.665086395027374e-06, 1.699525918508212e-05], [5.665086395027374e-06, 2.2660345580109495e-05], [1.1330172790054747e-05, 2.2660345580109495e-05], [1.699525918508212e-05, 5.665086395027374e-06], [1.699525918508212e-05, 1.1330172790054747e-05], [1.699525918508212e-05, 1.699525918508212e-05], [1.699525918508212e-05, 2.2660345580109495e-05], [2.2660345580109495e-05, 0.0], [2.2660345580109495e-05, 5.665086395027374e-06]]}, "meta": {"timestamp_start": 1700093334.454816, "timestamp_end": 1700093392.421561, "version": "1.1"}, "sim_result": {"sim_density": null, "sim_counts": null, "sim_dt": null, "sim_timestamp": null}, "qpu_result": {"qpu_density": [0.48, 0.07, 0.44, 0.3434343434343434, 0.08, 0.39, 0.05, 0.82, 0.061224489795918366, 0.10101010101010101, 0.72, 0.1, 0.75, 0.8888888888888888, 0.0707070707070707], "qpu_counts": {"rggggrggggrgrrg": 2, "rgrggggrggrgrrg": 12, "ggggrgrgggggggr": 1, "gggrgrgrggrggrg": 2, "rggggggrggrgrrg": 1, "ggrrgggrgrggrrg": 1, "rggggggrggrgrrr": 1, "rgrggggrgrgrggg": 1, "ggggrggggggrggr": 1, "gggrgrgrggggrrg": 2, "ggrrgggrggrgrrg": 11, "rggggrgrggrgrrg": 7, "ggrrggggrrgggrg": 1, "rggggrgrggrggrg": 2, "gggrgrgrggrgrrg": 7, "gggrgrgrgrggrgg": 1, "ggrgggggggrgrrg": 1, "rgggrggrggrggrg": 1, "rggggrggrrgggrg": 1, "rggggggrgrgggrg": 1, "gggggrgrgggrgrg": 1, "rgrgggggrggrggr": 1, "rgrrgggrggrgrrg": 1, "grgrgrgrggrgrrg": 2, "gggggrgrgggrggr": 1, "rgrggggrggggrrg": 2, "ggrggggrggrgrrg": 2, "grgggggrggrgrrg": 1, "gggggrgrggrgrrg": 1, "ggrgrggrggggrrg": 1, "grggggrgggrgrrg": 2, "rgrggggrgrggrgg": 1, "rggggrgrggggrrg": 1, "rgggrggrggrgrrg": 1, "ggrrggggggrgrgg": 1, "rgrgrgggrgrggrg": 1, "ggrggggrggggrrg": 1, "grgrgrgrggggrrg": 1, "gggggrgrggrggrg": 1, "gggrgrgrgggggrg": 1, "gggrgrgrrgrgrrg": 1, "rggggrgrgggrggr": 2, "rggggrggrgrggrg": 1, "gggrgggrggrgrrg": 1, "rgrggggrgrgrgrg": 1, "ggrrggggggrgrrg": 1, "ggggggrgggrggrg": 1, "rggggrgrgggrgrg": 1, "grgggggrgrrgrrg": 1, "rgggrgrrggrgrrg": 1, "ggggrggrggrgrrg": 1, "rgrggggrggrgrrr": 1, "gggggggrggrgrrg": 1, "rgrggggrggrgrgg": 1, "rgrgggggrgrgrrg": 1, "rgrgggggrggggrg": 1, "gggrgggggrgrgrg": 1, "rggggrgrgrggrrg": 1}, "qpu_dt": 57.96363282203674, "qpu_timestamp": 1700093334.456253}, "settings": {"time_points": [0, 2.5e-07, 2.75e-06, 3e-06], "amplitude_values": [0, 15700000.0, 15700000.0, 0], "detuning_values": [-20000000.0, -20000000.0, 20000000.0, 20000000.0], "phase_values": [0, 0, 0, 0], "blockade_radius": 8.04442268093887e-06, "n_site_max": 256, "C6": 5.42e-24, "x_min": 0, "y_min": 0, "R": 1.42, "factor": 5.665086395027374e-06}}