{"problem": {"instance_name": "UDMIS052EXT_N49_W1.0_R0.2.orig", "instance_data": [[0.0, 0.0], [0.0, 5.665086395027374e-06], [0.0, 1.1330172790054747e-05], [0.0, 2.2660345580109495e-05], [0.0, 2.8325431975136868e-05], [0.0, 3.399051837016424e-05], [0.0, 3.965560476519162e-05], [5.665086395027374e-06, 0.0], [5.665086395027374e-06, 5.665086395027374e-06], [5.665086395027374e-06, 1.1330172790054747e-05], [5.665086395027374e-06, 1.699525918508212e-05], [5.665086395027374e-06, 2.2660345580109495e-05], [5.665086395027374e-06, 2.8325431975136868e-05], [5.665086395027374e-06, 3.965560476519162e-05], [1.1330172790054747e-05, 0.0], [1.1330172790054747e-05, 5.665086395027374e-06], [1.1330172790054747e-05, 1.1330172790054747e-05], [1.1330172790054747e-05, 1.699525918508212e-05], [1.1330172790054747e-05, 2.2660345580109495e-05], [1.1330172790054747e-05, 2.8325431975136868e-05], [1.1330172790054747e-05, 3.399051837016424e-05], [1.1330172790054747e-05, 3.965560476519162e-05], [1.699525918508212e-05, 0.0], [1.699525918508212e-05, 5.665086395027374e-06], [1.699525918508212e-05, 3.399051837016424e-05], [2.2660345580109495e-05, 0.0], [2.2660345580109495e-05, 5.665086395027374e-06], [2.2660345580109495e-05, 1.1330172790054747e-05], [2.2660345580109495e-05, 2.2660345580109495e-05], [2.2660345580109495e-05, 2.8325431975136868e-05], [2.8325431975136868e-05, 0.0], [2.8325431975136868e-05, 1.1330172790054747e-05], [2.8325431975136868e-05, 1.699525918508212e-05], [2.8325431975136868e-05, 3.399051837016424e-05], [3.399051837016424e-05, 0.0], [3.399051837016424e-05, 5.665086395027374e-06], [3.399051837016424e-05, 1.1330172790054747e-05], [3.399051837016424e-05, 1.699525918508212e-05], [3.399051837016424e-05, 2.2660345580109495e-05], [3.399051837016424e-05, 2.8325431975136868e-05], [3.399051837016424e-05, 3.399051837016424e-05], [3.399051837016424e-05, 3.965560476519162e-05], [3.965560476519162e-05, 0.0], [3.965560476519162e-05, 5.665086395027374e-06], [3.965560476519162e-05, 1.1330172790054747e-05], [3.965560476519162e-05, 1.699525918508212e-05], [3.965560476519162e-05, 2.2660345580109495e-05], [3.965560476519162e-05, 2.8325431975136868e-05], [3.965560476519162e-05, 3.965560476519162e-05]]}, "meta": {"timestamp_start": 1700090290.547329, "timestamp_end": 1700090348.434919, "version": "1.1"}, "sim_result": {"sim_density": null, "sim_counts": null, "sim_dt": null, "sim_timestamp": null}, "qpu_result": {"qpu_density": [0.75, 0.0707070707070707, 0.78, 0.55, 0.33, 0.1717171717171717, 0.6530612244897959, 0.13131313131313133, 0.0, 0.030303030303030304, 0.03, 0.05, 0.05102040816326531, 0.17, 0.37, 0.08080808080808081, 0.48484848484848486, 0.36, 0.3838383838383838, 0.28, 0.02, 0.6428571428571429, 0.3333333333333333, 0.09090909090909091, 0.4444444444444444, 0.25, 0.0707070707070707, 0.51, 0.73, 0.12121212121212122, 0.6, 0.25, 0.13, 0.84, 0.15, 0.03, 0.15, 0.15, 0.18, 0.050505050505050504, 0.0, 0.07, 0.6804123711340206, 0.15151515151515152, 0.39, 0.32323232323232326, 0.1326530612244898, 0.6767676767676768, 0.8686868686868687], "qpu_counts": {"rgrgrgrgggggggrgrggggrggggggrgrggrgggggggggrgrgrr": 1, "rgrgrgrgggggggrggrgggrggggrrrgrggrggggrgggrgrggrr": 1, "ggrgrgrrgggggggggrgrggrgrggrrgrggrggrgggggrggggrr": 1, "rgrrgrgggggggrrgrgrggrggggrgrgggrrgggrgggggggrgrr": 1, "grgrggrgggrgggrggggrgrggggrgrggggrggrgggggrggggrr": 1, "rgrrgggggggggrrggrggggggrrgrrggggrggrgrgggrggggrr": 1, "grgrggrgggggggggrgrggrrgrggrrggggrgggggggggggrgrr": 1, "rgrrgrggggggrrggrgrgggrgrgggrgrggrggrgggggrggrgrr": 1, "rgrrggrgggggggggrggggrgrggggrgrrgrgggrgggggrggrgr": 1, "rgrggggggggggggrgrrrgrgggggrrgrggrggggggggrgrggrr": 1, "rgrgrgrggggggggrggrggrgggggrrgrggrggggggggrgrgrgr": 1, "rgrrggrgggggggggrgrggrggrrggrggrgrggggrgggrggggrr": 1, "rgrrggrggggggggggrgggrgrrgggrgrggrggrgggggrggrgrr": 1, "rggrgggggggggrggrgrgggrgrgggggrgrrggggggggrggrgrr": 1, "rgrgggrggggrggrggggggrgggrggrggrgrgggggggggrgrgrr": 1, "rgrgrgggggggggrgrgrgggggrggrrgrrgrggggggggrgrggrr": 1, "ggrgrgrrgggggggggrgrgrgrgrggrggggrggggggggrgrgggr": 1, "ggrrggrgggggggrgrgrggrgggrgrrggggrgggggggggrgrgrr": 1, "rgrrgrggggggggrgrgrggggggggrrggggrggggggggrgggrgr": 1, "rggrggrgggrgrgrgggggggggrggrrgrggrgggggggggrgrggr": 1, "rgggrgrggrgggggggrgggrgrgggggrrrrrggggggggrgrggrr": 1, "rgggggrggrgrgggggggggrrgrgggrggrgrrggggggggggrgrr": 1, "ggrrggrggggggggggrgggrggrggrrgrggrgggrggggrgrggrr": 1, "rgrrgrggggggggggrgrggrggrrgrggggggrgrggggrgrgggrg": 1, "rgrgrgrggggggggggrgrgrrggggrrgrggrggggggggrgrggrr": 1, "rgrrggrgggggggggrgrggrrgrggrrggggrggrgggggrggrgrr": 1, "rgrrggrgggggggrgrgrggrggrgggggrgrrggggggggrgrggrr": 1, "grgrggrrgggggggggrgggrrgggrggrrggggrggggggrgrgrgr": 1, "rggrgrgggggggrrgrgrgggggrggggrrggggggrrggrrgrggrg": 1, "grrgrgrggggggggggrgrggggrggrrgrggrggggggggrgrgggr": 1, "rgrrgggggggggrrgrgrgggggrgggrggrgrggggggggrgrggrr": 1, "grggggrgggggggggrgrggrrggggrrgrggrggrgggggrggggrr": 1, "rgrrggrrggggggrgrggggrgggggrrgrggrgggggggrrgrggrr": 1, "rgrgrgrgggggggrgrgrggrggrgggrgrggrggrgrgggrggggrr": 1, "rgrrggrgrgggggggrggggrrgrggrrggggrggggggggrgrrrgr": 1, "ggrrggrgggggggrggrgrgrgggggggrgrggggggrgggrgrgggr": 1, "rgrgrggggggggrggggrgggrgrgggrgrggrggggggggrgrggrr": 1, "grgrgrggggggggrgrrgrgggggrgrgrgggggrggggggggggrgr": 1, "rgrgggggggggrrrgrgggggggrrgggggrgggggggrgggrgrgrr": 1, "rgrrggrggggggggggrgrgrrgrggrgrrggrgrggrgggrggrgrg": 1, "rgrgrgrgggggggrggrgrgrgggggrggrggrggggggggrggrgrg": 1, "rgrrggrgggggggrgrgrggrgggrggrggggrrggrgggggrgggrr": 1, "rgrgrgrgggggggrgrgrggrggggggrggrgrggggrgggrrgrggr": 1, "rgrggrrgggggggggrggrgrggggrgrggggrgggrggggrgrggrr": 1, "ggggrggrgrgrgrggggggggrgrggrrgrggrggggggggrggrggr": 1, "rgrrgggggggggrrggrgrggggggggrgrggrgggrgrggrgggggr": 1, "rgrrggrgggggggrggrrggrgggggrrgrggrggggggggrgrggrr": 1, "rgrgrgrgggggggrgrgrggrgggggrgrrgggggggrggrrgrggrg": 1, "ggrgggrggggggggggrgrggrggggrrgrggrggggggggrggggrr": 1, "rgrrggrggggggggrgrgggrgggggrrggggrrgrgggggggggrgr": 1, "rgrgrgrgggggggrgrgggggrgrrgrrggggggggggggrrrgrgrg": 1, "rggrggrgggggggggrggrgrrgggggrgrrgrggggggggrggrggr": 1, "rgggrgrggggggggggrgrgrrgggggrggrgrrgggggggggrgrgr": 1, "rgrgrgrggggggggrgrgrgrgggrggrggggrrggrgggggrgggrg": 1, "rgrrggrggggggggggrgrgrrgggggrgrrgrgggrggggrggggrr": 1, "rgrrgrgggrgggggggrgggrrgrggrrgrggrggrgggggrggggrr": 1, "rgrrggggggggrrggrgrggggrgggrgrrgggggrgrgggrggrgrg": 1, "ggrrgrgrgggggrgggrgrgggrrgggrgrrrrggggggggrggrgrr": 1, "ggrgrgrrggggggggrgrgggrgrgggggrgrrggggggggrgrggrr": 1, "rgrrggggggrgggrgggggggggrgrrggrgrrggggggggrggggrr": 1, "rgrgrggggggggrgggrggggggrgggrgrrgrgggrgrggggggggr": 1, "rgrggggggggggrrgrrrgggggrrgrrggggrggggggggrgggrgr": 1, "rgrrgrggggggggrggrgggrgggggrrrgggrggggggggrgrgrgr": 1, "rgrrgrrggggggggggrgrgrgrggggrgrggrggggrgggrrggggg": 1, "rgrrgggggggggrgrggrgggggrrgrrggggrrgggggggrggrrrr": 1, "rgrrggrggggggggggrgrgrrgggggrggrgrggggrggggrgrggr": 1, "ggrggrgrggggggggrgrgggggrrgrrgggggrgrggrggggggggg": 1, "ggrgrgrrggggggggrgrggrrggggrrgrggrggggrgggrgrgggr": 1, "rgrgggrggggrggggrgggrgrgggggggrgrggggggggrrggrgrg": 1, "rggrgrgggggggrggrggrggrgggggrgrrgrgggggggrrgrggrg": 1, "rgrrggrggggggggggrgggrrgrggrrgrggrggggrgggrgrgggr": 1, "rggrggrgggggggrgrgrggrggrrggrggrgrgggggrggrgrgggr": 1, "ggrgrgrrgggggggggrgrgrrgggggggrrgrggggrgggggrggrr": 1, "rgggrgrgggggggggrgrgggrgrggrrgrggrggggggggrggggrr": 1, "rgrrggrggggggggggggggrgggrgrrggggrgggggggggggrgrr": 1, "ggrggggrggggrgggrgrgggrgrggrrgrggrrggrgggggrgggrr": 1, "rgrgrgrgggggggggrgrggggggggrrrrgggggggggggrgrgrgr": 1, "ggrgrgrrggggggggrgrgrgrgggggggrgrrggggggggrggrgrr": 1, "rgrrggrgggggggggrgggggrgrggrrgrggrgggrggggrggggrr": 1, "rgrrggggggggggggrggggrrgggggrgrrggggggrgggrgrgggr": 1, "rgrgrgrgggggrgggggggggrgrgrgrgrggrgggggrrgrgrgggr": 1, "rgrgrgrggggggggggggrgrgggggrgrrgggggggrgggrggrgrr": 1, "rggrggrgggggggggrggggrrgrggrrgrggrgggrggggggrggrr": 1, "rgrrgrgggggggggrgrgggrgggggrggrgrrggggggggrgrggrr": 1, "rgrgrgrggggrggrrgggggrggrrggrggrgrrgggggggggrggrg": 1, "ggrrgrggggggggrgrgrggrgggrgrgrggggggggggggrgrggrr": 1, "grggggrgggggrgrggrgggrgggrgggggrgrgggggggggrgggrr": 1, "rgrgrgggggggggrggggrgrgggrgrrggggrrgrgrgggggggggr": 1,