{"problem": {"instance_name": "UDMIS1TG_N8_W1.0_R0.3.orig", "instance_data": [[0.0, 0.0], [0.0, 5.362948453959247e-06], [5.362948453959247e-06, 0.0], [5.362948453959247e-06, 1.608884536187774e-05], [5.362948453959247e-06, 2.145179381583699e-05], [1.0725896907918495e-05, 2.145179381583699e-05], [1.608884536187774e-05, 2.145179381583699e-05], [2.145179381583699e-05, 5.362948453959247e-06]]}, "meta": {"timestamp_start": 1698262344.938708, "timestamp_end": 1698262471.924015, "version": "1.0"}, "sim_result": {"sim_density": [0.1, 0.42, 0.57, 0.61, 0.37, 0.0, 0.99, 0.98], "sim_counts": {"ggrgggrr": 1, "ggrgrgrr": 15, "ggrrggrr": 32, "grggggrr": 1, "grggrggr": 1, "grggrgrg": 1, "grggrgrr": 12, "grgrggrr": 18, "grrgrgrr": 4, "grrrggrr": 5, "rgggrgrr": 4, "rggrggrg": 1, "rggrggrr": 5}, "sim_dt": 19.569676399230957, "sim_timestamp": 1698262344.941723}, "qpu_result": {"qpu_density": [0.14285714285714285, 0.45454545454545453, 0.5102040816326531, 0.5, 0.42, 0.030303030303030304, 0.9494949494949495, 0.9494949494949495], "qpu_counts": {"gggrggrr": 3, "ggrrggrr": 22, "rgggrgrr": 5, "grrgrgrr": 5, "grgrggrr": 10, "ggrgrgrr": 10, "grrrggrr": 4, "rggrggrr": 5, "ggrgrgrg": 1, "grggrrrr": 1, "grggrgrr": 15, "ggrgggrr": 1, "grrrgrrr": 1, "grggrggr": 2, "grrgrggr": 1, "rrrrggrr": 1, "ggrrgrrr": 1, "grggggrr": 2, "grgggggr": 1, "rggrgggr": 1, "ggrrggrg": 1, "ggggggrr": 1, "rgggggrg": 1, "grrgggrr": 1, "rgrgggrg": 1, "grrrggrg": 1, "rgrgrrrr": 1, "rrggrgrr": 1}, "qpu_dt": 107.20889282226562, "qpu_timestamp": 1698262364.714092}, "settings": {"time_points": [0, 2.5e-07, 2.75e-06, 3e-06], "amplitude_values": [0, 15700000.0, 15700000.0, 0], "detuning_values": [-20000000.0, -20000000.0, 20000000.0, 20000000.0], "phase_values": [0, 0, 0, 0], "blockade_radius": 8.04442268093887e-06, "n_site_max": 256, "C6": 5.42e-24, "x_min": 0, "y_min": 0, "R": 1.5, "factor": 5.362948453959247e-06}}