{"problem": {"instance_name": "UDMIS004EXT_N25_W1.0_R0.2.orig", "instance_data": [[0.0, 6.435538144751096e-06], [0.0, 1.2871076289502192e-05], [0.0, 1.9306614434253288e-05], [6.435538144751096e-06, 6.435538144751096e-06], [6.435538144751096e-06, 1.2871076289502192e-05], [6.435538144751096e-06, 1.9306614434253288e-05], [6.435538144751096e-06, 2.5742152579004385e-05], [6.435538144751096e-06, 3.217769072375548e-05], [1.2871076289502192e-05, 0.0], [1.2871076289502192e-05, 6.435538144751096e-06], [1.2871076289502192e-05, 1.2871076289502192e-05], [1.2871076289502192e-05, 1.9306614434253288e-05], [1.2871076289502192e-05, 3.217769072375548e-05], [1.9306614434253288e-05, 1.2871076289502192e-05], [1.9306614434253288e-05, 2.5742152579004385e-05], [1.9306614434253288e-05, 3.217769072375548e-05], [2.5742152579004385e-05, 0.0], [2.5742152579004385e-05, 6.435538144751096e-06], [2.5742152579004385e-05, 1.2871076289502192e-05], [2.5742152579004385e-05, 1.9306614434253288e-05], [2.5742152579004385e-05, 2.5742152579004385e-05], [2.5742152579004385e-05, 3.217769072375548e-05], [3.217769072375548e-05, 0.0], [3.217769072375548e-05, 6.435538144751096e-06], [3.217769072375548e-05, 3.217769072375548e-05]]}, "meta": {"timestamp_start": 1700092366.108957, "timestamp_end": 1700092423.907973, "version": "1.1"}, "sim_result": {"sim_density": null, "sim_counts": null, "sim_dt": null, "sim_timestamp": null}, "qpu_result": {"qpu_density": [0.75, 0.08, 0.75, 0.1, 0.24, 0.07, 0.15151515151515152, 0.7, 0.74, 0.15, 0.13131313131313133, 0.57, 0.1, 0.5151515151515151, 0.17, 0.68, 0.76, 0.1, 0.1326530612244898, 0.62, 0.1717171717171717, 0.07, 0.1326530612244898, 0.77, 0.86], "qpu_counts": {"rgrgrgrgrggggrgrrgggrggrr": 1, "rgrggggrgggrgggrrggrggggr": 1, "rgggrggrgrgggrgggggrgggrr": 1, "rgrggggrrggggrgrgggrggrgg": 1, "rgrgrggrrggrgrrggggggggrr": 1, "rgggggrgrgrggggrggrgrgrgr": 1, "rgrggggrrggrgrgrrggrgggrr": 5, "rgggggrggrggrrggrggrgggrr": 1, "rgrggrgrrgrggggrrgrgrggrr": 1, "rgrggggrrggggrgrrggrgggrr": 2, "ggrgrggrrggrggggrggrgrgrg": 1, "rgrgggrgrgrrgrrgrgrggggrg": 1, "ggrggggrrggrgrgrgggggggrr": 1, "rgrggggrrggrgggrrgggrggrr": 2, "ggrggggrrgrgggrgrgrggggrr": 1, "ggrgggggrggrgggrrggrgggrr": 1, "rgrgrgggrggrgrgrrggrgggrr": 1, "grgrgggrrggrggggrggrgggrr": 1, "rgrgrggrrggggrrggggrgggrr": 1, "rgrggggrrggrgggrgrggggrrr": 1, "rggggggrgrgrgrggrggggggrr": 1, "rgrgrggrrggggggrrggrgggrr": 1, "rgrgrgrggrgggggrrrgggggrr": 1, "grggggrgrggggrgrrggrggggr": 1, "rgrggggrrggrgggrrggrgggrr": 1, "rgrgrggrrggggrgrgggrgggrr": 1, "rgrggggrgrgrgrgrrgggrggrr": 1, "grgrggrgrgrgggrgrgrgggggr": 1, "rgrggggrrgrggggrrggrgggrr": 1, "grgrggggrggrgrgrrggrggrrr": 1, "rgrgggggrgggrgggrggrgggrr": 1, "rgrgrggrrggrgrgrrgggggggr": 1, "rggggrgrrggggrrgrggrgggrr": 1, "rgrggggrgrgrgggrrggrgggrr": 1, "ggggrggrrggrgrgggrgrggggr": 1, "rgggrgggrggrggggrgrgrggrr": 1, "rgrgrggggggggrrgrggrgrgrg": 1, "ggrggggrrggrgggrrggrgggrr": 2, "rgrgrggrgrggggrggggrggrgr": 1, "ggrggggrgggrgggrrgggrgggg": 1, "rgrggggrrggrgrgrrggggggrg": 1, "rgrgrggrrggrgggrrggrgggrr": 1, "rgrggggrrggrgrrgrggrgrgrg": 1, "rgggggrgrggrrgggrgrrgggrg": 1, "rgrggggggrgrggrggrgrggrgr": 1, "rgrgggggrggrgrgrrggrgggrr": 1, "rgrggggrrggrgggrrgrrgggrr": 1, "rgrgrggrrggrgrgrrggrgggrr": 1, "rgggrggrrggrggggrggrgggrr": 1, "ggrgggrgrgrgrggggggrgrgrg": 1, "rgggggrgrggggggrrggrrggrr": 1, "ggrggggggrggggggrggrggggr": 1, "rgrggggggrgrgggrrrgrgggrr": 1, "grggggrgrgrggggrrgrgrggrr": 1, "rgrggggrgggrgrgrrggrgggrr": 1, "rgrggggrrggggggrrggggggrr": 1, "grgrgggrrggrgrgrgggrgggrr": 1, "rgrgrggrrggrgrgrgrggrgrgr": 1, "rggggrggrggggrgrgrggggrgr": 1, "rgrgggggrgrgrgrgrgrggggrr": 1, "ggrrgggrgggrgrgrrggggggrr": 1, "rgrggggrgrgrgggrggrgggrrr": 1, "rgrggggrrggrgggrrggggggrr": 1, "rgrgrggrgggrgrgrggggrgrgr": 1, "rgrgrggrrggrgrgrrggggggrr": 1, "rgrgrgggrgggrrggrggrgrgrg": 1, "rgggrgrgrggggrgrrggrgggrg": 1, "rgrgrggrrggrgrgrrgggrggrr": 1, "rgrgggrgrggrrrggrggrgggrr": 1, "rgrgrggrrggggrgrgggrgggrg": 1, "ggrrgggrrggrgrgrrgrrggggr": 1, "rggggrgrrggggrgrrggrgggrr": 1, "rgrggggrrggrgggrrggrggggr": 1, "rgrggggrrggrgrgrrggrgggrg": 1, "ggrrgggrrggggggrrggrgggrr": 1, "rgrggggrrggrgggrrgrgrggrr": 1, "ggrggggrrggrgggrrggrrggrr": 1, "rgrggggrrggggrrgrggggggrr": 1, "rgrggggrrggrgrgrgrgrggggr": 1, "rgrgggrgrgggrgggrggrgggrr": 1, "grgggggrgrgrgggrggggggrgr": 1, "ggrggggrgggggggrgrgrggrgr": 1, "grgrgrggrgrgrrrgrggrgrrgg": 1, "rgrgggrgrggggrgrrggrgggrr": 1, "rgrgggrgggrgrgrggrgrggrgr": 1, "rggggrgrgrgggrgrrgggrggrr": 1, "rgrggggrrgrggggrrgrggggrr": 1, "rgrggggrgrgrgrrgggggggrgr": 1, "rggggrgrggggggrgrggrgrgrr": 1, "rgrggggrgggrgrgrrgggrggrr": 1, "gggrgggrgggggrgrggggrggrr": 1, "rggggggrgrrrgggrrggrggggr": 1, "ggrrgggrrgrgggrgrgrggggrr": 1}, "qpu_dt": 57.790627241134644, "qpu_timestamp": 1700092366.112193}, "settings": {"time_points": [0, 2.5e-07, 2.75e-06, 3e-06], "amplitude_values": [0, 15700000.0, 15700000.0, 0], "detuning_values": [-20000000.0, -20000000.0, 20000000.0, 20000000.0], "phase_values": [0, 0, 0, 0], "blockade_radius": 8.04442268093887e-06, "n_site_max": 256, "C6": 5.42e-24, "x_min": 0, "y_min": 0, "R": 1.25, "factor": 6.435538144751096e-06}}