{"problem": {"instance_name": "UDMIS043EXT_N30_W1.0_R0.2.orig", "instance_data": [[0.0, 0.0], [0.0, 5.665086395027374e-06], [0.0, 1.1330172790054747e-05], [0.0, 2.2660345580109495e-05], [5.665086395027374e-06, 0.0], [5.665086395027374e-06, 5.665086395027374e-06], [5.665086395027374e-06, 1.1330172790054747e-05], [5.665086395027374e-06, 2.8325431975136868e-05], [5.665086395027374e-06, 3.399051837016424e-05], [1.1330172790054747e-05, 5.665086395027374e-06], [1.1330172790054747e-05, 1.1330172790054747e-05], [1.1330172790054747e-05, 1.699525918508212e-05], [1.1330172790054747e-05, 2.2660345580109495e-05], [1.1330172790054747e-05, 2.8325431975136868e-05], [1.699525918508212e-05, 5.665086395027374e-06], [1.699525918508212e-05, 2.8325431975136868e-05], [2.2660345580109495e-05, 0.0], [2.2660345580109495e-05, 1.699525918508212e-05], [2.2660345580109495e-05, 2.8325431975136868e-05], [2.2660345580109495e-05, 3.399051837016424e-05], [2.8325431975136868e-05, 0.0], [2.8325431975136868e-05, 1.1330172790054747e-05], [2.8325431975136868e-05, 2.2660345580109495e-05], [2.8325431975136868e-05, 2.8325431975136868e-05], [2.8325431975136868e-05, 3.399051837016424e-05], [3.399051837016424e-05, 5.665086395027374e-06], [3.399051837016424e-05, 1.699525918508212e-05], [3.399051837016424e-05, 2.2660345580109495e-05], [3.399051837016424e-05, 2.8325431975136868e-05], [3.399051837016424e-05, 3.399051837016424e-05]]}, "meta": {"timestamp_start": 1700087592.607805, "timestamp_end": 1700087649.877777, "version": "1.1"}, "sim_result": {"sim_density": null, "sim_counts": null, "sim_dt": null, "sim_timestamp": null}, "qpu_result": {"qpu_density": [0.65, 0.03, 0.81, 0.91, 0.26262626262626265, 0.01, 0.0707070707070707, 0.0707070707070707, 0.83, 0.33, 0.17, 0.6161616161616161, 0.25252525252525254, 0.16161616161616163, 0.4489795918367347, 0.35, 0.6632653061224489, 0.83, 0.09090909090909091, 0.65, 0.21212121212121213, 0.11, 0.12, 0.07, 0.12, 0.8080808080808081, 0.66, 0.21212121212121213, 0.13, 0.6868686868686869], "qpu_counts": {"rggrggggrrgrgggrrrgrgggggrrggr": 1, "rgrrggggrrgrgggrrggrggrggrrggr": 1, "ggrrrgggrgrgrgrggrgrrggggrrggr": 1, "rgrrggggrgggrgrggrgrgggggrrgrg": 1, "rgrrggggrgggrgggrrgrrggggrrggr": 1, "ggrrrgggrggrgrrggggrggrggrgggr": 1, "ggrrrgggrggrggrrggggrgrggrrggr": 1, "ggrrrgggrgggrgggrrgrgggggrrgrg": 1, "rgrrggggrrggrgggrrgrgggggrrggr": 2, "rgrrggggrggrggggrrgrgggggrrggg": 1, "rgrrggggrrgrgggrrrgrgggggrrggr": 1, "rgrrggggrrgrrgrgrrgrgrgggrgrgr": 1, "rgrrggggrggrggrrrrgrgggggrrggr": 2, "ggrrrgggrgggggrrggggrrrgrggggg": 1, "rgrrggggrggrggrgrrgrgggggrgrgr": 1, "rgrrggggrgrggggrrrgrgggggrgggr": 1, "rgrrggggrggrggrrrrgrggggggrggr": 1, "rgrrgggggggrgrrggrggrggrggrggr": 1, "ggrrrgggrggrgggggggrgggggrgrgr": 1, "rgrrggggrrgrggggrrgrggrggrgggr": 1, "rgrrggggrggrrgggrrgrgggggrgrgr": 1, "gggrggrgrgggrgrgrrggrggrggrggr": 1, "rggrggggrrgrggggrrgrgggggrrggr": 1, "rgrrgggggggrggrrgggrgggggrrggr": 1, "rgrrggggrrgrgrgrrrgggggggrrggr": 1, "ggrrrgggrgggggrggrgrrgggggrggr": 1, "rgrrgggggrgrggggrrgrgggggrgrgr": 1, "rggrggggrggrgrrgrrgrgggggrgrgr": 1, "rgrgggggrgrgrgrggrgrrggggrrggr": 1, "rgrrggggrggrggrggrgggggrgrrggg": 1, "ggrrrgggrgrgggggrrgrgggggrrgrg": 1, "ggggrgrgrggrggrgrrgrggggrrrggr": 1, "grggggggrgggrgrggrrgrrgrrggrgr": 1, "ggrrrgggrgrgggggrrgrgggggrrggr": 1, "rgrrggggrgggggrrrrgrgggggrrggg": 1, "ggrrrgggrgrgrgggrrgrgggggrrggr": 2, "rgrrrrggrgrggrggrgrggrggrggrgg": 1, "gggrrgggrggrggrrgrgrrggggrrggr": 1, "grgrggggrrgrgggrgggrrgrggrrggr": 1, "rgrgggggrggrggrrgrgrgggggrrggr": 1, "ggrrrgggrgggrgrrrrgggggggrrggr": 1, "rgrrggggrrggggggrggrgggggrrgrg": 1, "ggrrggggrrrrgggrrrggggggrrgrgg": 1, "rgrrggggrrgrgggggrgrrggggrrggr": 1, "rgrrggggrrgrgrggrrrgggggggrgrg": 1, "rgrrggggggrrrggrrrggggggggrggr": 1, "rgrrggggrggrgggrgrggggggrrgrgg": 1, "ggrrrgggrggrggrgrggggggrgrrggg": 1, "rgggggrrgggrggrgrrgrgggggrrggr": 1, "rgrrggggrrgrgggrgrggrggggggrgr": 1, "rgrrggggrrgrgrggrrgrgggggrrggr": 1, "rggrggggrgrgrgggrrrgggrggggrgr": 1, "ggrrrgggrggrggggrrgrgggggrrggg": 1, "rgrrggggrrgrggggrrgggggggrrggr": 1, "gggrrggrgggrggrgrgrggrggggrgrg": 1, "ggrggggrggggggrrgrgrgggggrrggr": 1, "ggrrrgggrgrgrgrggrrgrggggrgrgr": 1, "rgrrggggrrgrgggrrrgggggggrgrgr": 1, "ggrrrgggrggggrgrrggrggrggrgggr": 1, "rgrrgggggrgrgrggrgrggrgggrgggg": 1, "rgrrggggrgrgrgggrrrrgrgggggrgr": 1, "ggrrrgggrggrggrgrrgrgggggrrggr": 1, "rggrggrgrgggrgrrgrggrrgggggrgr": 1, "rggrggggrggrggrrrrgggggggrrgrg": 1, "rgrrggggrgggrgrggggrrrrggggggg": 1, "rgrrggggrrgrgggrrrggggrgrrgggg": 1, "rgrrggggrrgrggggrrggggggrrrgrg": 1, "rggrggrgrgggrgrggggrrgrggrrggr": 1, "rgrrggggrrgrgggrrrgggggggrrggr": 1, "rgrrggggrrggggrgrrggggggrrrggg": 1, "ggrrrgggrgrggrggrrgrgggggrrggr": 1, "rgrrggggrrgrgggrrrggggggrrrggg": 1, "ggrrrgggrggrgrrggrgrgggggrrggr": 1, "ggrrrggrgggrggrgrrgrgggggrrggr": 1, "rgrrggggrggrggrggrgrrggggggrgr": 1, "ggrrrgrgrggrggrrgrgrrrggggrggg": 1, "ggrrggggrrgggggrrrgrgggggrrgrg": 1, "ggrgrggrggggggrrgrggrgggrrrggg": 1, "rggrggggggggggrrrrgrgggggrgggr": 1, "rgrggggrrggrgrrgggrggrgggrgggr": 1, "grgrggggrrgrgggrrrggggrggrgrrg": 1, "rggrgggrgrgrggggrrgrgggggrrggr": 1, "ggrgrgggrgrgrgggrrgrgggggrrggr": 1, "rgrrgggggrgrgrggrrgrgggggrgrgr": 1, "rgrrgggggrgrgrggrrgrgggggrrgrg": 1, "rgrrggggrgrgrgggrgggggggrrrggg": 1, "rgrrggggrgrgrgggrrgrgggggrgggr": 1, "rgrrggggrgggrggggrgrrggggggrgr": 1, "ggrrggggrggrggrggrrggggggrgrgr": 1, "rgrrggggrggrggrrgrgggggrgrrggr": 1, "rgrrggggrrgrgggrrrgggggrgrgggr": 1, "rggrggrggggrgrggrrgrgggggrrgrg": 1, "rgrrgggggggrggrgrrgrgggggrrggr": 1, "rgrrggggrrgrggggrrgrgggggrrggr": 1, "rgrrggggrrgrgrggrrgrgggggrrgrg": 1, "gggrggrrggggrrrggrgrgggggrrggr": 1, "rgrrggggrggrggrggrgrrggggggrgg": 1}, "qpu_dt": 57.264243602752686, "qpu_timestamp": 1700087592.609336}, "settings": {"time_points": [0, 2.5e-07, 2.75e-06, 3e-06], "amplitude_values": [0, 15700000.0, 15700000.0, 0], "detuning_values": [-20000000.0, -20000000.0, 20000000.0, 20000000.0], "phase_values": [0, 0, 0, 0], "blockade_radius": 8.04442268093887e-06, "n_site_max": 256, "C6": 5.42e-24, "x_min": 0, "y_min": 0, "R": 1.42, "factor": 5.665086395027374e-06}}