{"problem": {"instance_name": "UDMIS077EXT_N25_W1.0_R0.3.orig", "instance_data": [[0.0, 0.0], [0.0, 4.348336584291281e-06], [0.0, 8.696673168582562e-06], [0.0, 1.3045009752873843e-05], [4.348336584291281e-06, 4.348336584291281e-06], [4.348336584291281e-06, 8.696673168582562e-06], [4.348336584291281e-06, 1.7393346337165125e-05], [8.696673168582562e-06, 0.0], [8.696673168582562e-06, 4.348336584291281e-06], [8.696673168582562e-06, 8.696673168582562e-06], [8.696673168582562e-06, 1.7393346337165125e-05], [1.3045009752873843e-05, 0.0], [1.3045009752873843e-05, 4.348336584291281e-06], [1.3045009752873843e-05, 8.696673168582562e-06], [1.3045009752873843e-05, 1.7393346337165125e-05], [1.3045009752873843e-05, 2.1741682921456406e-05], [1.7393346337165125e-05, 0.0], [1.7393346337165125e-05, 4.348336584291281e-06], [1.7393346337165125e-05, 8.696673168582562e-06], [1.7393346337165125e-05, 2.1741682921456406e-05], [2.1741682921456406e-05, 4.348336584291281e-06], [2.1741682921456406e-05, 8.696673168582562e-06], [2.1741682921456406e-05, 1.3045009752873843e-05], [2.1741682921456406e-05, 1.7393346337165125e-05], [2.1741682921456406e-05, 2.1741682921456406e-05]]}, "meta": {"timestamp_start": 1700093116.391002, "timestamp_end": 1700093173.319653, "version": "1.1"}, "sim_result": {"sim_density": null, "sim_counts": null, "sim_dt": null, "sim_timestamp": null}, "qpu_result": {"qpu_density": [0.7272727272727273, 0.15, 0.22, 0.3, 0.030303030303030304, 0.030303030303030304, 0.48484848484848486, 0.24242424242424243, 0.13, 0.21, 0.1111111111111111, 0.19, 0.050505050505050504, 0.19, 0.12, 0.41, 0.41, 0.04040404040404041, 0.04, 0.08080808080808081, 0.31, 0.26262626262626265, 0.3434343434343434, 0.11224489795918367, 0.62], "qpu_counts": {"grggggrggrgggggrrggggrggg": 1, "rgggggrggrgrgggrggggrgrgr": 1, "ggggggrrggggggggrggggrggr": 1, "grggggggggrggggggggggrggr": 1, "rgrgggrrgggrggggggggrgggr": 1, "rgrgggrggggggrgrrgggggrgr": 1, "ggrgggrgggggggggggggrgggr": 1, "rggrgggggggrggggggggrgrgg": 1, "rgggggrggrgggggrggggrgrgg": 1, "rggggggrggggggggggggrgrgr": 1, "ggrgggrgrggggggrrggggrggr": 1, "rggrrggggggggrgrrgggggggr": 1, "grggggrgggrrgggrggggggrgr": 1, "rgggggrrgggggggrggggggrgg": 1, "rggrgggggggggggrrggggggrg": 1, "rrgrgggggrrggggggrggggggr": 1, "rggggrrggggggggggrgrggrgg": 1, "grgrgggrggrgggggrggggrggr": 1, "grggggrrgrgggggrggggrgggr": 1, "ggrgggrrgrgggggggrgrggggg": 1, "grgrgggrgggggrgggggggggrg": 1, "rggrggggggrrgggggggggggrg": 1, "rggrggrgggggggrggggrrgrgr": 1, "rggggggggrgrgggrggrgggggr": 1, "rrgrgggggggggggrgggggrggg": 1, "rggrgggggrgggggrgggggrggr": 1, "rggrrgggrggggggrrggggrggg": 1, "rggrgggggrgggggrggggrggrg": 1, "ggggrgrggggrgrggggggggrgg": 1, "grgggrgrrgrgggggrggggrggr": 1, "ggggggrggggggggrrgggggrgr": 1, "rgrgggggggrggrggrgggggrgr": 1, "ggrggggrgggggggrggggrggrg": 1, "rggrgggggggrggrggggggrggr": 1, "ggrgggrggrggggggrggggrgrg": 1, "rgrgggggggrgggggrgggggggr": 1, "gggggggggrgggggrrggggrggr": 1, "grgggggrgggggrgrggggrgrgr": 1, "rgrgggrgggggggggrggggrggr": 1, "rggrggggrgggggrgrggggrrgr": 1, "grggrgrrgggggggrrggggggrr": 1, "rgggggrggggrggggggggrgggg": 1, "rggrggggggggrggrggggrggrg": 1, "rgggggrggggggggrrggggrggr": 1, "grggggrgggggggggggggggrgg": 1, "rgggggrrgrggggggggggrgrgr": 1, "rggrgggrggrgggggrggggrggr": 1, "rgggggrggggggrgrrgggggrgr": 1, "rgggggrggggggrggggggrgrgr": 1, "rgggggrgggggrggggggrgrggg": 1, "rgggggggggggggrgrgggggrgr": 1, "rgggggrrgggggggrgggggrggr": 1, "rggrggggrgggggggrgggggrgr": 1, "rgggggggrgggggrgrgggggggr": 1, "rggggggggggggrggrgggggrgr": 1, "rgggggrggggggggrrgggggrgg": 1, "rggrgggggggrggrgggggrgggr": 1, "rggggggrggggggrgggggrgggr": 1, "rgrgggrrgggggrggggggrgggr": 1, "rggggggggggggrgrgggrggrgr": 1, "rggrggggrrgggggggggggrgrg": 1, "rgrgggggggrrggggggggrgrgg": 1, "rgggggrrgggggggrggrgggggr": 1, "rggrgggggrgrgggggggrrgggg": 1, "rgrgggrgggggggggggggrgggr": 1, "rgrggggrgggggrgrggggrggrg": 1, "rgrggggggggrggrgggggrgggr": 1, "rgggggrggggggrgrrggggggrr": 1, "rggrggggggggrgrgggggggrgg": 1, "ggggggrggrgggggrrgggggrgg": 1, "gggggrrrgggggrggggggggggr": 1, "rggrgggrggggggggrggrggrgg": 1, "rggggggggrgggggrrggggrggg": 1, "rgggggggrgggggggggggrggrg": 1, "rggrggggggrrggggggggrgrgr": 1, "grgrgggggggggrgrrgggggrgg": 1, "rgggggrggggggggggggggrggr": 1, "rgggggrgggggrgggggrrggrgg": 1, "rgggggrgggggggrgrggggrggr": 1, "rgrggggrggggggggggggrgggg": 1, "ggrgggrggrgggggrrggggrggr": 1, "grggggrrgggggggrrggggrggr": 1, "rggrgggrggggggrgrgggggrgg": 1, "rggrggggggggggggrgggggggr": 1, "rggrggggrggggggrrggggrggg": 1, "ggrgggggrggggggrggrgggggg": 1, "grgrgggggrgrrggrggggrgrgg": 1, "rgggggrggggrgggrggggrgggr": 1, "rgrgggrggggrggrrggggrgggr": 1, "rgggggrggrggggggrggrgggrg": 1, "rgggggrggrggggggggggggggr": 1, "rgggggggrgrgggggggggrgggr": 1, "ggrgggrgrggrrggggrggggggg": 1, "rgrgggrggrgrgggrgggggrggr": 1, "rgrgggrggggggrggrgggggrgr": 1, "rggrgggggggggrggrgggggrgr": 1, "rgggggrgrggggggrgrgggrggr": 1, "rggrggggggggggggggggrgrgr": 1, "rgggggrrgggggrggrgggggggr": 1, "rggggrrggggggrggrgggggggr": 1}, "qpu_dt": 56.92478060722351, "qpu_timestamp": 1700093116.392351}, "settings": {"time_points": [0, 2.5e-07, 2.75e-06, 3e-06], "amplitude_values": [0, 15700000.0, 15700000.0, 0], "detuning_values": [-20000000.0, -20000000.0, 20000000.0, 20000000.0], "phase_values": [0, 0, 0, 0], "blockade_radius": 8.04442268093887e-06, "n_site_max": 256, "C6": 5.42e-24, "x_min": 0, "y_min": 0, "R": 1.85, "factor": 4.348336584291281e-06}}