{"problem": {"instance_name": "UDMIS7TG_N30_W1.0_R0.1.orig", "instance_data": [[0.0, 0.0], [0.0, 5.362948453959247e-06], [0.0, 1.0725896907918495e-05], [5.362948453959247e-06, 2.6814742269796237e-05], [5.362948453959247e-06, 5.3629484539592474e-05], [1.0725896907918495e-05, 0.0], [1.0725896907918495e-05, 4.290358763167398e-05], [1.608884536187774e-05, 2.145179381583699e-05], [1.608884536187774e-05, 3.7540639177714733e-05], [1.608884536187774e-05, 6.435538144751096e-05], [2.145179381583699e-05, 1.0725896907918495e-05], [2.145179381583699e-05, 1.608884536187774e-05], [2.145179381583699e-05, 5.3629484539592474e-05], [2.6814742269796237e-05, 5.362948453959247e-06], [2.6814742269796237e-05, 4.826653608563322e-05], [3.217769072375548e-05, 4.290358763167398e-05], [3.7540639177714733e-05, 2.145179381583699e-05], [3.7540639177714733e-05, 4.290358763167398e-05], [4.290358763167398e-05, 5.362948453959247e-06], [4.826653608563322e-05, 0.0], [4.826653608563322e-05, 1.608884536187774e-05], [5.3629484539592474e-05, 5.362948453959247e-06], [5.3629484539592474e-05, 2.145179381583699e-05], [5.3629484539592474e-05, 3.7540639177714733e-05], [5.3629484539592474e-05, 5.899243299355172e-05], [6.435538144751096e-05, 1.0725896907918495e-05], [6.435538144751096e-05, 1.608884536187774e-05], [6.435538144751096e-05, 2.6814742269796237e-05], [6.435538144751096e-05, 5.3629484539592474e-05], [6.435538144751096e-05, 6.435538144751096e-05]]}, "meta": {"timestamp_start": 1698263913.592476, "timestamp_end": 1698264160.68126, "version": "1.0"}, "sim_result": {"sim_density": null, "sim_counts": null, "sim_dt": null, "sim_timestamp": null}, "qpu_result": {"qpu_density": [0.82, 0.09090909090909091, 0.85, 0.91, 0.9081632653061225, 0.898989898989899, 0.54, 0.75, 0.61, 0.9494949494949495, 0.21649484536082475, 0.29, 0.62, 0.797979797979798, 0.46, 0.16161616161616163, 0.93, 0.8282828282828283, 0.84, 0.0707070707070707, 0.42857142857142855, 0.9, 0.58, 0.8888888888888888, 0.83, 0.5555555555555556, 0.35, 0.95, 0.86, 0.9], "qpu_counts": {"rgrrrrgrrrrgrgrggrrggrrrrrggrr": 1, "rgrrrrgrrrrgrrggrrrgrrgrgrgrrr": 1, "rgrrrrrrgrggrrggrrrgrrrrrgrrrr": 1, "ggrrrgrrrrgrrrrgrrrgrrgrrrgrgr": 1, "rgrrrrrrgrgggrrgrrrrggrrrgrrrr": 1, "grgrrrrrgrggrrggrrrggrrgrrgrgr": 1, "rgrrrrrrgrggrrggrrrgrrrrrrgrgr": 1, "rgrrrrggrrgrrrggrrrggrrgrrgrrr": 1, "rgrrrgrrgrggrrggrrrgrggrrgrrrr": 1, "rgrrgrgrrrrgrgggrrrgrrgrrgrrgr": 1, "rggrgrrrrrgggrrgrrrgrrrrrgrrrr": 1, "rgrrrrgrrrrggrrgrrrggrrrggrrrr": 1, "rgrrrrgrrrgrrrggrrrgrrgrrgrrrr": 1, "rgrrrrrrrrrgrggrrgggrrgrrrgrrr": 1, "rgrgrrrrgrggrrggrrrggrrrrgrrrg": 1, "rgrrrggrrrgrgrrgrrrgrrrrrrgrrr": 1, "rgrrrrrrrrggrrggrrrggrgrgrgrrr": 1, "rggrrrgrrrgggrrgrrrggrrrrrrrrr": 1, "rgrrrrgrrrggrrggrrrggrrgrrgrrr": 1, "rgrgrrrrgrrgrrggrrrggrrrrrgrrr": 1, "rgrrgrgrgrgrrgggrrrgrrggggrgrr": 1, "gggrrrrrrgrggrrgrrrrggrrrrggrr": 1, "rgrrrrrggrggrrgrrrrgrrgrrrgrrr": 1, "rgrrrrrrgrgggrrgrrrggrgrrgrrrg": 1, "ggrrrrgrrrgrgrrgrrrggrgrrrgrrr": 1, "ggrrrggrrrgggrrgrrrggrrrrggrrr": 1, "rgrrrrgrrrgggrrgrrrggrrrrgrrrr": 1, "rgrrrgrggrgrgrrgrgrgrrgrrgrrrr": 1, "rgrrrrgrrrgrgrrgrrrggrrrrrgrrr": 1, "rgrrrrrrgrgrrrgrrrrgrrgrrgrrgr": 1, "rgrgrrgrrrrggrrgrrrggrrrrrgrrr": 1, "rgrrrrrrgrgrrgggrrggrrggggrrrr": 1, "rgrrrrrrgggrrrggrrrgrrgrrrgrrr": 1, "rgrrrrggrrgrgrrgrrrgrrgrgggrrr": 1, "rgrrrrggrrgrrrggrrgggrrrrrgrrr": 1, "rgrrrrrrrrggrrgrrgrggrrrrggrrr": 1, "rgrrrrggrrgrgrrgrrggrrgrggrrrg": 1, "rgrrrrgrgrgggrrgrrrggrrrrrrrrr": 1, "rgrrrrrrrrrggrrgrrrggrrrrrgrrr": 1, "rgrrrrgrrrrgrgrgrrggrrgrrrgrrr": 1, "grgrrrrrrgggrrgrrgggrrgrrggrrr": 1, "rrrrrrggrggrrrrgrrrggrrrrggrrr": 1, "ggrrrrrgrrgrrrgrrgrggrrrrrgrrr": 1, "rgrrgrrrgrgggrrgrrrggrrrrgrrrr": 1, "rgrrrrrgrrggrrggrrrggrrrrrgrrg": 1, "rggrrrrrrrrgrgggrrrggrrrrrgrrr": 1, "rgrrrrrrgrgggrrgrrrggrrrrgrrrr": 1, "rgggrrrrrrrgrrggrrrgrrgrrggrrr": 1, "rgrrgrrrgrggrrggrrrggrrrrrgrrg": 1, "grgrrrgggrgrrrgrrgrggrrrrggrrr": 1, "rgrrrrggrrgrrrgggrrggrrrrrgrgr": 1, "ggrrrrrggrgrrrrgrrgrrrgrrrgrrr": 1, "rgrgrrgrgrggrrgrrrrggrggrgrrrr": 1, "rggrrrrrrrggrrgrrgggrrgrrrgrrg": 1, "rgrgrrrgrrggrrggrrrggggrrrggrr": 1, "grgrrrrrrrggrrgggrrgrrrrgrgrrr": 1, "rgrrrrggrrggrrggrrrggrrrrgrrrr": 1, "rgrrrrrrgrggrggrrgrgrrgrrrggrr": 1, "rgrrrrgrrrrgrggrrggrggrrrrgrrr": 1, "rgrrrrrrgrrgrrrgrrrgrrggrgrrgr": 1, "ggrrrrgrgrggrrggrgrggggrrgrrrg": 1, "rgrrrrrggrgrgrrgrrrggrrrrgrrgg": 1, "rgrrrrgrrrrgrgggrrrgrrrrgrgrrr": 1, "grgrgrrrrgggrrgrggrggrrrrgrrrr": 1, "rgrrrrrrgrgggrrgrrrgrrgrrrgrrr": 1, "ggrrrrrrgrggrrggrrrggrrgrgrrgr": 1, "rgrrrrrrrrgrgrggrrgggrrrrggrrr": 1, "rgrrrrrrrrrgggggrrrgrrrrgrgrrr": 1, "rgrrrggrrrrgrgrgrrrggrrrrggrrr": 1, "rgrrrrgrgrrgggrrrgrgrrrggrgrrr": 1, "rgrrrgrrgrggrrggrrgrrggrrrgrrr": 1, "rgrrrrrggrgrgrrggrrgrrgrrgrrrr": 1, "rrrrrrrrrrrgrrgrrgrgggrrgrgrrr": 1, "rgrrrrgrrrggggrgrrrggrrrrrgrrr": 1, "rgrrrrggrrgrrrrgrrggrrgrrgrrrg": 1, "rgrrgrgrrrgggrrgrgrggrrrrrgrrr": 1, "rgrrrrrgrrgrgrrgrrrgggrgrrgrrr": 1, "rggrrrrggrgrgrrgrrrggrrrrgrrrr": 1, "grggrrrggrggrrggrrgrrggrrrgrrr": 1, "rgrrrrrrgrrgrggggrgggrrrrgrrgr": 1, "rgrrrrgrgrrgrrggrrrgrrgrrggrrr": 1, "ggrgrrgrrrggrrrgrrggrrrrggrrrr": 1, "rgrrrrrggrggrrggrrrggrrrrrgrrg": 1, "rgrrrrrrrrgggrrgrrrgrrgrgrgrrr": 1, "grgrrgrrgrrgrgggrrrrgrrrrrgrrr": 1, "rgrrrrgrrrgrgrrggrrrgrgrrgrrrr": 1, "rgrrrrgrrrgggrrgrrrggrrrgrgrrr": 1, "rgrrrrgrrrgrgrrgrrrgrrggrgrrrr": 1, "rgrrgrgrrrgggrrgrrrgrrgrrrgrrr": 1, "rgrrrrrrgrggrrggrrrggrrrrggrrr": 1, "rgrrrrggrrgrggrgrrrgrrgrrgrrgr": 1, "rgrrrggrrrrgrggrrgrggrrrgrgrrr": 1, "grgrrrggrrggggrgrrrgrrgrrrgrrr": 1, "rgrgrrgrrrggrrggrrrggrrrgrgrrr": 1, "rgrrrrgrrrggrrgrrgrggrgrrrgrgr": 1, "rgrrrrggrrgrrrrgrrggrrgrrrgrrr": 1, "rgrrrrggrrrgggrgrrrggrrrrrgrrr": 1, "rgrrrgrrgrgggrrgrrrgrrgrrgrrgr": 1, "rgrrrrrrrrggrrggrrrggrrrrrgrgr": 1, "ggrrgrrrgrggrrgrrgrgrrrrrrgrrr": 1}, "qpu_dt": 247.0833191871643, "qpu_timestamp": 1698263913.595001}, "settings": {"time_points": [0, 2.5e-07, 2.75e-06, 3e-06], "amplitude_values": [0, 15700000.0, 15700000.0, 0], "detuning_values": [-20000000.0, -20000000.0, 20000000.0, 20000000.0], "phase_values": [0, 0, 0, 0], "blockade_radius": 8.04442268093887e-06, "n_site_max": 256, "C6": 5.42e-24, "x_min": 0, "y_min": 0, "R": 1.5, "factor": 5.362948453959247e-06}}