{"problem": {"instance_name": "UDMIS042EXT_N25_W1.0_R0.2.orig", "instance_data": [[0.0, 0.0], [0.0, 5.665086395027374e-06], [0.0, 1.1330172790054747e-05], [0.0, 2.2660345580109495e-05], [0.0, 2.8325431975136868e-05], [5.665086395027374e-06, 0.0], [5.665086395027374e-06, 5.665086395027374e-06], [5.665086395027374e-06, 1.1330172790054747e-05], [5.665086395027374e-06, 1.699525918508212e-05], [5.665086395027374e-06, 2.2660345580109495e-05], [1.1330172790054747e-05, 0.0], [1.1330172790054747e-05, 5.665086395027374e-06], [1.1330172790054747e-05, 1.699525918508212e-05], [1.1330172790054747e-05, 2.2660345580109495e-05], [1.1330172790054747e-05, 2.8325431975136868e-05], [1.699525918508212e-05, 0.0], [1.699525918508212e-05, 1.699525918508212e-05], [1.699525918508212e-05, 2.2660345580109495e-05], [2.2660345580109495e-05, 5.665086395027374e-06], [2.2660345580109495e-05, 1.1330172790054747e-05], [2.2660345580109495e-05, 2.2660345580109495e-05], [2.2660345580109495e-05, 2.8325431975136868e-05], [2.8325431975136868e-05, 5.665086395027374e-06], [2.8325431975136868e-05, 1.699525918508212e-05], [2.8325431975136868e-05, 2.2660345580109495e-05]]}, "meta": {"timestamp_start": 1700092540.708399, "timestamp_end": 1700092598.245278, "version": "1.1"}, "sim_result": {"sim_density": null, "sim_counts": null, "sim_dt": null, "sim_timestamp": null}, "qpu_result": {"qpu_density": [0.7272727272727273, 0.08, 0.6428571428571429, 0.16161616161616163, 0.78, 0.15151515151515152, 0.06, 0.08, 0.27, 0.050505050505050504, 0.1111111111111111, 0.4, 0.2222222222222222, 0.05, 0.82, 0.6161616161616161, 0.64, 0.03, 0.2, 0.12, 0.04, 0.84, 0.6565656565656566, 0.64, 0.17], "qpu_counts": {"rgrgrgggrgrgggrggggggrrrg": 1, "rgrrgggggggrggrgrgrggrggr": 1, "rgrrggggggggggrgrgrggrgrg": 2, "grggrgggrggrggggrgrggrgrg": 1, "grggrgggrgggggrrrggggrrrg": 1, "rgrgrgggrrgrggrrrggggrrgg": 1, "ggrgrrgggggrrgrgggrggrgrr": 1, "rgggrggggrgrgggrrgggggrgr": 1, "rgrgrgggrggrggrgrggggrrrg": 1, "rgrgrggggggrrgrrgggrgrrgg": 1, "rgrrrgggggrgggrgrgrggrgrg": 1, "grggrrgrgrgggggrrrggrrgrg": 1, "rgrgrgggggggggrrrggggrrrg": 4, "grggggggrggrggrgrgrggrgrg": 1, "rgggrggrgggggggrrggggrgrg": 1, "rgrgrgggggrgggrgrggggrrrg": 1, "rgrgrggggggrggrrrggggrrrg": 4, "rgrgrgggggggrgrrgggrrgrgg": 1, "ggggrrggrgggggrrrggggrrrg": 2, "rgrgrggggggrrgrrgggggrrrg": 1, "ggggrrggrgggggrrrggggrgrg": 1, "rggrggrgrgggggrgrgrggrggr": 1, "rgggrgggrgggggrgrgggggrgr": 1, "rgrrggggggggggrrrggggrrrg": 1, "rgrgrgggggrgrgrggggrgrggg": 1, "ggrgrgggggggggrrrggggrrrg": 1, "rgrgrggrgggrrgrrgggggrggg": 1, "rgrggggggggrgggrrggggrrrg": 1, "rgrgggggggggggrrgggggrrrg": 1, "gggrrrgrggggggrrrggggrrrg": 1, "ggrgrgggrgrgggrggggggrrrg": 1, "rgggrgrgggggrgrrggggggrgr": 1, "ggrgrrggggggggrrgggggrrrg": 1, "rgggggggrgggggrrrggggrrrg": 1, "rgggrggrggrgggrgrggggrrgg": 1, "rgrgrggggggrrgrrgggggrrgg": 1, "rgrgrggggggrggrrrggggrgrg": 1, "rgggrgrgrggggggrrgrggrggg": 1, "rgrrgggggggrggrrrggggrrrg": 1, "rrrgrggggggrggrrgggggrrrg": 1, "ggrgrgggggggrgrrgggggrrgr": 1, "rgggrgggrggrggggrgrggggrg": 1, "rgrgrgggggggrggrgrgrggggr": 1, "rgrgrgggggggrggrgggrgrgrg": 1, "rgrgrggggggrrgrggggggrrrg": 1, "ggrgrrgggrggggrgrggggrgrg": 1, "rgggrgggrgggggrrgggrggggr": 1, "rgggrgggrrgrggrrrgggggrgr": 1, "rggrggggrggrggrgrggggrrrg": 1, "rgrgrggggggrggrrgggrgrrgg": 1, "rggrggggrggrggrrrgggggrgr": 1, "rgrgrgggggggrgrggggggrrrg": 1, "ggrrgrgggggrrrgrrggggrrgg": 1, "rgggrggrggggrggrrggggrgrg": 1, "rgrgrggggggrggrgrggggrrrg": 2, "rgggrgggrgggggrrrggggrgrg": 1, "rgrgrggggggrggrrgggggrrrg": 1, "ggggrrggggggggrrrggggrrrg": 1, "ggrrggggrggrggrggggggrrgg": 1, "ggggrgggrgggggrrrggggrrrg": 1, "rgrgrgggrggrggrgggrggrgrg": 1, "ggrgrggggggggrggrgrggrrrg": 1, "rggggggggggggrgrgggrrgggg": 1, "grggggggrgggggrgrgrggrgrg": 1, "rgrgrggggrgrggrrrggggrrgr": 1, "ggrgrrggrgggggrrrgggggrgr": 1, "rgrgrrgggggrggggrgrggrggg": 1, "rggrgggrggggggrrrggggrrrg": 1, "rgrgrgggggrggrgggggrrgggg": 1, "grggrrggggggrggggggrgrrgr": 1, "rrggrggggggrggrgrgrggrgrg": 1, "ggggrgggggrggrggrgrggrgrg": 1, "rgrrggggggggggrrrgrggrgrg": 1, "rgrgrrgggggrrgrrgggggrrrg": 1, "rgrrggggggrgggrggggggrrrg": 1, "ggrgrrggggggggrrrggggrrrg": 1, "rgrgrgggrggrggrgrggggrggg": 1, "rgrggggggggrrggrgggrggrgg": 1, "rgrrgggrrgggggrgggggggrgr": 1, "rgrgrgggggrgggrrrggggrrrg": 1, "rgrgrggggggrggrgrggggrrgg": 1, "rgrgrgggggggggrgrggggrrgg": 1, "rgrgrgrgggggggrrggrggrggg": 1, "rgggrgggggrgrgrggggggrggr": 1, "rgrgrggggggrrgrrggrggrrrg": 1, "ggrgrrggggggrgrrgggggrrrg": 1, "rgrrggggggggggrrrggggrrgr": 1, "ggggrgrgggggrgrrgggggrrrg": 1, "ggggrgrgggrgggrrrgggggrrg": 1, "rgggrggggggrggrgrgrggrggg": 1, "rgrgrgggggggrgrrgrgrggrrg": 1}, "qpu_dt": 57.53274416923523, "qpu_timestamp": 1700092540.709806}, "settings": {"time_points": [0, 2.5e-07, 2.75e-06, 3e-06], "amplitude_values": [0, 15700000.0, 15700000.0, 0], "detuning_values": [-20000000.0, -20000000.0, 20000000.0, 20000000.0], "phase_values": [0, 0, 0, 0], "blockade_radius": 8.04442268093887e-06, "n_site_max": 256, "C6": 5.42e-24, "x_min": 0, "y_min": 0, "R": 1.42, "factor": 5.665086395027374e-06}}