{"problem": {"instance_name": "UDMIS015EXT_N40_W1.0_R0.2.orig", "instance_data": [[0.0, 0.0], [0.0, 2.5742152579004385e-05], [0.0, 3.217769072375548e-05], [6.435538144751096e-06, 0.0], [6.435538144751096e-06, 1.2871076289502192e-05], [6.435538144751096e-06, 1.9306614434253288e-05], [6.435538144751096e-06, 3.217769072375548e-05], [6.435538144751096e-06, 3.8613228868506576e-05], [1.2871076289502192e-05, 6.435538144751096e-06], [1.2871076289502192e-05, 1.2871076289502192e-05], [1.2871076289502192e-05, 2.5742152579004385e-05], [1.2871076289502192e-05, 3.8613228868506576e-05], [1.2871076289502192e-05, 4.5048767013257676e-05], [1.9306614434253288e-05, 0.0], [1.9306614434253288e-05, 6.435538144751096e-06], [1.9306614434253288e-05, 1.2871076289502192e-05], [1.9306614434253288e-05, 1.9306614434253288e-05], [1.9306614434253288e-05, 3.217769072375548e-05], [1.9306614434253288e-05, 3.8613228868506576e-05], [2.5742152579004385e-05, 0.0], [2.5742152579004385e-05, 1.2871076289502192e-05], [2.5742152579004385e-05, 3.217769072375548e-05], [2.5742152579004385e-05, 3.8613228868506576e-05], [2.5742152579004385e-05, 4.5048767013257676e-05], [3.217769072375548e-05, 6.435538144751096e-06], [3.217769072375548e-05, 1.2871076289502192e-05], [3.217769072375548e-05, 3.217769072375548e-05], [3.8613228868506576e-05, 0.0], [3.8613228868506576e-05, 6.435538144751096e-06], [3.8613228868506576e-05, 1.2871076289502192e-05], [3.8613228868506576e-05, 1.9306614434253288e-05], [3.8613228868506576e-05, 3.217769072375548e-05], [3.8613228868506576e-05, 3.8613228868506576e-05], [3.8613228868506576e-05, 4.5048767013257676e-05], [4.5048767013257676e-05, 0.0], [4.5048767013257676e-05, 1.2871076289502192e-05], [4.5048767013257676e-05, 1.9306614434253288e-05], [4.5048767013257676e-05, 3.217769072375548e-05], [4.5048767013257676e-05, 3.8613228868506576e-05], [4.5048767013257676e-05, 4.5048767013257676e-05]]}, "meta": {"timestamp_start": 1700089717.263135, "timestamp_end": 1700089775.345524, "version": "1.1"}, "sim_result": {"sim_density": null, "sim_counts": null, "sim_dt": null, "sim_timestamp": null}, "qpu_result": {"qpu_density": [0.74, 0.66, 0.29292929292929293, 0.1717171717171717, 0.6262626262626263, 0.28, 0.11, 0.5858585858585859, 0.6262626262626263, 0.08, 0.66, 0.030303030303030304, 0.81, 0.1717171717171717, 0.21, 0.08, 0.6666666666666666, 0.58, 0.2, 0.61, 0.58, 0.14, 0.06, 0.82, 0.31, 0.22, 0.7676767676767676, 0.17, 0.22, 0.04, 0.6060606060606061, 0.08080808080808081, 0.29591836734693877, 0.23, 0.7857142857142857, 0.68, 0.1717171717171717, 0.79, 0.09183673469387756, 0.68], "qpu_counts": {"grrgrggrgrggrgrgrrrgggrgrgrgggrgggrrgrgr": 1, "rrggrgggggrgrrggrrggrggrrgrgggrggrrrggrg": 1, "rgrggrgrrgrgrrgggrggrggrggrgrgrgrgrggrrg": 1, "grgrrggrggrgrggrrggrgrgrggggggrgrgrrgrgr": 1, "rrrgrrgrrgrgrrggggrgrgggrgggggrrgrrrggrg": 1, "rrggrggrggrggggrgggggggrrrrgggrgrgrrgrgr": 1, "rgrgrgggrgggrgggrrgrgggrggrgrgggggrrrrgr": 1, "rrggrggrrgrgggggggggrgrgrgggggrgggrrgrgr": 1, "rgrggrgrrggggrggrrggrggrggrgggrgggrrgrgr": 1, "rgrgrggrrgrgggggrrggrggrrgrgggrgggrrgrgr": 1, "rrggrggrrgrgrggggrgrrggrggrgggrgrgrggggr": 1, "rgrggrggrgggrgggrrgrrggrgggrggggrggrgrgr": 1, "rrggrgggrgrggrgggrggrggrggrgggrggrrrgrgg": 1, "rgrggrgrrgrgrggggrgrrggrggrgggrgggrrgrgr": 1, "rrggrggrrgrgrgggrgrrgrgrggggggrrgrrrggrg": 1, "grgrrgggrgrgrggrggrggrgggggggggrggrrrgrg": 1, "rrrggrggggggrgrgrrgggggrgrggrggggggrgrgg": 1, "rrggrgggggrgrgggrgrgrggrrgrgggrgggrrgrgr": 1, "rrggrgrgggggrgggrggrrggrrgrgggrgggrrgggr": 1, "rrggrggrrgrgrggggrgrrggrrgrgggrgggrrgrgg": 1, "ggrrgrgrrgggrgggrrgrgggrgrrgggggggrgrrgr": 1, "rrgggrggrgrgrgggrggrrggrggrrggrggggrgrgr": 1, "rrggrggrrgrgrggggrggrggrggrrggrggggrrrgr": 1, "rrgggrgggrggrgggrrgggggrgrrgggrggrrggrgg": 1, "rrggrgrgrgggggggrgrrrggrggrgrgrggrrrggrg": 1, "rrggggrggggggrggrgggrggrggrgrgggggrggrgr": 1, "rrggrgrrrgggrrggrrgggggrrgrggrgggrrgrrgg": 1, "gggggrgrrggggggggrgrrggrggrgrgrgggrggrgg": 1, "rrggrggrggrgggrgrrgrgggrgrrgrgggggrgrrgr": 1, "rgggrggrrgrgrgggrrgrrgggggrgggggggrrgrgr": 1, "rrgggggrrgggrgggrrgrrggrggggggrggrrrgrgg": 1, "rrgggrgrggggrrggrrgggggrrgrgggrgggrrgrgr": 1, "ggrggrggrgrgrggggrgrrggrggrrggrgrgrrgrgr": 1, "rrggrgggrgrgrggggrgrrggrrgrgggggrgrgrggr": 1, "rrggrgggggrgrgrgrggrgggrgrrgggrgggrrgrgr": 1, "ggrrgggrrgrgrgggrrgrrgrgggggggrggrrrgggg": 1, "rgrgrggrrgrgrggggrgrgggrrgrgggggrgrggrgr": 1, "rrgggrgrrgrgrgggrrgrrggrggrgrgggrgrgrrgr": 1, "rrggrggrggrgggggrggrgggrgrrgrgggrgrrgrgr": 1, "rgggrgrgrgggrgggrrgrrggrggrggrggggrgrrgr": 1, "rgrgrgggggrgrrgrgggggggrrgrrggrggrgrgrgg": 1, "grggrggrrgggrgggrrgrrgggrgrgggrgrgrrgrgr": 1, "rrgggggrgrrgrggggrggrggrggrgrgrgrggrgrgr": 1, "rgrgrggrrgrgrggggggrgrgrggggggrrggrrgrrr": 1, "rrggrgggggrgrgrgrgrrgggrgrrgrggrggrgrrgr": 1, "rggggrgrrgrgrggrggrrgggrgrrggggggrrgrgrg": 1, "rrggrgggrgrrrggrgrgrggrggrrgrgggggrrgrgr": 1, "ggrrrrggggggrgrgrrgggggrrgggggrgrgrrgggr": 1, "rgrgrgggrgrgrggggrgrrggrggrgggrgggrrgrgr": 1, "rrggrggrggrgrrggrggggrgrgrgggggrggrgrgrg": 1, "rrggrgggrgrgrgggrrgrgggrgrrgggggggrrgrgr": 1, "grgggggrrgggrrggrrggrggrrgrgggggggrgrrgr": 1, "ggrrgrgrrrrgrrrggrgggggrgrrrgggggggrgrgr": 1, "rgggrgrgrggrgrgrggrggrgrgrgggggggggrgrgg": 1, "grggrggrrgrgrgggggggrggrggrgggggggrgrrgr": 1, "rrggrggrggggrgggggrgrrgrggrrggrgrggrgrgr": 1, "grgrrggrggrrrgrggrgrrggrggrgrgggggrrgrgr": 1, "rrgggrgrgrggrgrgrggggggrrgrgggrgrgrrgrgr": 1, "rrggrgggrgrgrgggrrgrrgggggrgggrgrgrrgggg": 1, "grggggggrgrgrggrgrgrgggrrgrgggrgrgrrgggr": 1, "ggrrgrgrrrrgrgggrrgrgggrggrrgggggggggrgr": 1, "rrggrggrrgrgrrggrrggrggrggrgrgrggrrrgrgg": 1, "rgggrgggrgrgggggrggrgggrgrrgrgggggrggrgr": 1, "ggrrrgggggggrgrgrgrrggrggggrggggrgrrgrgr": 1, "ggrrgrgggrrgrggggggrrggrrgrgggggggrgrrgg": 1, "rrggrggrrgrgrgggrgrgrrgrggggggrgrgrrgggr": 1, "rrggrggrggrgrgrgrggggggrrgrgggggrgrgrrgr": 1, "grgrrggrrgrgrggggggrrrgrgggrggrgrggggrgr": 1, "rgrggggrgrggrgrgrggrrrgrggggrrrgggrggrgr": 1, "rgrgggggggrgggrgrrrrgrgrgrrgggggggrrgrgr": 1, "rrggrgggrgrgrgggrrgrrgggggrgrgrgrggggggr": 1, "rrggrggrggrgrgrgrggrgggrgrrgggggrggrgrgr": 1, "rgrggrgrrgggggggrgrrrggrggrgrgrgrrrrgrgg": 1, "grgrgggrggrgrgrgrrgrgggrgrrgggrgggrggrgr": 1, "rrgggggrrgggrgggrrgrrgggggrgggggrgrrgrgg": 1, "grgrrgrgrgggrgggrrgrrggrggrgggrgggrrgrgr": 1, "rrgggrggggrgrgrgrggrrrgrggggrgrgrgrggrgr": 1, "rrggrggrrgggrrggrrggrggrggrgggrggrgrgrgg": 1, "rrggrggrggrgrgggrrgrrggrggrgggrgrrrggrgr": 1, "rrgggrgrrgrgrgggrgrrgrgrrggrggrrgrrrggrg": 1, "ggrgrgggrgrgrgggrrgrgggrrggggrgggrrgrgrg": 1, "rrggrggrggrgrgggrrgggggrgrrggggggrgrgrgg": 1, "rrggrggrrgrgrgggrrggrggrrgrrggrggggggggr": 1, "gggrggggrgggrrggggrgrgggrgrrggrgrggggrgr": 1, "rrggrgggrgggrgggrrgrrgggggrgggrgrrrggrgr": 1, "rrgggrrgrgrgrgggrggrrrgrggggrgrggrrrgrgg": 1, "grgrrggrrgrgrgrgrrgrgggrgrrrggrrgggrgrgr": 1, "rggggrgrrgrgrgggrrgrrgggggrgrgrgggrrgrgr": 1, "rgrggrggrgrgggggggrgrggrrgrgggrgrgrrgrgr": 1, "ggrrgrggggggrgrgrgrgrggrrgrgggrggrrrgrgg": 1, "rrggrggrggrgrgrggrggrgggrgrrggrggrgrrrgg": 1, "grgrrggrggggrgggrrgrgggrggrgrgrgggrrgggr": 1, "grggrggrrgrgrgggrggggggrrgggggrrggrrgggr": 1, "rrrggrgrggggrgggrrgrrggrgrrrgggggggrgrgr": 1, "rrggrggrrgrgggggggrrrggrrgrgggggggrrgrgr": 1, "rrgrrgrgggggrgrgrrgrgggrggrrgggggggrgrgr": 1, "rrggrggrrgrggrggrgrrrggrggrgggrgggrrgrgg": 1, "rrrgrgrgggrgrgrgrrgrgggrgrrgggrgggrggrgr": 1, "rgrgrggrrgrggggggggrrgggggggggggrgrrgrgr": 1, "rggggrrgrggrgrggrgggrgrgrgrggggggrrrgrgg": 1}, "qpu_dt": 58.07617378234863, "qpu_timestamp": 1700089717.264817}, "settings": {"time_points": [0, 2.5e-07, 2.75e-06, 3e-06], "amplitude_values": [0, 15700000.0, 15700000.0, 0], "detuning_values": [-20000000.0, -20000000.0, 20000000.0, 20000000.0], "phase_values": [0, 0, 0, 0], "blockade_radius": 8.04442268093887e-06, "n_site_max": 256, "C6": 5.42e-24, "x_min": 0, "y_min": 0, "R": 1.25, "factor": 6.435538144751096e-06}}