{"problem": {"instance_name": "UDMIS005EXT_N25_W1.0_R0.2.orig", "instance_data": [[0.0, 0.0], [0.0, 6.435538144751096e-06], [0.0, 1.2871076289502192e-05], [0.0, 1.9306614434253288e-05], [6.435538144751096e-06, 6.435538144751096e-06], [6.435538144751096e-06, 1.2871076289502192e-05], [6.435538144751096e-06, 2.5742152579004385e-05], [1.2871076289502192e-05, 0.0], [1.2871076289502192e-05, 6.435538144751096e-06], [1.2871076289502192e-05, 1.2871076289502192e-05], [1.2871076289502192e-05, 2.5742152579004385e-05], [1.9306614434253288e-05, 0.0], [1.9306614434253288e-05, 6.435538144751096e-06], [1.9306614434253288e-05, 1.2871076289502192e-05], [1.9306614434253288e-05, 2.5742152579004385e-05], [1.9306614434253288e-05, 3.217769072375548e-05], [2.5742152579004385e-05, 0.0], [2.5742152579004385e-05, 6.435538144751096e-06], [2.5742152579004385e-05, 1.2871076289502192e-05], [2.5742152579004385e-05, 3.217769072375548e-05], [3.217769072375548e-05, 6.435538144751096e-06], [3.217769072375548e-05, 1.2871076289502192e-05], [3.217769072375548e-05, 1.9306614434253288e-05], [3.217769072375548e-05, 2.5742152579004385e-05], [3.217769072375548e-05, 3.217769072375548e-05]]}, "meta": {"timestamp_start": 1700089832.199296, "timestamp_end": 1700089890.132728, "version": "1.1"}, "sim_result": {"sim_density": null, "sim_counts": null, "sim_dt": null, "sim_timestamp": null}, "qpu_result": {"qpu_density": [0.8181818181818182, 0.07, 0.35353535353535354, 0.55, 0.19, 0.22448979591836735, 0.76, 0.76, 0.11, 0.47, 0.15, 0.1326530612244898, 0.15151515151515152, 0.34, 0.31, 0.5656565656565656, 0.7373737373737373, 0.050505050505050504, 0.36363636363636365, 0.14, 0.74, 0.09, 0.7653061224489796, 0.10101010101010101, 0.76], "qpu_counts": {"rgrgggrggrggggrgrgrgrgrgr": 1, "rggggrrrggggrggrrggggrgrg": 1, "rgggrgrrggggggrgrgrrggrrg": 1, "rggrrgrggrgrgggrggrgrgrgr": 1, "grgrggrrgrgggggrrgrgggrgr": 1, "rgrgggrrggggrgrgrgggrgrgr": 1, "rggrgrgrggrggggrrgrgrgrgr": 1, "rggrgggrggrgggggrgrrggrgg": 1, "rgrgggrrgggggrrgrgggrgrgr": 1, "rgrgggrrgrgggggrrgrgrgrgr": 2, "rgrgggrrgrggrgggggggrgrgr": 1, "rggrrgrrgrggggrgrgrrrgrgg": 1, "grgrggrrgrgggggrgrgggrgrg": 1, "ggrrrgrggggrgggrgrggrgggr": 1, "gggggrrgrgrrgrrrggggrgrgr": 1, "ggrgggrrgrggggrgrgrgrgrgr": 1, "gggrgrgrgggggggrrrggrgrgr": 1, "rggrggrrggggggrgrgggrgrgr": 1, "rggrgrgrggrggrggggggrgrgg": 1, "rgrgggrrgrggggggrgrgrgrgr": 1, "rgrgggrrgrggggrgggggrgrgr": 1, "rggrggrrgrggrggrrgrgrgrgr": 1, "rggrgrrrgggggrgrrggggrggr": 1, "rggrrgrrgggggrggrggrgrgrg": 1, "rggrrgrrgrggggrgrgrgrgrgr": 1, "rgrgggrrgrgggggrrgrgrgggr": 1, "gggrrgrrgggrgrrgrgggrgrgr": 1, "rgrgggrrgrggggrgrgggrgrgr": 1, "ggrgggrgrrggrrgrgggggrggr": 1, "rggrgrrrgggggrgrggggrgrgr": 1, "rggrggrrgrggggrrrgggrgrgr": 1, "rggrgrrgrgggggrgrgggrgrgr": 1, "rggrgggrgrrggggrggrgrgggr": 1, "rggrggrrgrggggrgrgrgrgggg": 1, "ggrgggggrggggrrgrggrgrggg": 1, "rgrgggrrgrggrggrrgggrgrgr": 1, "rggrggrrgrgggggrrgrggggrg": 1, "rgggggrrrgggggggrgrrrggrg": 1, "rgrgggrrgrgggggrrgggrgrgr": 2, "rgrgggrrgrggggrgrgggrgrgg": 1, "grggggrrgggggrrrrggrrgrgr": 1, "rggrrggggrgrgggrggggrgrgr": 1, "ggrgrgggggrrrrggggrgggggg": 1, "rggrggrgggggrgrgrgggggrgr": 1, "rggggrgrgggggrgrrgggrgrgr": 1, "rggrgggrgrrgrggrggrgrgrgr": 1, "rgggggrrgggggrgrggggrgrgr": 1, "rggrggrrgggggrgrrgggrgrgr": 1, "gggrrgrggggggggrrgggrgrgr": 1, "rrggrrggrggrgrrggggrgrggg": 1, "rgrgggrggrgrgggrggggrgrgr": 1, "rggrgggrgrggrggrrgggggrgr": 1, "gggrgggrggrgrggrrgggrgrgr": 1, "rgrgggrrgggrgrggrrrrrgrrr": 1, "rggrgrrrgggggrrgrggrggrgg": 1, "rgrgggrggrgrgggggggrrgrgg": 1, "rgggggrrgggggrrgrgggrgrgr": 1, "rgrrggrrgggggrrgggggrgrgr": 1, "rggrrggrgrrggggrggrgrgrgr": 1, "rrrggrrgrggggrrgggggrgggr": 1, "rggrgggrgrrrgggrrgggrgrgr": 1, "rggrgrrrgggggrgggrggggrgr": 1, "grgrggrrgggggggrrgggrgggr": 1, "rggrrggrggrggrgrrgggrgrgr": 1, "rggrggrrgggggrrgrgggrgrrr": 1, "rggrgggrgrgggggrrgrgrgggr": 1, "rggrgrrrggggrgrgrggrrgrgg": 1, "rggrrgrrgggggggrrgrgggrgr": 1, "rgrgggrrgrgggggrrgrgrgrgg": 1, "rggrgrrrgggggrgrrgggrgrgr": 2, "rggrggrrggggrgrgrgggggrgr": 1, "rgrgggrrgrgggggrrgrgggrgr": 1, "rggrggrrgrggggrgrgrgrgrgr": 1, "rggrgrrgrggggrgrrgggrgrgr": 1, "rggrggrggrggggrgrgggrgrgr": 1, "rgrgrgrrgrggggggrgrgrgggg": 1, "rgrggggrgggggrgrrgggrgggr": 1, "rggrggrggrgggggrrgrgrgrgr": 1, "rgrggggrggrggggrrgrgrgrgr": 1, "ggggggrrgrgggrgrrggggrrrg": 1, "rggrgrrrgggggrggrggrrgrgg": 1, "rggggrrgrggggggrrgrgggggr": 1, "rggrggrrgggggrggrggrgggrg": 1, "rggrrgrrgggggrggrgggrgggr": 1, "rggrggrrgrgggggrrgggrgrgr": 1, "rggrgrrggggrgrgrggggrgrgr": 2, "ggrggggrgrgrrggrggrgggrgr": 1, "rrrrrgrggrggrggrrgrgrgrrg": 1, "rgrgggrrgrgggggrrgggrrrgr": 1, "ggrggggrgrggrgrgggrgrgrgg": 1, "rgrggrrgrggrggrgrrggggggr": 1, "rggrgggrgrrgggggrgrgggrgr": 1, "ggrgrgrrgrrggggrrgrgrgrgr": 1, "rggrgrgrggrggggrggrgggrgr": 1, "rgrggggggrgggggrrgggrgrgr": 1, "rgggrrrrrggggrgrrgggrgrgr": 1}, "qpu_dt": 57.929553508758545, "qpu_timestamp": 1700089832.200605}, "settings": {"time_points": [0, 2.5e-07, 2.75e-06, 3e-06], "amplitude_values": [0, 15700000.0, 15700000.0, 0], "detuning_values": [-20000000.0, -20000000.0, 20000000.0, 20000000.0], "phase_values": [0, 0, 0, 0], "blockade_radius": 8.04442268093887e-06, "n_site_max": 256, "C6": 5.42e-24, "x_min": 0, "y_min": 0, "R": 1.25, "factor": 6.435538144751096e-06}}