{"problem": {"instance_name": "UDMIS040EXT_N25_W1.0_R0.2.orig", "instance_data": [[0.0, 5.665086395027374e-06], [0.0, 1.1330172790054747e-05], [0.0, 1.699525918508212e-05], [5.665086395027374e-06, 5.665086395027374e-06], [5.665086395027374e-06, 1.1330172790054747e-05], [5.665086395027374e-06, 1.699525918508212e-05], [5.665086395027374e-06, 2.2660345580109495e-05], [5.665086395027374e-06, 2.8325431975136868e-05], [1.1330172790054747e-05, 0.0], [1.1330172790054747e-05, 5.665086395027374e-06], [1.1330172790054747e-05, 1.1330172790054747e-05], [1.1330172790054747e-05, 1.699525918508212e-05], [1.1330172790054747e-05, 2.8325431975136868e-05], [1.699525918508212e-05, 1.1330172790054747e-05], [1.699525918508212e-05, 2.2660345580109495e-05], [1.699525918508212e-05, 2.8325431975136868e-05], [2.2660345580109495e-05, 0.0], [2.2660345580109495e-05, 5.665086395027374e-06], [2.2660345580109495e-05, 1.1330172790054747e-05], [2.2660345580109495e-05, 1.699525918508212e-05], [2.2660345580109495e-05, 2.2660345580109495e-05], [2.2660345580109495e-05, 2.8325431975136868e-05], [2.8325431975136868e-05, 0.0], [2.8325431975136868e-05, 5.665086395027374e-06], [2.8325431975136868e-05, 2.8325431975136868e-05]]}, "meta": {"timestamp_start": 1700089890.133624, "timestamp_end": 1700089946.680487, "version": "1.1"}, "sim_result": {"sim_density": null, "sim_counts": null, "sim_dt": null, "sim_timestamp": null}, "qpu_result": {"qpu_density": [0.77, 0.08163265306122448, 0.7, 0.03, 0.06060606060606061, 0.12, 0.08080808080808081, 0.79, 0.76, 0.16, 0.19, 0.41414141414141414, 0.030303030303030304, 0.16161616161616163, 0.09, 0.76, 0.37373737373737376, 0.13, 0.2, 0.6464646464646465, 0.050505050505050504, 0.0, 0.39, 0.33, 0.93], "qpu_counts": {"rgrgrggrrggrgrgrrggrgggrr": 1, "ggrggggggrgrrgggggrgggrgr": 1, "rgrggggrrgrggggrrggrggggr": 1, "rgrggggrrggggrgrgggrggrgr": 1, "rgrggggrrggrgggrrgggggggr": 1, "rgrrgggrrggrgggrgggrggggr": 1, "rgrggggrrggrgggrgggggggrr": 3, "rgrggggrrggrgggrgggrggggr": 1, "rgrggggrrggrggggggrrggrgr": 1, "rgrggggrrggggrrggggggggrr": 1, "rggggrggrgggggrgggrgggrgr": 1, "ggrrggggrggrgrrgrggggggrr": 1, "rgrggggrgrgggggrrggrgggrr": 1, "rgrggggrrggrgggrgggrggrgr": 3, "rgrgggggrggrggggrgrgrgggr": 1, "ggrggggrrggrgggrrggrgggrr": 1, "rggggggrrgrgggrgggggggrgg": 1, "rgrggggrgrgggrrgrgggggggr": 1, "rgrggggggrgrgggggggrggggg": 1, "rggggggrrggrgggrggrgggrgr": 1, "rgrggggrrggrgggrgggrgggrr": 3, "rgrggggrrggggggrrggrgggrr": 1, "rgrggggrgggggggrgrgrggrgg": 1, "ggrggggrrgrggggrgggrggggr": 1, "rgrggggrgrgrgggrrgrgggggr": 1, "rggggggrgrgggggrrggrgggrr": 1, "rgrggggrgrgggggrgggrgggrr": 1, "rggggggrrggggrgrrggrggggr": 1, "grgggggrgrgrgggrgggrrggrr": 1, "rgggggggggrggrgrrrggrgrgg": 1, "grgggggrgrgggggrgrgrggrgr": 1, "rggggrgrrggggrgrrgggggggr": 1, "rgrggggrgggrgggrgggrggrgr": 2, "rgrgggrgrgrgggggrggrgggrr": 1, "ggrgrggrrgrggggrrgrgggggr": 1, "rgrggggrrggrgggrrggrgggrr": 2, "grggggrgrgggggrggggrgggrr": 1, "rggggrgrgrgggggrrggrggggr": 1, "rgrggggrrggggggrggrgggrgr": 2, "rgrgggggrgrgrggrgggrgggrr": 1, "rgrggggrrggggggrgggrggrgr": 1, "ggrgggggrggggggrrgrgggggr": 1, "rgrggggrgrgrgggrrggrgggrg": 1, "rgrggggrrggggggrgggggggrr": 1, "ggrggggrrggggrrgrgrgggggr": 1, "rgrggggrrgrggggggrgrggrgr": 1, "rgrgggrrgggrgggrgggrggrgr": 1, "rgrggggggrgggggrrggggggrr": 1, "ggrgrggrrggggrgrrggrggggr": 1, "rgrggggrrggrgggrrgrgggggr": 1, "rgrggggrrggrgggrggrgggrgr": 1, "rgrggggrrgrggggrrggrgggrr": 1, "rgrggggrrggrgggrrrgrggggr": 1, "rggggrgrrgggggrgggrgggrgr": 1, "rrgggrrrrggggggrrggrggggr": 1, "rgrggggrrggrgggrrggrggggr": 1, "grgggrggrgggggggggrggrrgr": 1, "rgrggggrrggrgggggggrgggrr": 1, "grgggrgggrgggggrggrgggrgr": 1, "rrrgggggrgrgggggggrgggrgr": 1, "rgrggggrrggggggrgggrgggrr": 1, "ggrggggrrgrggggrgrgrggrgr": 1, "grgggggrgggggrgrrggrggggr": 1, "ggggrgrgrggggggrgggrggrgr": 1, "rgrggggrrgrggggrrgggggggr": 1, "rggggggrrggrgggrgggrgggrr": 1, "rggggrgrgrgggggggrgrggrgr": 1, "rggggggrrgggggggggggggrgr": 1, "rgrggggrrggrgggrggrgggggr": 1, "rgrggggrrggrgggrgrgrggrgr": 1, "rgrggggrrggrgrgrgggrggrgr": 1, "rgrggggrrggrgggggggrggrgr": 1, "grrggggrrggrgggrgggrgggrr": 1, "rgrggggrrgrggggrgggrggrgr": 1, "rggggrgrrggggggrgrgrggrgr": 1, "rgrgggrgrgrggggrrgrgrgggg": 1, "gggggrggrgggrrgggggrrgrgr": 1, "gggggggrrggrgggrgrgrggrgr": 1, "rggggggrrgrggggrgggrgggrr": 1, "rggggrgrrggggrgrgggrggrgr": 1, "rgrggggrrgrggggrrggrggggg": 1, "ggrgrrggrggggrgrgrggggggr": 1, "rgrggggrgrgrgggrrggrggggr": 1, "ggrggggrgrgrgggrgrgrggrgr": 1, "rgggrggrrgrggggrrggrgggrr": 1, "rgrggggrggrgggggggrgrgrgr": 1, "ggggrgrgrgggggggrrgrgggrr": 1, "rgrgggrgrgrggggrgggrggrgr": 1, "rggggggrrggggrgrgggrgggrr": 1, "grgrgggrggggrrrgrggggggrr": 1, "rgggggrgrggggggrrggrggggr": 1}, "qpu_dt": 56.54115295410156, "qpu_timestamp": 1700089890.134817}, "settings": {"time_points": [0, 2.5e-07, 2.75e-06, 3e-06], "amplitude_values": [0, 15700000.0, 15700000.0, 0], "detuning_values": [-20000000.0, -20000000.0, 20000000.0, 20000000.0], "phase_values": [0, 0, 0, 0], "blockade_radius": 8.04442268093887e-06, "n_site_max": 256, "C6": 5.42e-24, "x_min": 0, "y_min": 0, "R": 1.42, "factor": 5.665086395027374e-06}}