{"problem": {"instance_name": "UDMIS006EXT_N25_W1.0_R0.2.orig", "instance_data": [[0.0, 0.0], [0.0, 6.435538144751096e-06], [0.0, 1.2871076289502192e-05], [0.0, 2.5742152579004385e-05], [0.0, 3.217769072375548e-05], [6.435538144751096e-06, 0.0], [6.435538144751096e-06, 6.435538144751096e-06], [6.435538144751096e-06, 1.2871076289502192e-05], [6.435538144751096e-06, 1.9306614434253288e-05], [6.435538144751096e-06, 2.5742152579004385e-05], [1.2871076289502192e-05, 0.0], [1.2871076289502192e-05, 6.435538144751096e-06], [1.2871076289502192e-05, 1.9306614434253288e-05], [1.2871076289502192e-05, 2.5742152579004385e-05], [1.2871076289502192e-05, 3.217769072375548e-05], [1.9306614434253288e-05, 0.0], [1.9306614434253288e-05, 1.9306614434253288e-05], [1.9306614434253288e-05, 2.5742152579004385e-05], [2.5742152579004385e-05, 6.435538144751096e-06], [2.5742152579004385e-05, 1.2871076289502192e-05], [2.5742152579004385e-05, 2.5742152579004385e-05], [2.5742152579004385e-05, 3.217769072375548e-05], [3.217769072375548e-05, 6.435538144751096e-06], [3.217769072375548e-05, 1.9306614434253288e-05], [3.217769072375548e-05, 2.5742152579004385e-05]]}, "meta": {"timestamp_start": 1700089269.50915, "timestamp_end": 1700089325.77034, "version": "1.1"}, "sim_result": {"sim_density": null, "sim_counts": null, "sim_dt": null, "sim_timestamp": null}, "qpu_result": {"qpu_density": [0.7070707070707071, 0.15, 0.74, 0.13, 0.82, 0.16, 0.20202020202020202, 0.1, 0.42, 0.1919191919191919, 0.09090909090909091, 0.59, 0.2828282828282828, 0.04040404040404041, 0.8282828282828283, 0.7878787878787878, 0.45, 0.2, 0.08, 0.57, 0.04, 0.84, 0.83, 0.57, 0.37], "qpu_counts": {"rgrgrggggggrggrrgggrgrrgr": 1, "grggrrgrgrggggrrrggrgrrrg": 1, "rgrggggggggrrgrrgggrggrrg": 1, "rgrgrgggrgrgggggrggggrrrg": 1, "grggrggrggrrggrrgggggrggr": 1, "grrgrrrgrgrrggrgrggggrrgr": 1, "rgrgrgggrgggggrrgrgrgrrgg": 1, "rgrgrgrggggggrrrrgggggggr": 1, "rgggrggrgrgrggrrrggggrgrg": 1, "ggrgrgrggrrgggrgrggrgrrgr": 1, "rgrgrgggrggrggrrgggrgrrrg": 1, "rgrrgggggggrrggrgggrgrrgr": 1, "ggrgrgggrgggggrrgggggrrgg": 1, "grgrggggrgggggrrrggrgrrrg": 1, "rgrgrgrggrggggggrggrgrrgg": 1, "rgrrggrggggrrgrrgggrgrrgg": 1, "rgrgrggggggrggrrgrgrgrrrg": 1, "rgrgrggggrgggggrrggrgrrrg": 1, "ggrgrgrgrgggggrrgrggggrgr": 1, "grggrgggrggrggrrrggggrgrg": 1, "rgrgggrgrggggrrrgggrgrrgr": 1, "grggrggrgrrgggrgrgrggrgrg": 1, "rgrgggggggrgrgrggggrgrrrg": 1, "grgggrggrggrggrggggrggrgr": 1, "rgrgrgggrggrggrrrggggrrrg": 3, "rgrrgggggggrrgrrgrgrgrrrg": 1, "ggrgrrgggggrrgrrgggrgrrgr": 2, "rgrgrgrgrgggggrrrgrggrgrg": 1, "rgrgrgrgrggggggrgrgrgrggg": 1, "rggrrgrgggggrgrrgggrgrrgr": 1, "rgrrgggggggrrggrgrgggrrrg": 1, "rgrgrggggrgrggrgrgrggrgrg": 1, "rgrgrggggrgrggrggggrgrgrg": 1, "rgrgrgrgrgrgggrrgggrgrrgr": 1, "rgrgrgggrggrrgrrrggggrrrg": 1, "rgrgrggggggrrgrggggggrgrg": 1, "rgrgrgggggggggrrrgggrgrrg": 1, "rgrgrgggrggrggrrrggggrrgr": 2, "ggrgrgggrggrgggrrggggrrgr": 1, "grggrggrgggrggrrgrgggrrgr": 1, "rgrgrgggrggrgggrgrgrggrgr": 1, "rrgggrggrggrggrrrggggrrgr": 1, "gggrgrgrgggrrgrrgggrgrrgr": 1, "rgrgrggggggrrgrrgggrgrrrg": 1, "rgrgrgrgrgggggrrrggggrgrg": 1, "rgrrrggggggrrgrrgggrggrgr": 1, "grggrgrrrggrggrrgggrggrgr": 1, "rrrgrgggrrgrggrgrrgrgrrgr": 1, "rgrgrggggggrggrrrggrgrrgr": 1, "rgggrggrgggrggrgrggrgrrrg": 1, "rgrgrggggrgrggrrrggrggrgr": 1, "rgrgrgrgrggrggrgrgrggrgrg": 1, "rgrgrgggrgggggrrgggggrrrg": 1, "grggrrggrggrggrggrrggrggr": 1, "rgggrggggrggggrrrggggrrrg": 1, "ggrgrrggggggrgrrgggggrrgr": 1, "rgrgrgrgggggrrrrgggrgrrrg": 1, "rgggrgrgggggggrrrggggrrrg": 1, "ggrrgrggrggrggrrrggggrrrg": 1, "rgggrggggrggrggrgggggrrrg": 1, "rgrgrgggrrgrgrrrrggggrrrg": 1, "rgrgrgggrggrggrgrggggrrrg": 1, "grggrgggggggggrrrggrgrrrg": 1, "rgrrgggggggrrggrgggrggrrg": 1, "ggrgrrgrgrggggrrrggrrgrrg": 1, "rggrggggggggggrrrggggrrrg": 1, "ggrgrgggrgggggrrrggrgrrrg": 1, "ggrggggggggrggrrrgrrgrgrg": 1, "ggrgrrgggggrrgrrgrgrgrrgr": 1, "grggrrgggggrrgrrgrgggrrrg": 1, "rgrgrgrgggggrgrrgrgrgrrgr": 1, "rgrgrggggrrrrggrggrggrgrg": 1, "grggrrggrggrggrggggrgrrgr": 1, "ggggrgggrgrgggrgrggrgrrrg": 1, "rgrgrgrgggggrgrggrgrggrgr": 1, "rgrgrggggggrrgrrgrgrgrrrg": 1, "rgggrgggrggrgrgrgggrgrrrg": 1, "rgrgrgggrggrggrggggrgrrrg": 1, "rgrgrggggrggrgrrgggrgrggr": 1, "ggrrgrggggggrggrgrgrgrrgg": 1, "rggrggrgrgggggrrgggrrgrrg": 1, "rgrgrgggrggrggrrrggrgrrgr": 1, "rgggrggrggrggggggrgrgrrrg": 1, "rgrgrggggrgrggrrgggrgrrgr": 1, "rgrggggggrgrggrrgrgrgrrgr": 1, "ggrgrrgggggrrggrgrgrggrgr": 1, "rgrgrggggrggggrrggrggrgrg": 1, "rgggrgggrggrgggrrggggrrrg": 1, "rgrgrgggggggrgrrgggrrgrrg": 1, "rgrgrggggggrggrrgggrggrgr": 1, "rgrgrgggrggrgggrrggrgrrrg": 1, "rgrgrgggrgggggrrrggggrrrg": 1, "rgrgrggggggrrgrggrgggrrrg": 1, "rgrgrggggrgrggrrgggggrrrg": 1, "rgrgrgrgrgggggrrrggrgrrrg": 1, "rgrgrgrgggggggrrrggggrrrg": 1}, "qpu_dt": 56.24957728385925, "qpu_timestamp": 1700089269.517951}, "settings": {"time_points": [0, 2.5e-07, 2.75e-06, 3e-06], "amplitude_values": [0, 15700000.0, 15700000.0, 0], "detuning_values": [-20000000.0, -20000000.0, 20000000.0, 20000000.0], "phase_values": [0, 0, 0, 0], "blockade_radius": 8.04442268093887e-06, "n_site_max": 256, "C6": 5.42e-24, "x_min": 0, "y_min": 0, "R": 1.25, "factor": 6.435538144751096e-06}}