{"problem": {"instance_name": "UDMIS076EXT_N25_W1.0_R0.3.orig", "instance_data": [[0.0, 4.348336584291281e-06], [0.0, 8.696673168582562e-06], [0.0, 1.3045009752873843e-05], [4.348336584291281e-06, 4.348336584291281e-06], [4.348336584291281e-06, 8.696673168582562e-06], [4.348336584291281e-06, 1.3045009752873843e-05], [4.348336584291281e-06, 1.7393346337165125e-05], [4.348336584291281e-06, 2.1741682921456406e-05], [8.696673168582562e-06, 0.0], [8.696673168582562e-06, 4.348336584291281e-06], [8.696673168582562e-06, 8.696673168582562e-06], [8.696673168582562e-06, 1.3045009752873843e-05], [8.696673168582562e-06, 2.1741682921456406e-05], [1.3045009752873843e-05, 8.696673168582562e-06], [1.3045009752873843e-05, 1.7393346337165125e-05], [1.3045009752873843e-05, 2.1741682921456406e-05], [1.7393346337165125e-05, 0.0], [1.7393346337165125e-05, 4.348336584291281e-06], [1.7393346337165125e-05, 8.696673168582562e-06], [1.7393346337165125e-05, 1.3045009752873843e-05], [1.7393346337165125e-05, 1.7393346337165125e-05], [1.7393346337165125e-05, 2.1741682921456406e-05], [2.1741682921456406e-05, 0.0], [2.1741682921456406e-05, 4.348336584291281e-06], [2.1741682921456406e-05, 2.1741682921456406e-05]]}, "meta": {"timestamp_start": 1700091502.975669, "timestamp_end": 1700091560.721272, "version": "1.1"}, "sim_result": {"sim_density": null, "sim_counts": null, "sim_dt": null, "sim_timestamp": null}, "qpu_result": {"qpu_density": [0.5454545454545454, 0.12, 0.42, 0.06060606060606061, 0.02, 0.09090909090909091, 0.010101010101010102, 0.71, 0.797979797979798, 0.06060606060606061, 0.07, 0.18181818181818182, 0.14, 0.08, 0.12, 0.1919191919191919, 0.07, 0.02, 0.3, 0.3, 0.01, 0.07, 0.711340206185567, 0.16, 0.77], "qpu_counts": {"rggggggrggrgggggrgggggggr": 1, "gggggggrrggrggggrggggrggg": 1, "grgggggrrgrgggggggggggrgr": 1, "rggggggrrggggggrgggrggrgr": 1, "rggggrggrgggrgggggrgggrgr": 1, "rgrgggggrgggggggggrgggrgr": 2, "grgggggrggggggggggggggrgr": 1, "grgggggrgggggggggggrggrgr": 1, "ggrrggggrggrrgggrggrgggrr": 1, "ggrrggggggggrgggrggrggggr": 1, "rgrggggrrggrggggggrgggrgr": 1, "rggggggrrggrgggggggrggrgr": 1, "rggggggrrggggggrggrgggrgg": 1, "rggggggrgggggggrggggggrgg": 1, "rggggggrgggrgggggggggggrr": 1, "rgrggggrrgggggrggrggggggr": 1, "rggggggrrggrggggrgggggggr": 1, "gggggrgrrgggggggggrgggrgr": 1, "ggrggggrgrggggggggrgggrgr": 1, "ggggggggrgrgrggggggggggrr": 1, "ggrgggggrggggrggggggggrgr": 1, "ggrggggrrggggggggggrggrgr": 2, "rgggggggrggggrggggggggrgr": 1, "rggggggrrggggggggggggggrr": 1, "rgrrgggrgggggggggggrggggr": 1, "rrgggggrrgggggggrggrggggr": 1, "rggggrgrrggggrggggggggrgr": 1, "ggrgggggrrgggggrgggrggrgr": 1, "ggrggggrrggggggggggggggrr": 1, "rgrgggggrgggrggggggggrrrg": 1, "ggrggggrrggrggggggrgggrgr": 1, "ggrggggrrgggggrgggrgggrgr": 1, "ggrggggrrggggrgrgggggggrr": 1, "ggrgggggrgggrggrgggrggrgg": 1, "rggrgrgrrggggggggggrggrgr": 1, "rggggrgrrggggrgrggggggrgg": 1, "ggrgggggrgggggggggrgggrgr": 1, "ggrggggrrgrggggrgggrggrgr": 1, "ggrrgggrgggggggrggggggrgr": 1, "rggggggrrggggggrggrgggrgr": 1, "grgggggrrggrggggggggggrgr": 1, "ggrggggrrggrgggrgggrggrgg": 1, "grgggggrrggggggrgrgrggrgg": 1, "ggrggggrgrgggggggggrggrgr": 1, "rggggggrrggggrgrgggggggrr": 1, "rgggggggrgggggggggrgggrgg": 1, "rgrggggrggggggggggrgggrgr": 1, "rgggggggrggggggggggrggrgr": 1, "ggggggggrgggggggggrgggggr": 1, "ggrggggrgrggggggggggggrgr": 1, "ggrgggggrgggrgggggrgggrgr": 1, "rggggrgrrgggggrgggggggrgg": 1, "rgrggggrgrgggrrggggrgggrr": 1, "rggggggrrgggggrgggrgggrgr": 1, "rggggggrggggggrgggggggrgr": 1, "grgggggrrgggggggggggrgrgg": 1, "rgrrggggrgggrggggggrggrgr": 1, "rgrggggrgrgggggggggrggrgr": 1, "rggggrgrrggggggggggrgrrgr": 1, "rggggrgrrggggggggggrggrgr": 1, "grgggggrrrggggrgggggggrrr": 1, "ggrggggrrgrgggggggggggrgr": 1, "rgrgggggggggrggggggggggrr": 1, "rgrgggggggggrggggggrgggrr": 1, "ggrggggrrggrggggggggggggg": 1, "rggggggrrgggggggggrgggrgr": 3, "ggggrggrrggggggggggrggrgr": 1, "rgrggggrrgggggggggrgggggr": 2, "rggggggrrggggggrgggrggrgg": 1, "rgrggggrrgggggrgggrgggrgr": 1, "rgggggggrgggggggggrgggrgr": 1, "ggggrgrrrgggggggggggggrgr": 1, "rgggggggrggggggrggrgggrgg": 1, "rggggggrgggrggggrggggrrgg": 1, "gggggrggrggrgggrggrgggrgr": 1, "rggggggrrggrgggggggggggrr": 1, "grgggggrrgggggggggggggrgr": 1, "rgrggggrrgggggggggrgggrgr": 1, "grgggrgrrggrggggggggggggr": 1, "gggggggrrggrgggggggrgggrg": 1, "rgggggggrgggrggggggrgrrgg": 1, "rggggggrrggrggggggggggrgr": 1, "ggrggggrrgrgggrgggggggrgr": 1, "rgggggrgrggggrrrggggggrgr": 1, "rggggggrrggrggggggrgggrgr": 1, "grgggggrrggggggrgggrggrgg": 1, "rggggggrrggrgggrgggggggrg": 1, "grggggggrgrgggrgggrggrrgg": 1, "rggggggrrggrgggrggggggrgg": 1, "rgrgggggrgggggggggggggrgr": 1, "ggggggggrgggrgggggrgggrgr": 1, "ggrggggrrggggggggggrggggr": 1, "ggrrgggrgggggggggggggrggg": 1, "ggrgggggggggrgrggggrgggrg": 1, "rgggggggrgggrgggggrgggrgr": 1}, "qpu_dt": 57.741382360458374, "qpu_timestamp": 1700091502.977279}, "settings": {"time_points": [0, 2.5e-07, 2.75e-06, 3e-06], "amplitude_values": [0, 15700000.0, 15700000.0, 0], "detuning_values": [-20000000.0, -20000000.0, 20000000.0, 20000000.0], "phase_values": [0, 0, 0, 0], "blockade_radius": 8.04442268093887e-06, "n_site_max": 256, "C6": 5.42e-24, "x_min": 0, "y_min": 0, "R": 1.85, "factor": 4.348336584291281e-06}}