{"problem": {"instance_name": "UDMIS4TG_N15_W1.0_R0.2.orig", "instance_data": [[0.0, 0.0], [0.0, 1.608884536187774e-05], [5.362948453959247e-06, 1.608884536187774e-05], [5.362948453959247e-06, 2.6814742269796237e-05], [1.0725896907918495e-05, 5.362948453959247e-06], [1.0725896907918495e-05, 1.0725896907918495e-05], [1.0725896907918495e-05, 3.7540639177714733e-05], [1.608884536187774e-05, 3.217769072375548e-05], [2.6814742269796237e-05, 3.217769072375548e-05], [2.6814742269796237e-05, 3.7540639177714733e-05], [3.217769072375548e-05, 2.145179381583699e-05], [3.217769072375548e-05, 3.7540639177714733e-05], [3.7540639177714733e-05, 5.362948453959247e-06], [3.7540639177714733e-05, 2.145179381583699e-05], [3.7540639177714733e-05, 3.217769072375548e-05]]}, "meta": {"timestamp_start": 1698263166.346001, "timestamp_end": 1698263415.35159, "version": "1.0"}, "sim_result": {"sim_density": null, "sim_counts": null, "sim_dt": null, "sim_timestamp": null}, "qpu_result": {"qpu_density": [0.9696969696969697, 0.8144329896907216, 0.16, 0.95, 0.6, 0.36, 0.63, 0.55, 0.36, 0.51, 0.52, 0.06060606060606061, 0.9081632653061225, 0.43, 0.81], "qpu_counts": {"rrgrrggrggggrrr": 1, "rrgrrggrggrgrgr": 1, "grgrrggrgrrgrgg": 1, "rgrrrgrggrggggr": 1, "rrgrgrrgrgrgrgr": 2, "rrgrgrrggrggrrr": 3, "rrgrrgrggrrrrgg": 1, "rgrrgggrgrggrrg": 1, "rrgrgrgrgrrgrgr": 1, "rrrrrggrrgrgrgr": 1, "rrgrgrrggrrgrgr": 2, "rrgggrrggrggrrr": 1, "rgrrrgrrrgrgrgr": 2, "rrgrgrrrgrggrrr": 2, "rrgrrggrgrrgrgr": 3, "rrgrgrrrggggrrr": 1, "rrgrgrgrrgggrgr": 1, "rrgrgggrrgrgrgr": 1, "rrgrrggrgrggrrr": 4, "rrgrgrgrrgggrrr": 1, "rggrrggrggrgrgr": 1, "rrgrrgrgrrrgrgg": 1, "rrgrrgrgrgrgrgr": 2, "rrgrrrrgrgrgrgr": 1, "rrgrgrrggrggrrg": 1, "rrgrrgrrgrggrrg": 1, "rrgrgrgrrggrrgr": 1, "rrgrgrrgrggggrr": 1, "rrgrgrrrgrrgrgg": 1, "rgrrrgrgggggrrr": 2, "rrgrgrgrrgrgrgr": 5, "rrggrggrgrrgrgr": 1, "rrggrgrggrrgrgr": 1, "rrgrgrrgrgggrrr": 1, "rrgrgrrrrgggrrg": 1, "rrgrrgrgrgggrrr": 2, "rrgrgrgrgrggrrr": 1, "rrgrrgrggrggrrg": 1, "rrgrrgrrgrggrrr": 1, "rrgrgrrgggrgrgr": 1, "rrgrrgrggrrgrgr": 3, "ggrrrggrrgrgrgg": 1, "rrgrrgrggrggrrr": 3, "rrgrgrrggggrrrr": 1, "rrgrrgrggrrgrgg": 1, "rrggrgrggrggrgr": 1, "rrgrrgrrggrgrgr": 1, "rrgrrgrggrrgrrg": 1, "rrgggrgrgggrrrg": 1, "rggrrgrggrrgrgr": 1, "rrgrgggrggrrrgg": 1, "rrgrrggrggggrgr": 1, "rggrrgrggrrgrgg": 1, "rrrrgggrgrggrrr": 1, "rrgrrgrgrggggrr": 1, "rrgrrgrrgrrgrgr": 1, "rrgrrgrgrrrgrgr": 1, "rrgrrgrrrgrgrgr": 1, "rrgrgggrrggggrr": 1, "rrgrgrrrrgggrrr": 1, "ggrrrgrggrrgrgr": 1, "rggrrgrrrgggrrr": 1, "rrgrrggrrgggggr": 1, "rrgrrggrrgrgrgr": 2, "rrrrrgrggrggrrr": 1, "rrgrgrrgrgrgrgg": 1, "rggrgrrrrgrrrgr": 1, "rrgrrrrggrggrrr": 1, "rgrrrggrgrrgrgr": 2, "rgrrrgrrgrrgrgr": 1, "rrgrrggrggrgggr": 1, "rrgrggrrgrrgrgg": 1, "rrgrgrrggggrgrg": 1, "rgrrrgrrrgggrrr": 1, "rrgrrgrggggggrg": 1, "rgrrgrrggrgggrr": 1}, "qpu_dt": 248.99839901924133, "qpu_timestamp": 1698263166.351519}, "settings": {"time_points": [0, 2.5e-07, 2.75e-06, 3e-06], "amplitude_values": [0, 15700000.0, 15700000.0, 0], "detuning_values": [-20000000.0, -20000000.0, 20000000.0, 20000000.0], "phase_values": [0, 0, 0, 0], "blockade_radius": 8.04442268093887e-06, "n_site_max": 256, "C6": 5.42e-24, "x_min": 0, "y_min": 0, "R": 1.5, "factor": 5.362948453959247e-06}}