{"problem": {"instance_name": "UDMIS045EXT_N30_W1.0_R0.2.orig", "instance_data": [[0.0, 0.0], [0.0, 1.1330172790054747e-05], [0.0, 1.699525918508212e-05], [5.665086395027374e-06, 0.0], [5.665086395027374e-06, 1.1330172790054747e-05], [5.665086395027374e-06, 1.699525918508212e-05], [5.665086395027374e-06, 2.2660345580109495e-05], [5.665086395027374e-06, 2.8325431975136868e-05], [5.665086395027374e-06, 3.399051837016424e-05], [1.1330172790054747e-05, 0.0], [1.1330172790054747e-05, 5.665086395027374e-06], [1.1330172790054747e-05, 1.1330172790054747e-05], [1.1330172790054747e-05, 1.699525918508212e-05], [1.1330172790054747e-05, 2.2660345580109495e-05], [1.1330172790054747e-05, 3.399051837016424e-05], [1.699525918508212e-05, 5.665086395027374e-06], [1.699525918508212e-05, 1.699525918508212e-05], [1.699525918508212e-05, 2.2660345580109495e-05], [1.699525918508212e-05, 2.8325431975136868e-05], [2.2660345580109495e-05, 0.0], [2.2660345580109495e-05, 5.665086395027374e-06], [2.2660345580109495e-05, 1.1330172790054747e-05], [2.2660345580109495e-05, 2.8325431975136868e-05], [2.2660345580109495e-05, 3.399051837016424e-05], [2.8325431975136868e-05, 0.0], [2.8325431975136868e-05, 5.665086395027374e-06], [2.8325431975136868e-05, 2.2660345580109495e-05], [3.399051837016424e-05, 5.665086395027374e-06], [3.399051837016424e-05, 2.8325431975136868e-05], [3.399051837016424e-05, 3.399051837016424e-05]]}, "meta": {"timestamp_start": 1700089155.000545, "timestamp_end": 1700089212.348713, "version": "1.1"}, "sim_result": {"sim_density": null, "sim_counts": null, "sim_dt": null, "sim_timestamp": null}, "qpu_result": {"qpu_density": [0.91, 0.6464646464646465, 0.2, 0.04040404040404041, 0.08, 0.030303030303030304, 0.4639175257731959, 0.23232323232323232, 0.47474747474747475, 0.81, 0.06060606060606061, 0.54, 0.17, 0.10101010101010101, 0.31, 0.09, 0.17, 0.43434343434343436, 0.15306122448979592, 0.71, 0.02, 0.69, 0.03, 0.8, 0.1414141414141414, 0.04040404040404041, 0.81, 0.9, 0.08, 0.81], "qpu_counts": {"rrggggrgrrgrgggggrgggrgrgggrgr": 1, "rrggggrgrrgggggggggrgrgrggrrgr": 1, "rrggggrgrrgrgggggggrgrgrggrrgr": 3, "rgggrgggrrggrrgggggggggrggrrgr": 1, "rrggggrgrggrgggggggrgggrggrrrr": 1, "rgrggggggrrrgrrggggrgrgrggrrgr": 1, "rgggggrrgrggggrggrgrgrgrggrrgr": 1, "rrggggrgrrgrgggggrgrgrgrggrrgr": 3, "rrgggggrggrgggrgrgrggggrrgrrgr": 1, "rrggggggrrggrgggggrrgrggggrrgr": 1, "rrgggggrgrggggrgrggggggrggrrgr": 1, "rrgggggrgggrgggggrgggrgrrgrggr": 1, "rrggggrgrrggggggrggggggrrgrggg": 1, "rgrggggrgrgrgggggggggrrggggrgg": 1, "rrggggggrrgrgrgggggrgrgrggrggr": 1, "rrggggrgrggggggrrgrgggggggrrgr": 1, "rrggggrggrgggggggrgrgrgrggrrgg": 1, "rgrggggrgrggrggggggggggrgrrggr": 1, "gggrrgrgggggggrggrgrgrgrggrrgr": 1, "rrgggggggrgrgrrggggrgrgrggrrgr": 1, "rrgggrgrgggrgggrgrgrgggrgggrrg": 1, "rrggggrgrrgggggggrgrgrgrggrrrg": 1, "rrgggggrrrgrggggggrrgrggggrrgr": 1, "rgggggrgrrgggggggrgggrgrggrrgr": 1, "rgrgggggrrggrggggggrgrgrggrrgr": 1, "rrggggggrrggrggggggrgrrrgggrgr": 1, "rrggggggrrgggggggggrgrgrgggrgr": 1, "rgggggggggrggrrggggrgrgrggrrgr": 1, "rgrggggrgrgrgggggrgrgrgrgggrgr": 1, "rrggggrgrrgrgggggrgggrgrrrrrgr": 1, "rgrggggggrgrggrggrrrgrgrggrrgr": 1, "rrggggggggrgrgggggrrgrggggrrgr": 1, "rgggrgggrggggggrgrgggggrgggrgr": 1, "rrgggggggrrrgrrggrgrgrgrggrrgr": 1, "rrggggrgrrgrgggggrgrgrgrgggrgr": 1, "ggrgggggrggrgggggrgrgrgrgggrrg": 1, "rrggggggrrgrgggggrgrgrgrggrrgr": 1, "rrgggggrgrgrgggggrgrgrgrggrrgr": 1, "rrgggggrgrgrgggggggrgrgrggrrgr": 1, "rrggrgrgrrgrggggrgrrggggggrrgr": 1, "rrggggrgrrggggggrggggggrggrrgg": 1, "rgggggrggrgrrgrggrgrgrgrrgrrgg": 1, "rrggggggrrggrgggggrrgrgggggrgr": 1, "rggggggrgrgrggrggggrgrgrggrrgr": 1, "ggrgggggggggrgrggrgrgrgrggrrgg": 1, "rgrggggrgrgrgggggrgrgrgrgggrgg": 1, "rrgggrgggrgrgrrggggrgrgrggrrgr": 1, "rrrgggrggrgrgggggrgrgggrggrrgg": 1, "rrggggrrrrgrgggggggrggggggrrgr": 1, "rrggggrggrgggggggrgrgggrggrrgr": 1, "ggrgrgggrrgggggrrggggggrrgrrgr": 1, "rrggggrgrrgrggggggrrgrggggrrgr": 1, "rrggggrgrggggggrrgggggggrgrrgr": 1, "rrggggrggrgrggrggrgggrgrrgrrgr": 1, "rrgggrgrrrgggggggrgrgrgrggrrgr": 1, "rrggggrggrggggrggrgggrgrggrrgr": 1, "rrggggrgrrrrgggggrgrgrgrggrrgr": 1, "rrgggggggrgrggggggrrgrgggggrgg": 1, "rrggggggrrgrgrgggggrgrgrggrrgr": 1, "rgggggrggrgrggrggrgrgrgrggrrgr": 1, "rrgggggrgggggggggggrgrggggrrgr": 1, "rgrggggrgrgrggrggrgrgrgrgggrgr": 1, "rgggggrggrgrgggggrgrgrgrggrrgr": 1, "rrgggggrgrgrggrggrgggrgrrgrrgr": 1, "rrgrrgrggrggggrgrgrrgggrggrrgr": 1, "rgrgggggrgggrggggggrgrgrgggggr": 1, "rrggggrgrrgrgggggrgggrgrrgrrgr": 1, "rgrggggrgrggrgrggggrgrgrggrggr": 1, "grggggrgrggrgggggrgrgrggggrrgr": 1, "grgrggrgrgggggggrgrrggggggrrgr": 1, "rgrggggrgrgggggggggggrgrggrrgr": 1, "rrggggrgrrgrgggggrgrgrgggggrgr": 1, "rrggggrggrgrgggggggrgggrggrrgr": 1, "rrggggrggggrgggrrgrrggggrggrrg": 1, "rrgggrgggrggggrrrggggggrgrrggr": 1, "rgrggggrgrgrgggggrgggrgrggrrgr": 1, "rrggggrggrgrggrggrggrgggrgrrgr": 1, "grgrggggggggrgrrgrgggggrgrrggg": 1, "grgrggrggrgrggrggrgggggrrggggr": 1, "rrggggrggrggggrggggrgrgrggrrgr": 1, "rgggrgrgrrgggggggrgrgrgrggrrgr": 1, "rrgggggrgrggrgggggrrgrggggrrgr": 1, "rgrgggrgrrgrgrggggrrgggrggrrgr": 1, "rrggggggrrggggggrgggrggrggrrgr": 1, "rgggrgrgrrggggggrgrggrgrrgrrgr": 1, "rggggggggrgrggrggrgrgrgrggrrrg": 1, "rrgggggrgrgrggggrgrrggggggrrgr": 1, "rgrggggggrgrgrrggggrgrrggggrrg": 1, "rrggggrgrgrgggggrrgrgggrgrrggg": 1, "rrgggggggrggrgrggggggrgrrgrrgr": 1, "grggggrggrggrgrggggggrgrgggrgr": 1, "rgrggggrgrggrgrggrgrgrgrggrrrg": 1, "rgggggrggrggrgrggggrgrgrggrrgr": 1, "rgrgggggrrgggggrrggrgggrggrrgr": 1, "rgggggggrrgrgggggggrgggrggrrgr": 1, "rgggggrgrrgrgrgggggrgggrggrrgg": 1}, "qpu_dt": 57.34105587005615, "qpu_timestamp": 1700089155.003795}, "settings": {"time_points": [0, 2.5e-07, 2.75e-06, 3e-06], "amplitude_values": [0, 15700000.0, 15700000.0, 0], "detuning_values": [-20000000.0, -20000000.0, 20000000.0, 20000000.0], "phase_values": [0, 0, 0, 0], "blockade_radius": 8.04442268093887e-06, "n_site_max": 256, "C6": 5.42e-24, "x_min": 0, "y_min": 0, "R": 1.42, "factor": 5.665086395027374e-06}}