{"problem": {"instance_name": "UDMIS047EXT_N36_W1.0_R0.2.orig", "instance_data": [[0.0, 0.0], [0.0, 1.699525918508212e-05], [0.0, 2.8325431975136868e-05], [0.0, 3.399051837016424e-05], [5.665086395027374e-06, 0.0], [5.665086395027374e-06, 5.665086395027374e-06], [5.665086395027374e-06, 1.1330172790054747e-05], [5.665086395027374e-06, 1.699525918508212e-05], [5.665086395027374e-06, 2.2660345580109495e-05], [5.665086395027374e-06, 2.8325431975136868e-05], [5.665086395027374e-06, 3.399051837016424e-05], [1.1330172790054747e-05, 0.0], [1.1330172790054747e-05, 5.665086395027374e-06], [1.1330172790054747e-05, 1.1330172790054747e-05], [1.1330172790054747e-05, 1.699525918508212e-05], [1.1330172790054747e-05, 2.2660345580109495e-05], [1.699525918508212e-05, 0.0], [1.699525918508212e-05, 5.665086395027374e-06], [1.699525918508212e-05, 1.1330172790054747e-05], [1.699525918508212e-05, 1.699525918508212e-05], [2.2660345580109495e-05, 0.0], [2.2660345580109495e-05, 5.665086395027374e-06], [2.2660345580109495e-05, 1.699525918508212e-05], [2.2660345580109495e-05, 2.2660345580109495e-05], [2.2660345580109495e-05, 2.8325431975136868e-05], [2.2660345580109495e-05, 3.399051837016424e-05], [2.8325431975136868e-05, 0.0], [2.8325431975136868e-05, 5.665086395027374e-06], [2.8325431975136868e-05, 1.1330172790054747e-05], [2.8325431975136868e-05, 2.2660345580109495e-05], [2.8325431975136868e-05, 2.8325431975136868e-05], [2.8325431975136868e-05, 3.399051837016424e-05], [3.399051837016424e-05, 0.0], [3.399051837016424e-05, 5.665086395027374e-06], [3.399051837016424e-05, 2.2660345580109495e-05], [3.399051837016424e-05, 3.399051837016424e-05]]}, "meta": {"timestamp_start": 1700087707.161719, "timestamp_end": 1700087764.717416, "version": "1.1"}, "sim_result": {"sim_density": null, "sim_counts": null, "sim_dt": null, "sim_timestamp": null}, "qpu_result": {"qpu_density": [0.8585858585858586, 0.73, 0.43, 0.20202020202020202, 0.08080808080808081, 0.06, 0.2727272727272727, 0.020202020202020204, 0.13, 0.09090909090909091, 0.6262626262626263, 0.696969696969697, 0.08080808080808081, 0.1717171717171717, 0.1, 0.58, 0.11, 0.06060606060606061, 0.41, 0.1414141414141414, 0.68, 0.07, 0.1414141414141414, 0.6, 0.09090909090909091, 0.7878787878787878, 0.0707070707070707, 0.04, 0.7575757575757576, 0.010101010101010102, 0.05, 0.01, 0.79, 0.12, 0.94, 0.8484848484848485], "qpu_counts": {"rrggggggggrrgrgrggggrggggrggrgggrgrr": 1, "rrrgggggggrgggrggggggggrgrggrgggrgrg": 1, "rrgggggggggrgrgggggggggrgrrgrgggggrr": 1, "rrgrggrggggrgggrggrgrgggggggrgggrgrr": 1, "rrgrgggggggrgggggggrrggggrggggggggrr": 1, "rrrgggggggrggrgrggggrggrgrggrgggrgrr": 1, "grrgggggggrrgggrggrggggrgrggrgggrgrr": 1, "rggrgggggrgrggrgggrgrggggrggrgggrgrr": 1, "rrggggrgggrrgggrggggrggrgrggrggggrrr": 1, "grrggggggggrrggrggrgrggrgrggrgggrgrr": 1, "rrrggggggggrggrggrggrggrgrggrgggrggr": 1, "rrrgggggggrgrggrggggrggrgrggrggggrrr": 1, "rrgrggrggggrggggggrggggrgrggrgggrgrr": 1, "rrggggggggrrgggrggggrggggrggrgrgrgrg": 1, "rgrgggrggggrggggggrgrggrgrggrgggrgrg": 1, "gggrrgrgrgggrggggrgrrggrgrggrgggrgrr": 1, "rrggggggggrrgggrgrrgrgrgrgggggggrggr": 1, "rrggrgggggrggggrggrggggrgrggrgggrgrr": 1, "rrrgggggggrrgrgggggrrggggrggrgggrgrr": 1, "rrrgggrgggrrgggrggrgrgrrgrggrgggrrrg": 1, "grggrggggrggggrgrggggrgrgrgggggggrrg": 1, "rggggrggggrrgrgrgggrrggrggggrgggrgrr": 1, "rgrgggrgggrggggggggrrgggrgggrgggrgrr": 1, "rrrggggggggggggrrgggggrggrgrggggrgrr": 1, "rggrggrgrggrgggggggrrgggggggrgggrgrg": 1, "rrggggggggrrgrgrrgggrggrgrggrgggrgrr": 1, "rrrggrrgggrggggrggrgrggrgrggrgggrgrr": 1, "rrggggggggrrgrgrggggrgrgrgggrgggrgrr": 1, "rrggggggggrgrggrggrgrggrgrggrgggrgrr": 1, "rgrgggrrggrrgggrggrgrggrgrggrgggggrr": 1, "grggrrggrgrrggggggrgrgggggggggggrgrr": 1, "rrrgggrgggrggggrrggrgrgrgrggggggrgrr": 1, "ggggggggggrggggrggrggggrgrggggggrgrr": 1, "rgrgggggggrrgggrggrgrggrgrrgrgggggrr": 1, "rgggggggggrggrgrrggggggrgrggrgggggrr": 1, "rrrrgggggggggggrggggrgrggrggggggrgrg": 1, "grrgrgggggrggrgrrggggggrgrggrgggrgrr": 1, "rrrgggrggggrggggggrgrggrgrggrgggrggr": 1, "rrrggggggggrgggrggggrggrgrggrgggrgrr": 1, "rrrgggggggrrgggrggrgrggrrrggrgggggrr": 1, "rrgggrggggrrgggrggrgrggrgrggrgggrgrr": 1, "rrrgggggggrrgggrgggrrggggrggggggrgrr": 1, "rgrgggrgggrrggggggrgrggrggggrgggrgrr": 1, "rrrggggggggrgggrggggrgggrgggrgggrgrr": 1, "rrggggggggrrggggggrgrggrgrggrgggrgrr": 1, "rgggggrgrgrrggggggrgrggrgrggrgggrgrr": 2, "rgggggggrgrrgrgggggggggrgrggrgrgrgrg": 1, "grgrggrggrrrggggggrgrggrrgggggggrgrr": 1, "rrggggggrrrggrgggggggggrgrrgrgggggrr": 1, "rgrgggrgggrrgggggggrrggggrggrgggrgrr": 1, "grggrgrgrgrgggrgrgrgggrggggrrgrgrgrg": 1, "rrrgggggggrrgggrggrgrggrgrggrgggrgrr": 2, "rgggggrgggrrgggrggggrggrgrggrgggrgrr": 1, "rgrgggggggrgrgrggggggrggggrgrggggrrr": 1, "rggrgggrgggggggrgrggggrggrgggggggrrr": 1, "rrggggggggrrggggggrgrggggrggrgggrgrr": 1, "rrgrgggggrgrgggggggrrgrggrggrgggrgrr": 1, "rrrgggrgggrrgggrggrgrggrgrggrgggrgrr": 1, "rrgrggrggggrgggrggrgrggrgrggggggrgrr": 1, "rrggggggggrrgggrggggrgggrgggrgggrgrr": 1, "rgggggggrgrrgrgggggrgggggrggggrgrgrr": 1, "rrrgggggggrrgrgrgggggggrgrggrgggrgrg": 1, "grggrgggggrggggrggggggrggrggggggrgrr": 1, "rrgrggggggggrggrggggrggrgrggrgggrgrg": 1, "rrgrgggggggggggrggrgrggrggggrgggrgrg": 1, "rrgggggggrrrgggrrgrggggggrggrrggrggr": 1, "rrggggggggrrggggrgrgrggrgrggrgggrgrr": 1, "grggrgrggggrggggggrgrggrgrggrgggrgrr": 1, "rrrggggggggrgrgrgggggggrgrrgrgggggrr": 1, "rrggggrgggrrgggrggggrggrgrggrgggrgrr": 1, "rgggggrgggrrgggggggggggrggggrgggrgrr": 1, "rrrgggggggrggggrgrggggrggrggggrggrrr": 1, "grrgrgggggrggrgrrgggggrggrgggggggrrr": 1, "rggrgggrgrggrggggggrrgggggggrggggrrr": 1, "rggrggggrggrggggggrgrggrgrggrgggrgrr": 1, "rrgrgggggggrgggrggrgrrggggggrggrrggg": 1, "rrgggggggggrgggrggggrggrgrggrgggrggg": 1, "rgrgggrgggrrgggrggrgrggrgrggrrggrgrr": 1, "rrgrgggggggrgggrggrggggggrrgrgggggrr": 1, "rrggggggggrrgrgrgggggrrggrggggggrgrr": 1, "rrrgggggggrgggrggggggrgggrgggggggrrr": 1, "rrgrggrggrgrgggggggrrggggrggggggrgrr": 1, "rgggggrgrgrrgggggggrgggggrgrggggrgrr": 1, "rrggggggggrrgggrgggggrrgrgggggggrgrr": 1, "ggrgggrgrgrrgggggggrrggggrggrggggrrr": 1, "rrrgggggggrgrggrggggrgrgrgggrgggrgrr": 1, "rrrgggggggggggggggggrggrgrggrgggrgrr": 1, "rrrggggggggggggrrgggggggrgrgggggggrr": 1, "grrggrggrggrggrggrrgrggrgggrggggrgrg": 1, "rrgggggggrgrggrgggrgrggrgrggrgggrgrr": 1, "rrgrgggggggrggggggrgrggrgrggrgggrgrr": 1, "rrrggggggggrgggrggrgrggrgrggrgggrgrr": 1, "rrgrgggggrgrgrggggggrggggrggrgggrgrr": 1, "rggrggggggggrggrgggggggrgrggrgggrgrr": 1, "rggggrggggrrgggrgrggggrggrrgrggggrrr": 1, "rrrgggggggrrgggrggggrggrgrggrgggrgrr": 1, "rrrgggggggrrggrgggggrggrgrggggggrgrr": 1, "rrrgggggggrrgrgrggggrggrgrggrgggrgrr": 1}, "qpu_dt": 57.55060267448425, "qpu_timestamp": 1700087707.163027}, "settings": {"time_points": [0, 2.5e-07, 2.75e-06, 3e-06], "amplitude_values": [0, 15700000.0, 15700000.0, 0], "detuning_values": [-20000000.0, -20000000.0, 20000000.0, 20000000.0], "phase_values": [0, 0, 0, 0], "blockade_radius": 8.04442268093887e-06, "n_site_max": 256, "C6": 5.42e-24, "x_min": 0, "y_min": 0, "R": 1.42, "factor": 5.665086395027374e-06}}