{"problem": {"instance_name": "UDMIS041EXT_N25_W1.0_R0.2.orig", "instance_data": [[0.0, 0.0], [0.0, 5.665086395027374e-06], [0.0, 1.1330172790054747e-05], [0.0, 1.699525918508212e-05], [5.665086395027374e-06, 5.665086395027374e-06], [5.665086395027374e-06, 1.1330172790054747e-05], [5.665086395027374e-06, 2.2660345580109495e-05], [1.1330172790054747e-05, 0.0], [1.1330172790054747e-05, 5.665086395027374e-06], [1.1330172790054747e-05, 1.1330172790054747e-05], [1.1330172790054747e-05, 2.2660345580109495e-05], [1.699525918508212e-05, 0.0], [1.699525918508212e-05, 5.665086395027374e-06], [1.699525918508212e-05, 1.1330172790054747e-05], [1.699525918508212e-05, 2.2660345580109495e-05], [1.699525918508212e-05, 2.8325431975136868e-05], [2.2660345580109495e-05, 0.0], [2.2660345580109495e-05, 5.665086395027374e-06], [2.2660345580109495e-05, 1.1330172790054747e-05], [2.2660345580109495e-05, 2.8325431975136868e-05], [2.8325431975136868e-05, 5.665086395027374e-06], [2.8325431975136868e-05, 1.1330172790054747e-05], [2.8325431975136868e-05, 1.699525918508212e-05], [2.8325431975136868e-05, 2.2660345580109495e-05], [2.8325431975136868e-05, 2.8325431975136868e-05]]}, "meta": {"timestamp_start": 1700090118.660085, "timestamp_end": 1700090175.059126, "version": "1.1"}, "sim_result": {"sim_density": null, "sim_counts": null, "sim_dt": null, "sim_timestamp": null}, "qpu_result": {"qpu_density": [0.87, 0.09, 0.46464646464646464, 0.27, 0.0707070707070707, 0.20202020202020202, 0.7, 0.73, 0.05, 0.336734693877551, 0.16, 0.18, 0.020202020202020204, 0.55, 0.26, 0.5858585858585859, 0.5, 0.06060606060606061, 0.09, 0.13, 0.5, 0.2, 0.68, 0.16, 0.7], "qpu_counts": {"rgrgggrrgggggrgrggggrgrgr": 1, "rgggggrrgggggggrrgggrgrgr": 1, "rggggrrrgggggrrgggggrgrgr": 1, "rgrgggrrgrggggrgggggrgrgr": 1, "rggrgggrgggggrgrrgggrgrgr": 1, "gggrgggrgggggrrgggggrgrgr": 1, "rgrgggrggggrgrgrrgggrgrgr": 1, "rgrgggrrgrggggggggggrgrgr": 1, "rggrgggrgrgggggrggggggrgr": 1, "rgrgggrrgggggrgrrgggggrgr": 2, "rggggrgrgggggrrgrggggrrrg": 1, "ggrgggrrgrgggggrggrgggggr": 1, "rggggrrrgggggrgrrggggrggr": 1, "ggrgrggggggrgrgrgggrrgrgr": 1, "rggggrgrggrggrgrrgggrgrgr": 1, "grgrggrggrgrgrgrggggrgrgr": 1, "grgggggrgrrgggggrggrggggg": 1, "rgggggrrgggggrggrggggrgrr": 1, "rgggggrrgggggrgrgggggrgrg": 1, "rggggrrrgggggrgrrgggggrgr": 1, "rgrgggrgrggrgggrgggggggrg": 1, "rggrggrrgggggrggggggrgrgr": 1, "grggggggggggrgrggrggrgrgr": 1, "rgrggggrgggggrgrggggrgrgg": 1, "rgggggrggggrgrgggggrgrgrg": 1, "ggrgggrrgrggggggrgggrgrgr": 1, "rggggrrrgggggrgrrgggrgrgr": 1, "rggggrrrgggggrgrggggrgrgr": 2, "rgrgggrrgrgggggrrgggrgrgr": 1, "rgrgggrrgggggggrrgggrgrgr": 1, "rgrgggrrgggggrgrrgggrgrgg": 1, "grgrggggrrrrgggggrgrggrgg": 1, "rggggrrggggrgrgrggggrgrgr": 1, "rgggrrrrrgggggrggggggggrg": 1, "rgrggggrggrggrgrrgggggrgr": 1, "rgrgggrrgrgggggrrgggggrgr": 2, "rrgrrgrggggggggrrgggrgrgr": 1, "rgrgggrrgrgggggrrgrgggrgg": 1, "rgrgggrrgggggrrgrggggrggr": 1, "rgrgggrrgggggrrgrggrgrggg": 1, "rgggggrrgggggrrgrgggrgrgr": 1, "rgrgrgrggggrgrgrgrggrgrgr": 1, "grgrgggggrggggrgggggggrgr": 1, "rgrgggrggrgrgggrgggrgrggg": 1, "rggrgggggrrrggggggggrgrgr": 1, "rgrgggrrgggggrrgggggrgrgr": 1, "rggrgggrgggggrgggggrrgrgg": 1, "rgrgrgggggrggggrrggggrgrg": 1, "rggrgggrggrggrgrrgggrgrgr": 1, "rggrggggggrggggrrgggggrgr": 1, "rgrgggrrgrggggrgrgrgggrrg": 1, "rgrgggrrgggggggrggggrgrgr": 1, "rggrgggrgrrggggrrgggggrgr": 1, "rggrgggrgrrgggggrggrgrggg": 1, "rggrggrrgggggrgrrgggggrgr": 1, "rgrgggrrgrggrgrgrggggrgrg": 1, "rggggrrrgggggrrgrggggrggr": 1, "rgrgggrrgrrggggrrgggggrgg": 1, "rgrgggrrgrggggrgrgrgggggg": 1, "rgrgggrrgggggrgggggggrgrg": 1, "rggggrgrgggggrggrggrggggr": 1, "rggrgrgrgrrggggrgrrgrrgrg": 1, "rgggggrrgrgggggrrgggggrgr": 1, "rggggrgrgggggrrgrgggggrgr": 1, "rggrgggrggrggrgrggggrgrgr": 1, "rggrrggggggggrrgrgggrgrgr": 1, "grgrggrrgrgggggrgrggggggr": 1, "rgrgggrrrggggrggggggrgrgr": 1, "rgrgggrrgggggrrgrggggrgrg": 1, "rggggrrggggrgrgrgggggrgrg": 1, "rgrgggrggggrgrgrggggrgrgr": 1, "rgrgggrrgrggggrgrgrgggggr": 1, "rgrgggrrgggggrgrrggggrgrg": 1, "rgrgggrrgggggrgrrgggrgrgr": 1, "rgggrgrggggggggrrgggggggr": 1, "rgrgggrrgrgggggrggggrgrgr": 2, "gggrggggrgrrgrgggggrrgrgg": 1, "rgrggrrrgrggggrgggrgrgrgr": 1, "rgggrgrrgrggrgrgrgrrrgggg": 1, "rgggggrrgggggrgrrgggggggr": 1, "rgrrggrrgggggggrggggrgrgr": 1, "rggrgrrggggrgrgrgrgggrrrg": 1, "rggrgrgrgrgggrrgrgggrgrgr": 1, "rgrgggrrgggggrrgrgggggrgr": 1, "grgrggrggggggrgrggggrgrgr": 1, "rgrgggrggrgggggrrgrrggrgr": 1, "grgrgggrgggggrrgggggrgrgr": 1, "rgrgggrggrgrggggggggrggrg": 1, "rgrgggrrgggggrgrggggggrgr": 1, "rggrgggrggrggrgrrggggrggr": 1, "rgrgggrggrgrgggrggggrgggr": 1, "rgrgggrggrgrggrggggrrgggg": 1, "rgrgggrrgrgggggrgrggggrgr": 1, "rggrgrgrggrggggrggggrgrgr": 1, "rggggrrrgggggrrggggggrggr": 1, "rggggrgggggrgrgrggggrgrgg": 1}, "qpu_dt": 56.39493203163147, "qpu_timestamp": 1700090118.661717}, "settings": {"time_points": [0, 2.5e-07, 2.75e-06, 3e-06], "amplitude_values": [0, 15700000.0, 15700000.0, 0], "detuning_values": [-20000000.0, -20000000.0, 20000000.0, 20000000.0], "phase_values": [0, 0, 0, 0], "blockade_radius": 8.04442268093887e-06, "n_site_max": 256, "C6": 5.42e-24, "x_min": 0, "y_min": 0, "R": 1.42, "factor": 5.665086395027374e-06}}