{"problem": {"instance_name": "UDMIS5TG_N30_W1.0_R0.2.orig", "instance_data": [[0.0, 1.0725896907918495e-05], [0.0, 1.608884536187774e-05], [0.0, 2.6814742269796237e-05], [0.0, 3.217769072375548e-05], [0.0, 3.7540639177714733e-05], [5.362948453959247e-06, 2.145179381583699e-05], [5.362948453959247e-06, 2.6814742269796237e-05], [1.0725896907918495e-05, 5.362948453959247e-06], [1.0725896907918495e-05, 1.608884536187774e-05], [1.0725896907918495e-05, 3.217769072375548e-05], [1.608884536187774e-05, 5.362948453959247e-06], [1.608884536187774e-05, 1.0725896907918495e-05], [1.608884536187774e-05, 2.145179381583699e-05], [1.608884536187774e-05, 3.7540639177714733e-05], [2.145179381583699e-05, 5.362948453959247e-06], [2.145179381583699e-05, 1.0725896907918495e-05], [2.145179381583699e-05, 1.608884536187774e-05], [2.145179381583699e-05, 2.145179381583699e-05], [2.145179381583699e-05, 2.6814742269796237e-05], [2.6814742269796237e-05, 0.0], [2.6814742269796237e-05, 1.0725896907918495e-05], [2.6814742269796237e-05, 1.608884536187774e-05], [2.6814742269796237e-05, 2.6814742269796237e-05], [2.6814742269796237e-05, 3.217769072375548e-05], [3.217769072375548e-05, 3.7540639177714733e-05], [3.7540639177714733e-05, 0.0], [3.7540639177714733e-05, 1.0725896907918495e-05], [3.7540639177714733e-05, 2.6814742269796237e-05], [3.7540639177714733e-05, 3.217769072375548e-05], [3.7540639177714733e-05, 3.7540639177714733e-05]]}, "meta": {"timestamp_start": 1698263415.679305, "timestamp_end": 1698263664.843702, "version": "1.0"}, "sim_result": {"sim_density": null, "sim_counts": null, "sim_dt": null, "sim_timestamp": null}, "qpu_result": {"qpu_density": [0.6868686868686869, 0.20202020202020202, 0.59, 0.05, 0.9, 0.2, 0.13, 0.7878787878787878, 0.55, 0.4, 0.12121212121212122, 0.1, 0.37373737373737376, 0.6161616161616161, 0.13131313131313133, 0.2222222222222222, 0.09, 0.22, 0.13131313131313133, 0.898989898989899, 0.26, 0.42, 0.15, 0.58, 0.18, 0.8787878787878788, 0.94, 0.89, 0.04, 0.74], "qpu_counts": {"grrgrggggrggrrgggggrrrrgrgrrgg": 1, "rgggrggrggggrrgrgggrggggggrrgr": 1, "ggggrgrrrgrggrgggggrrgrgrrrggg": 1, "grgrgrgggrgrrggggggrggrggrrrgr": 1, "rgrgrggrrrgggggrgrgrgggrgrrggg": 1, "rgggrrgrgggggrrggrgrgggrgrrrgr": 1, "ggrgrggrrggrggrggggggggrgrrrgg": 1, "grggrggrrggggrgggrgrrggrggrrgr": 1, "ggggggrrgggggrrgggrrgrggrgrgrg": 1, "rgggrgrrggggrggrgggrgrgrgrrrgr": 1, "rggggrgrgggggrgggggrggrggrrggr": 1, "rgrgrggrgrggrgrggggggrrgrrrrgg": 1, "rgggrrgrggggrrgggggrgrgrgrrrgr": 1, "rgrgrggrrrggggggrggrggggrgrrgg": 1, "rgrgrggrrrgggrgggggrgggrgrrrgr": 1, "rgrgrggrrggggrgggrgrgggrgrrrgr": 1, "rgggrrgggggrrrgggggrggrggrrrgr": 1, "rgggrgggggrgrrgggggrgrgrgrrrgr": 1, "rgggrrgggggrrrgggggrgrrggrrrgr": 1, "rgrgrggrrrggggrgggrrgrgggrrrgg": 1, "rgggrrgrggggrrrggggrgrgrgrrrgr": 1, "rgrgrggrgggggrgggggrrgrgrrrrgg": 1, "grrggggrgrggrgggggrrrggrgrrrgr": 1, "ggrgrggggggrrrgggggrgrgrgrrrgr": 1, "rgggrrgrgrgggggggrgrrrgrgrrrgr": 1, "grrgrggrgrggggrggggggrgrgrrrgr": 1, "grrgrggrrggggrggrggrggrgrrrrgg": 1, "rgrgrggrrggrgrggggrrrggggrgrgr": 1, "rgrgrggrrggggrgrgrgrgggrgrgrgr": 1, "rgggrrggggrgrrgggggrgrgrgrrrgr": 1, "grgrgrggggggrggggggrgrgggrrrrg": 1, "rgrgrggrrrgggggggggrgrggrrrrgg": 1, "grrgrggrrggggrgggggrgrggrrrrgg": 1, "rgrgrggrrrggggggggrrgrggggrrgr": 1, "rgrgrggrrrgggggrgrgrgggrgrrrgr": 1, "rgggrgrrggggrggrgggrgggrrrrrgg": 1, "rgrgrggrrggggrgrrggrgggrgrrggr": 1, "grggrggrrrggggggggrrgrgggrrrgr": 1, "rgrgrggrggggrggggggrgrrggrrrgr": 1, "rgrgrggrrgggrrgrgggrgggrgrrrgr": 1, "rgrgrggrrrggrggrgggrgggrgrrrgr": 1, "ggrgrggrrggggrggggrrrgggrrrrgg": 1, "rgggrgrrrggggrgggrgrrggrgrrrgr": 1, "gggrgrggrrrggrggrrgrgggrrrrrgr": 1, "rggrgggggrggrggggggrrggrgrgrgr": 1, "rgrgrggrrrgggrgggrgrrggrgrrrgr": 1, "rgggrgrrrrgggggrgggrgrgggrrgrg": 1, "rgrgrggrrrgggrgrgrgrgggrgrrrgr": 1, "rrrgrggrrggggrggggrrgrgggrrrgr": 1, "grrgrggrggggrrrggggggrgrgrrrgr": 1, "grrgrggrrgggrrgrgggrgrgggrrrgr": 1, "rgggrrgrggggrggggggrgrrgrrrrgg": 1, "rgrgrggrrrgrgrgggrgrrggrgrrrgr": 1, "ggrgrggrggggrrgggggrgrgggrrrgr": 1, "rgrgrggrgrggrggrgggrgrgrgrrrgr": 1, "grrgrggrrggggrgggrgrrggggrggrg": 1, "rgggrgrgrggggrgggrgrrggrgrrggr": 1, "rgrgrgggrrrggggggggrgrgggrrrgr": 1, "grggrgrrrggggggggrgrrggrgrrrgg": 1, "rgrgrggrgggggrgrggggrggrgrrrgr": 1, "rgggrgrrrggggrggggrrgrgggrrrgr": 1, "rgggrrgrgrgggggrgrgrgggrgrrggg": 1, "ggrgrggrggggrrgggggrgrgrgrrrgr": 1, "rgrgrggrrgrggrgggrgrgggrgrrrgg": 1, "rgrgrgggrrrggggggggrgrgrgrgrgr": 1, "rgrgrggrggggrrrggggggrrgggrrgr": 1, "rgrgrggrgrggrggggggrgrgrgrgrgr": 1, "rgrgrggrgggggrgggggrgggggrrrgr": 1, "rgggrrgggrggggrgrgrrgggggrrrgr": 1, "grrgrggrggggrrgggggrrggrgrrrgr": 1, "rgggrggrrrgggrgggrgrrggrgrrrgr": 1, "rgrgrgggggrgrrgrgggrgggrgrrrgr": 1, "rgrgrggrrrgggrgrgggrgggrgrrrgr": 1, "rgrgrggrrrgggrgggggrgrgrgrrrgr": 1, "rgrggggrrggggrgggggrgrggggrrgr": 1, "rgrgrggrrggggrggggrrrggggrrrgr": 1, "ggggrrgrgrgggggrgggggggrgrrrgr": 1, "rgrgrggrrrgggggggggrgrgrgrrrgr": 1, "grggggrrrggrggrgrggrgrrgrrrrgg": 1, "rgrgrgggrrrggggggrgrgggrgrrrgr": 1, "rggrrrgrggggrrrggggggrgrggrrgr": 1, "grrgrggrrrgggggrggrrgggggrrrgr": 1, "rgrgrggrrgggggggrgrrgggrgrrrgr": 1, "rgrgrgggrrrggrggrggrgggrgrrrgr": 1, "ggggrrgggggrrrgggggrrggrgrrggr": 1, "rgggrrgrggggrrrggggggrrgrrrrgg": 1, "rgrgrrggggrgrrgggggrgrggrrrrgg": 1, "rggggggrrrgggrgggrgrrggrggrrgr": 1, "grggrgrrrggggrggrggrgggrgrrrgr": 1, "ggggrggrrggggrggggrgggrggrrrgr": 1, "rgggrgrrggggrrrggggrgrgrgrrrgr": 1, "rgrgrggrrgggrrgggrgrrggrgrrrgr": 1, "rgggrrgrggggrrgggggrgrggrrrrgg": 1, "grrgrggrrrrggggrgggrgggrgrrrgr": 1, "rgrgrggrrgrggrgggggrrgggrrrrgg": 1, "rgggrgrrrggggrgrgggrgrgrgrrggr": 1, "rgrgrggrgrggrggrgggrgggrgrrrgr": 1, "grrgrggrgrggrggggggrrggrggrrgr": 1, "grggrgggrrgrgggrgrgrrgggggrrgr": 1, "rgrgrgggrggggrgggggrrggrgrrrgr": 1}, "qpu_dt": 249.15270280838013, "qpu_timestamp": 1698263415.686374}, "settings": {"time_points": [0, 2.5e-07, 2.75e-06, 3e-06], "amplitude_values": [0, 15700000.0, 15700000.0, 0], "detuning_values": [-20000000.0, -20000000.0, 20000000.0, 20000000.0], "phase_values": [0, 0, 0, 0], "blockade_radius": 8.04442268093887e-06, "n_site_max": 256, "C6": 5.42e-24, "x_min": 0, "y_min": 0, "R": 1.5, "factor": 5.362948453959247e-06}}