{"problem": {"instance_name": "UDMIS080EXT_N30_W1.0_R0.3.orig", "instance_data": [[0.0, 8.696673168582562e-06], [0.0, 1.3045009752873843e-05], [0.0, 1.7393346337165125e-05], [0.0, 2.1741682921456406e-05], [0.0, 2.6090019505747687e-05], [4.348336584291281e-06, 4.348336584291281e-06], [4.348336584291281e-06, 1.7393346337165125e-05], [4.348336584291281e-06, 2.1741682921456406e-05], [8.696673168582562e-06, 8.696673168582562e-06], [8.696673168582562e-06, 1.7393346337165125e-05], [8.696673168582562e-06, 2.6090019505747687e-05], [1.3045009752873843e-05, 4.348336584291281e-06], [1.3045009752873843e-05, 8.696673168582562e-06], [1.3045009752873843e-05, 2.6090019505747687e-05], [1.7393346337165125e-05, 4.348336584291281e-06], [1.7393346337165125e-05, 8.696673168582562e-06], [1.7393346337165125e-05, 1.3045009752873843e-05], [1.7393346337165125e-05, 1.7393346337165125e-05], [1.7393346337165125e-05, 2.1741682921456406e-05], [2.1741682921456406e-05, 0.0], [2.1741682921456406e-05, 4.348336584291281e-06], [2.1741682921456406e-05, 8.696673168582562e-06], [2.1741682921456406e-05, 1.3045009752873843e-05], [2.1741682921456406e-05, 2.1741682921456406e-05], [2.1741682921456406e-05, 2.6090019505747687e-05], [2.6090019505747687e-05, 4.348336584291281e-06], [2.6090019505747687e-05, 8.696673168582562e-06], [2.6090019505747687e-05, 1.3045009752873843e-05], [2.6090019505747687e-05, 2.1741682921456406e-05], [2.6090019505747687e-05, 2.6090019505747687e-05]]}, "meta": {"timestamp_start": 1700090925.213807, "timestamp_end": 1700090983.809853, "version": "1.1"}, "sim_result": {"sim_density": null, "sim_counts": null, "sim_dt": null, "sim_timestamp": null}, "qpu_result": {"qpu_density": [0.22, 0.4387755102040816, 0.24, 0.12, 0.7, 0.5959595959595959, 0.05, 0.02, 0.11, 0.5, 0.21, 0.38, 0.09, 0.5959595959595959, 0.06, 0.11224489795918367, 0.17, 0.22, 0.13131313131313133, 0.65, 0.07, 0.010101010101010102, 0.07, 0.06, 0.14, 0.15, 0.25252525252525254, 0.55, 0.16, 0.6464646464646465], "qpu_counts": {"ggrggrgggrrgrgggggrrgggggggrgr": 1, "rgrgrgggrgrggggggrgrgggggggrgr": 1, "grggrrgggggggrrggrggggggggrgrg": 1, "rggggggggrrgggggrgrrggggggrggr": 1, "grgggrggggrgggggggrrgggggggrgr": 1, "rggrgggggrrrgggggggrggrggggggr": 1, "gggrgrgggrgrgrgggrgrggggggrggr": 1, "grggrrggggrgrgggggrrggggggrggr": 1, "grggrrgggrgggrgrgggrgggggggrrg": 1, "grggrrgggrgggrggrggrgggggggggr": 1, "grggrggggrggrggggggrgggggggrgr": 1, "ggrgrrgggggggrgggggrgggggggrrg": 1, "grggrggggggrgrggggggggrggrgggr": 1, "grggrrgggrgggrgggggrgggggggrgr": 1, "grggrrgggggggrgggggrgggrggrggg": 1, "rgggrggggggrgggggggrggggggrggr": 1, "ggrgrrgggggrgrggrggrgggggggrgr": 1, "grggrrgggrgggrggrggrgggggggrgr": 2, "ggrgrrgggrgggrgggrggrggggggrgg": 1, "gggrgrgggrggrrgggggggggggrgrrr": 1, "grggrggggrgrgrggggggggggggrggr": 1, "gggrgrgggrgrgrggrggrgggggggrgr": 1, "rgggrggggrgrggggrggrggggrggrgg": 1, "grggrrgggrggggggggrrggggggrggr": 1, "rrrgrgggggrrgrggggggrggggggrgr": 1, "grggrrggggggggggggrrgrggggrggr": 1, "ggggrggggggrgrgggrgrgggggggggr": 1, "rgrgrgggrggggrgggrgrggggrgrggr": 1, "grggrrggggggrggggggrrggggggrrg": 1, "grggrrgggrgggrggggggggrggrgggr": 1, "ggggrggggrgrggggggrrgggggggrgr": 1, "grggrrgggrgrgrgggrgrggggrgrggr": 1, "grggrrggggrggggrggrrgggggggrgg": 1, "ggrggrgggggggrgggrgrgrgggggggr": 1, "rgrgrggggggggrrggrgrgggggggggr": 1, "grggrrgggrggrrgggggrgggggggrgr": 2, "grggrrgggggggggrgggrgggggggrgr": 1, "ggrgrrgggggggrgrgggrgggrgggrgg": 1, "ggggrrrggggggrgggrgrgggggggrgr": 2, "grgggggrrggggrgggrgggggggrggrg": 1, "rgggrggggrrrgggggggrgggrgggrgg": 1, "grggrggggggggrrgggrggggggrgggr": 1, "ggggrrrgggrggggggrgggggggggrgr": 1, "rgggggggrgggggggrggrggggrgrggg": 1, "ggrgrgggrgrgggrggggggggrgrrrgg": 1, "rgggrrgggrgggrrggrggggrggrgrgr": 1, "grggrggggrrrgrggggrrgggggggrgr": 1, "gggrgrgggrgggggrgggggggrgrgrgg": 1, "grggrrgggrgrgggggggrggggrgrggg": 1, "ggggrgggrrgggggrggrrggggggrggr": 1, "ggrgrgggrggggrgrgggggggggggrgr": 1, "grggrrgggggrgrgggggggggggggrgr": 2, "grgrggggrgrggggggggrggggrggrgg": 1, "grggrggggrgrgrggrggrgggggggrgr": 1, "grggrggggrgggggggggrgggggggrgr": 1, "ggrggrggggggrrgggggrggrggggggr": 1, "ggggggggggrrggggrgggggggrrgggg": 1, "ggggrrrgggggrrgggrgrgggggggrgr": 1, "ggrggggggggrggggggrggggggrgrgr": 1, "grrgrrgggggggrgggggrggggrggggg": 1, "rgrggggggrrrgggggggrggggrggrgg": 1, "grgggrgrgggggrgggrgrggggggrggr": 1, "ggggrgggggrrgggggrgrggggrggrgg": 1, "ggrgrrgggrgggrgrgggrgggggggrrg": 1, "rgrgrggggrggggggrgrggggggrgrgr": 1, "rggrggggggrrggggrggggggggggrrg": 1, "grggrrgggrgrgrggggggrgrggggggr": 1, "ggggrggggrggggggrggrggggggrgrg": 1, "grggrrgggrgrggggrggrggggrggggg": 1, "ggrggrgggrgrgrgggggggggggrgrgr": 1, "rgggrggggggrgrggggggggggggrggr": 1, "rrgrggggggrrgggggggrgggggggrgr": 1, "rgggggggrggggrgggrgrggggggrggr": 1, "ggrggrgggggrgrgggggrggggggrggr": 1, "rggggrrgrgrggggggrgrggggrggrgg": 1, "grgrgrgggggggrggggggggggggrggr": 1, "grggrrggggrgggggrgggrggggggrrg": 1, "grggrrgggrgggrgrgggrggggggggrg": 1, "ggrgrrgggggggrgggrgrggggggrggr": 1, "ggrgrrgggrgrgrgggggggggggrgrgr": 1, "grggrrgggrgrgrggggggggggggggrg": 1, "rgggrggggrgrggggrggrggggggrgrg": 1, "rgggrggggggggrggggggrgrggggggr": 1, "ggggrrgggrgrgrgrggggrggggggrgr": 1, "gggrgrgggrgggrgrgggggggggggrrg": 1, "grggrggggggrgrgggrggggggggrgrg": 1, "gggggrgggggggrgggggrgggggggrgr": 1, "grgggrgggrggggrggggggggrgrgrgg": 1, "rggrrggggrgrgrgggggggggggrgrgr": 1, "grggrgggrggggrgggrgrgggggggrgr": 1, "grggrrgggrgggggrggggggggrggggg": 1, "grggrrgggrgggrgggggrgggggggggr": 1, "ggrggrgggrrrgggggggrggggrggrgg": 1, "rgggrggggrgggrgrgggggggggggggr": 1, "gggrgrgggrgrggggrgrrggggggrgrg": 1, "ggrggrgggrgrgrgggggrggggggrggr": 1}, "qpu_dt": 58.58900260925293, "qpu_timestamp": 1700090925.215469}, "settings": {"time_points": [0, 2.5e-07, 2.75e-06, 3e-06], "amplitude_values": [0, 15700000.0, 15700000.0, 0], "detuning_values": [-20000000.0, -20000000.0, 20000000.0, 20000000.0], "phase_values": [0, 0, 0, 0], "blockade_radius": 8.04442268093887e-06, "n_site_max": 256, "C6": 5.42e-24, "x_min": 0, "y_min": 0, "R": 1.85, "factor": 4.348336584291281e-06}}