{"problem": {"instance_name": "UDMIS001EXT_N15_W1.0_R0.2.orig", "instance_data": [[0.0, 0.0], [0.0, 6.435538144751096e-06], [0.0, 1.2871076289502192e-05], [6.435538144751096e-06, 0.0], [6.435538144751096e-06, 6.435538144751096e-06], [6.435538144751096e-06, 1.2871076289502192e-05], [6.435538144751096e-06, 1.9306614434253288e-05], [6.435538144751096e-06, 2.5742152579004385e-05], [1.2871076289502192e-05, 2.5742152579004385e-05], [1.9306614434253288e-05, 6.435538144751096e-06], [1.9306614434253288e-05, 1.2871076289502192e-05], [1.9306614434253288e-05, 1.9306614434253288e-05], [1.9306614434253288e-05, 2.5742152579004385e-05], [2.5742152579004385e-05, 0.0], [2.5742152579004385e-05, 6.435538144751096e-06]]}, "meta": {"timestamp_start": 1700091272.47529, "timestamp_end": 1700091329.6183, "version": "1.1"}, "sim_result": {"sim_density": null, "sim_counts": null, "sim_dt": null, "sim_timestamp": null}, "qpu_result": {"qpu_density": [0.5353535353535354, 0.1414141414141414, 0.59, 0.38, 0.32, 0.30303030303030304, 0.14, 0.76, 0.08, 0.27, 0.67, 0.13, 0.8383838383838383, 0.826530612244898, 0.1], "qpu_counts": {"ggrrgggrggrgrrg": 6, "ggrrgggrgrgrggg": 1, "ggrrggrggrggrgg": 1, "rrrgrggrggrgrrg": 1, "rggggrgrggrgrrg": 4, "gggrgrgrggrgrrg": 3, "rgrggggggrgrgrg": 1, "rrgggrgrggrgrgg": 1, "rgggrgrggrggrrg": 1, "rgrgrgggggrgrrg": 1, "rrrggrgrgrggrrg": 1, "rgrgrggrggrgrrg": 9, "ggrrggrgggrgrrg": 1, "gggggrgrggrgrrg": 2, "ggrrggggggrgrgg": 1, "ggrrggggggrgrgr": 1, "gggrgrggrrgrrrg": 1, "ggrrgggrrgrgrgg": 1, "grgrgrgrggrgrrg": 3, "gggrgrgrgrggrgg": 1, "rgrggggrggrgrrg": 6, "rgrgrgrgggrggrg": 1, "rggggggrggrgrgg": 1, "ggrgrggrggggrgr": 1, "rgrgrgrgggrrgrg": 1, "gggrgrgrgrggrrg": 2, "rgrgrggrggrgrgr": 1, "rgrgrggrgrggrrg": 2, "gggrgggrggrgrrg": 1, "grgrgrgggrggrrg": 1, "rgrgrgrgrggrgrg": 1, "grgrggggrgrggrg": 2, "gggrgggrggrggrg": 1, "rggggrgrgrggrrg": 2, "ggrrgggrgrggrrg": 2, "gggrgrgggggrggr": 1, "rgrgrggrgrgrgrg": 1, "grgrgrgrgrgrrrg": 1, "rgrgrgrgggrgrrg": 3, "gggggrgrgrggrrg": 1, "rgrgrrgrgrgrgrg": 1, "ggrrgggrggrgrrr": 1, "ggrgrggrggrgrrg": 1, "rggggrgrggggrgr": 1, "rggggrgrgrgrgrg": 1, "rgrggggrgrggrrg": 3, "rgggrggrggrgrrg": 2, "rgggggrgggrgrrg": 1, "ggrgggrgggrgrrg": 1, "grgrgggrggrgrrg": 1, "rgrgrggrggrgrrr": 1, "grgrgggrgrgrgrg": 1, "rgrggggrggggrrg": 1, "ggrgrgggggrgrrg": 1, "rgrggrgrrgrgrgr": 1, "rgrggggrggrgrgr": 1, "rgrgrggrrrggrrg": 1, "grgrggrgrgrrgrg": 1, "rgrgrgrgggrgrgg": 1, "ggggrgrgggrgrrg": 1, "rgrggggrgrgrgrg": 1, "gggrgrgrggrgrgg": 1, "grgrgrgrggrggrg": 1, "grgrgrgrggggrgr": 1}, "qpu_dt": 57.13974976539612, "qpu_timestamp": 1700091272.476598}, "settings": {"time_points": [0, 2.5e-07, 2.75e-06, 3e-06], "amplitude_values": [0, 15700000.0, 15700000.0, 0], "detuning_values": [-20000000.0, -20000000.0, 20000000.0, 20000000.0], "phase_values": [0, 0, 0, 0], "blockade_radius": 8.04442268093887e-06, "n_site_max": 256, "C6": 5.42e-24, "x_min": 0, "y_min": 0, "R": 1.25, "factor": 6.435538144751096e-06}}