{"problem": {"instance_name": "UDMIS087EXT_N40_W1.0_R0.2.orig", "instance_data": [[0.0, 0.0], [0.0, 1.7393346337165125e-05], [0.0, 2.1741682921456406e-05], [4.348336584291281e-06, 0.0], [4.348336584291281e-06, 8.696673168582562e-06], [4.348336584291281e-06, 1.3045009752873843e-05], [4.348336584291281e-06, 2.1741682921456406e-05], [4.348336584291281e-06, 2.6090019505747687e-05], [8.696673168582562e-06, 4.348336584291281e-06], [8.696673168582562e-06, 8.696673168582562e-06], [8.696673168582562e-06, 1.7393346337165125e-05], [8.696673168582562e-06, 2.6090019505747687e-05], [8.696673168582562e-06, 3.0438356090038968e-05], [1.3045009752873843e-05, 0.0], [1.3045009752873843e-05, 4.348336584291281e-06], [1.3045009752873843e-05, 8.696673168582562e-06], [1.3045009752873843e-05, 1.3045009752873843e-05], [1.3045009752873843e-05, 2.1741682921456406e-05], [1.3045009752873843e-05, 2.6090019505747687e-05], [1.7393346337165125e-05, 0.0], [1.7393346337165125e-05, 8.696673168582562e-06], [1.7393346337165125e-05, 2.1741682921456406e-05], [1.7393346337165125e-05, 2.6090019505747687e-05], [1.7393346337165125e-05, 3.0438356090038968e-05], [2.1741682921456406e-05, 4.348336584291281e-06], [2.1741682921456406e-05, 8.696673168582562e-06], [2.1741682921456406e-05, 2.1741682921456406e-05], [2.6090019505747687e-05, 0.0], [2.6090019505747687e-05, 4.348336584291281e-06], [2.6090019505747687e-05, 8.696673168582562e-06], [2.6090019505747687e-05, 1.3045009752873843e-05], [2.6090019505747687e-05, 2.1741682921456406e-05], [2.6090019505747687e-05, 2.6090019505747687e-05], [2.6090019505747687e-05, 3.0438356090038968e-05], [3.0438356090038968e-05, 0.0], [3.0438356090038968e-05, 8.696673168582562e-06], [3.0438356090038968e-05, 1.3045009752873843e-05], [3.0438356090038968e-05, 2.1741682921456406e-05], [3.0438356090038968e-05, 2.6090019505747687e-05], [3.0438356090038968e-05, 3.0438356090038968e-05]]}, "meta": {"timestamp_start": 1700089440.73601, "timestamp_end": 1700089498.816038, "version": "1.1"}, "sim_result": {"sim_density": null, "sim_counts": null, "sim_dt": null, "sim_timestamp": null}, "qpu_result": {"qpu_density": [0.75, 0.32, 0.46, 0.13, 0.4, 0.17, 0.10101010101010101, 0.18181818181818182, 0.14, 0.08, 0.24, 0.09, 0.5050505050505051, 0.39, 0.03, 0.08, 0.3434343434343434, 0.1717171717171717, 0.03, 0.40404040404040403, 0.13131313131313133, 0.27, 0.050505050505050504, 0.6, 0.15, 0.32653061224489793, 0.26, 0.2, 0.020202020202020204, 0.03, 0.12244897959183673, 0.09, 0.01, 0.18, 0.7777777777777778, 0.16, 0.5353535353535354, 0.3333333333333333, 0.0707070707070707, 0.6428571428571429], "qpu_counts": {"rgrgrgggggggrrggrggggggrgggrggggggggrggr": 1, "rgrggrggrgggrgggrggrggggggggggrgggrggggr": 1, "rgrgrgggggggrrggrggggggrrgrgggggggrgrggg": 1, "rgrggggggggggrggrggggggrrgggggggggrggggg": 1, "grgrggrgggrgrgggrggrgrgggrggggggggrgrggr": 1, "rgrggrgggggrgggggggrgrgrggggggrrggrggggg": 1, "rgggrgrgggggrrgggrgggggrgggrgggggggrgggr": 1, "rggggrgrgggggrgrgggggrgrggggggggggrgrggr": 1, "gggrgrrgggggrrggrgggggggrgrggggggrrgrggg": 1, "rrggrggggggrgrggrggggggrgrrgggggggrggrgr": 1, "rrggrggggggggrgggggggrgrrggggggrggrgrggr": 1, "rgrggggggggrgrggrrgggggrgrrgggggggrggggr": 1, "rgrgrgggggggrgggrggrggggggrrggggggggrrgr": 1, "rgrggggggrggrggggggrggrggrgrgggggrggrrgg": 1, "rgrgrgggggrgrggggggrrrgrgggggggggrrgrggg": 1, "ggrgggggggggrggggrgrgggrgrggggggggrgrggr": 1, "ggrrrgggggggggggrggrgggggggggrggggrggrgg": 1, "rgrgrgggggrgrrgggggggrgggrggggggggrgrggr": 1, "rgggrgrggggggggggggrrggrrrgrggrrgggggggr": 1, "gggrgggrggggggrggggggggrgrrgggggggrgrggr": 1, "rgggggggggrgrrgggggggrgggggrggrggggggrgg": 1, "rrgggggrgrgggggggrggrggrgggrggrrggrggggr": 1, "rrggrgggggggrrggrggggggggggrggggggggrggr": 1, "rgrgrgggggrgrrgggggggggrrgggggggggrgrrgr": 1, "rrgggggrrgggggggrggggggrgrrgggggggrgrggr": 1, "rggggggrggrggrggggggggggggggggggggggrggr": 1, "ggrrggggggggrggrgggrggggggggggggggrrgrgr": 1, "rgrgggggrgrggggrgggggggrggggggggggggrggr": 1, "rgrgggggggggrggggggrgggrgrrgggggggrrgrrr": 1, "rgrgrgggggggrrggrggggrgggggggggggrrgrrgg": 1, "rrggrggggggrgrggrgggggrgrgggggggggrgrggr": 1, "rgrggrggrgggrggggrgrgrggggrgggggggrgrggr": 1, "rggggrrgggggrggggggrgrggggggggrgggrggggr": 1, "ggrrrgggggggrrgggggggrgrgrggggggggrgrggr": 1, "rrgggggggggggrgggrgggggrrrggggggggrgrgrg": 1, "rrgggggrrgggrgggrggrgggrggggggggggrgrggr": 1, "rrgggggggggrggggrggggggrgrgrggggggrggrgr": 1, "ggrgrggggggggrggrggggggrgrggggggggrgrggr": 1, "rrggggggrgggggggrgrrgggggggggrggggrggrgg": 1, "gggrgggrgrrggggggggggggggrrggggggrgrgrgg": 1, "rggggrgrgggggrggrggggggrrgrgggggggrgrggr": 1, "grggggggggrggrggggrgrgggggrrggggggggrggr": 1, "rrggggggggrgrggggggrgggrgggggrrrggrggggr": 1, "ggrrrgggggrggrgggggggggrgrrrggrggggggrgg": 1, "rrggggggrgrggggggggrgrggggggggggggrgrrgr": 1, "rgrgrggrggggrggggrgrrgggggrgggggggrrgrgr": 1, "rrggrggrgggggrggrggggggrgggrggrggggggrgg": 1, "grgrgggrggrggggggggrgrgrgrgggggggrrggggr": 1, "rgrggrgggggggrgggggggggrrgggggggggrgrggr": 1, "rrggggggggrgrgrgggggggrgrgggggggrrrggggg": 1, "rgggrgrgggggrggggggggggggrrgggggggrgrggr": 1, "rrgggggrggggggggrggrgrgrggggggggggrgrgrg": 1, "rrggggggggrgrrgggggggggrgrggggggggrgrggg": 1, "rgrggrggggggrrgggrggrggrgggrgggggggrgggr": 1, "rgrgggggggggrggrgrgrgggrggggggggggrrgrgr": 1, "rgrgrgggggrggrggggggrggrgrggggrgggrgrggr": 1, "ggrgggggggggrrgggggggggrrgrgggggggrggggr": 1, "rgrggggggrrgrggggrggrggrgggrggggggggrggr": 1, "rgggrgrgggggrrggrrggggggrgggrgggggrgrggr": 1, "rrggrggrggggggggrggrgggrgrrgggggggrgrggr": 1, "rgrggrggrgggrggggggrgrggggggggggggrgrggr": 1, "rgrgrgggggggrgggrggrgrggggggggrgggrggrgr": 1, "rgggggggggggrggggrggggrggrgggggggrrgrggg": 1, "rgrggggggrgggrgggrgggggggrggggggggrgrggr": 1, "rrggggggrrggrrgggggggggrgrgggggggrrggrgg": 1, "rgrgrgggggggrgggrggggggrggggggggggrgrggr": 1, "rgrggrggggggrggrggggggrgrggggggggrggrggg": 1, "rgggggrgggggggggrggggggggggrgggrgrrrgggg": 1, "grggrggrgggggggggggrgrgrggggggggggrgrggr": 1, "rgrggrgggggggrgggrgggggrgrgrggggggggggrr": 1, "gggrgrgrggggggggrgrrgggggrrgggggggrgrgrg": 1, "ggggggrgggggrgggrggggggrggrgggggggrggrgg": 1, "rrggrgggggggrrgggggggrgggrgggggggrrggrgg": 1, "rgggrggrggrgggggggggrggrggggggggggrrgrgg": 1, "rgggggggrgggggggrrgrgggrgrggggggggrggggr": 1, "rrggrgggggrggggggggrgggrgggrgggrgrgrgggg": 1, "rgggrgrgggggrgrgrgggrrggggggggggggrgrgrg": 1, "rgggrggggggrrrgggggrrrgggggrggggggggrggg": 1, "ggrrggggggrgrggrgggrgggrgrrgggggggrgrggr": 1, "grggrggggggrgggggggrrrgrgggggggggrrggrgg": 1, "ggrggggggrrgrgggrrgrgrgggggrgggggrgrgrgg": 1, "grggggggrgggrggggggggrgggrgggggggrrgrggg": 1, "rgrgrgggggrgrggggggrggrgggggggggggrrgrgr": 1, "rgrggrggggggrggggggrrrggggggggggggrrgggr": 1, "rgrgrggggggggggggggrgrgrgrggggggggrgrggr": 1, "ggrrggggrgrggggrgggrgggrgrrgggrgggrrgggr": 1, "rrgggggrggggggggrggrgggrggrgggrgggrggrgr": 1, "rrgggggrrggggggggggggggrgrrgggggggrgrrgg": 1, "ggrggrggrgrggggrgggggggggrrgrggggrrrgrgg": 1, "rgrggggggggrgggggggggggrggggggggggggrrgr": 1, "rrggrggrgggggrggrggggggrrgggggrgggrggrgr": 1, "rgrggrggggggrggggggrgrgrggggggggggrgrgrg": 1, "grggrggggggggrgggrgggggggggggggggrrggrgg": 1, "rgggrgggggggrrggrggggggrggrgggggggrgrggr": 1, "rggggrrgggggrggggggrgggrggrgggggggrgrggr": 1, "rgrgrggggggrgggggggrrggrggggggggggrgrggr": 1, "rrgggggggrgggrgggggggggrgggrgggggggrgrgr": 1, "ggrrgggggggggggggggggrgrggggrggrggrgrggr": 1, "grggrgggggggrgggrggrgggggggggggrggrggrgr": 1, "rgrgrgggggggrrgggrgggggrggggggggggrggrrr": 1}, "qpu_dt": 58.073347091674805, "qpu_timestamp": 1700089440.738279}, "settings": {"time_points": [0, 2.5e-07, 2.75e-06, 3e-06], "amplitude_values": [0, 15700000.0, 15700000.0, 0], "detuning_values": [-20000000.0, -20000000.0, 20000000.0, 20000000.0], "phase_values": [0, 0, 0, 0], "blockade_radius": 8.04442268093887e-06, "n_site_max": 256, "C6": 5.42e-24, "x_min": 0, "y_min": 0, "R": 1.85, "factor": 4.348336584291281e-06}}