{"problem": {"instance_name": "UDMIS007EXT_N30_W1.0_R0.2.orig", "instance_data": [[0.0, 0.0], [0.0, 6.435538144751096e-06], [0.0, 1.2871076289502192e-05], [0.0, 2.5742152579004385e-05], [6.435538144751096e-06, 0.0], [6.435538144751096e-06, 6.435538144751096e-06], [6.435538144751096e-06, 1.2871076289502192e-05], [6.435538144751096e-06, 3.217769072375548e-05], [6.435538144751096e-06, 3.8613228868506576e-05], [1.2871076289502192e-05, 6.435538144751096e-06], [1.2871076289502192e-05, 1.2871076289502192e-05], [1.2871076289502192e-05, 1.9306614434253288e-05], [1.2871076289502192e-05, 2.5742152579004385e-05], [1.2871076289502192e-05, 3.217769072375548e-05], [1.9306614434253288e-05, 6.435538144751096e-06], [1.9306614434253288e-05, 3.217769072375548e-05], [2.5742152579004385e-05, 0.0], [2.5742152579004385e-05, 1.9306614434253288e-05], [2.5742152579004385e-05, 3.217769072375548e-05], [2.5742152579004385e-05, 3.8613228868506576e-05], [3.217769072375548e-05, 0.0], [3.217769072375548e-05, 1.2871076289502192e-05], [3.217769072375548e-05, 2.5742152579004385e-05], [3.217769072375548e-05, 3.217769072375548e-05], [3.217769072375548e-05, 3.8613228868506576e-05], [3.8613228868506576e-05, 6.435538144751096e-06], [3.8613228868506576e-05, 1.9306614434253288e-05], [3.8613228868506576e-05, 2.5742152579004385e-05], [3.8613228868506576e-05, 3.217769072375548e-05], [3.8613228868506576e-05, 3.8613228868506576e-05]]}, "meta": {"timestamp_start": 1700090753.387891, "timestamp_end": 1700090810.537116, "version": "1.1"}, "sim_result": {"sim_density": null, "sim_counts": null, "sim_dt": null, "sim_timestamp": null}, "qpu_result": {"qpu_density": [0.6, 0.11, 0.69, 0.9292929292929293, 0.2857142857142857, 0.2857142857142857, 0.09, 0.12121212121212122, 0.8484848484848485, 0.1, 0.39, 0.4, 0.5, 0.16, 0.73, 0.67, 0.49, 0.86, 0.07, 0.71, 0.35, 0.42424242424242425, 0.3, 0.21, 0.08, 0.93, 0.61, 0.24, 0.2, 0.6565656565656566], "qpu_counts": {"rgrggrggrggrgggggrrgrgrggrrggg": 1, "grgrrgggrgrgrgrrgrgrrgrggrrggr": 1, "grgrggggrggrgrrggrgrrrrggrgggr": 1, "rgrrggggrggrgrrggrgrrggggrgrgg": 1, "ggrrgrggrggrggggrggrgggggrgggr": 1, "rgrgggggrgrgrgrrgrgrrgrggrgggr": 1, "rggrgrgrggrgrggrrrgrgrgrgrrrgr": 1, "rgrrggggrgrgrgrggrgrrggggrrggr": 1, "rgrrggggrgrgrggrrrgrgrrggrrggg": 1, "grgrrgrgrggrggrrrrgrgrgrgrgggg": 1, "rgrrggggrggrggrrgrgrrggggrrgrg": 1, "grgrggrgrggrggrrrrgrgrgggggrgr": 1, "rgrrgggrgrgrgggrgrgrgrgrgrrggr": 1, "rggrgrgrggrgrgrgrrgrggrggrrggg": 1, "rgrrgrgrggrgggrggrgrrrgrgrrggr": 1, "grgrgggrggrgrgrrrrgrgrgggrgrgr": 1, "rgrrggggrrgrgggrrrgggrgrgggrgr": 1, "rgrrggggrgrgrgrrrrggggggrrrggg": 1, "rggrrgrrgrgrggggrrrggrggrrgggg": 1, "ggrrrgggrgrgrgrrgrgrrrggggrggr": 1, "rgrrgrggrggrgrggrrgrgggggrrggr": 1, "rggrgrggrggggrrgrrgrggrggrrggr": 1, "rgrgggggrgrgggrrgrgrrggggrrggr": 1, "gggrrggrgggrggrrrrgggrgrgrgrgr": 1, "rgrrgrggrgrgrgrrrggggggrgrgggr": 1, "grgrrgggrggrggrgrggrgrgrgrrggr": 1, "ggrrgrggrggrggrrrrgrgrrggrgggr": 1, "rgrrggggrgrgrgrrrrgrggrggrrgrg": 1, "rgrrggggrgrgrgrggggrrrgggrgggr": 1, "rggrgrggrgrgrgrrgrgrggggggrggr": 1, "rgrrggggrgrgrgrrgrgrggrggrgggr": 1, "rgrrgggggrgrgrgrrrgrgrrggrgggr": 1, "rgrrggggrgggrgrrgrgrgrgggrgrgr": 1, "grgrggggrgrgrgrggrgrggrggrrggg": 1, "rggrggrgrggrggrrrrgrgggrgrrggr": 1, "rgrrgrggrgrgrgrrgrggrgrgrrrgrg": 1, "ggrrrgggrgggrgrrgrggrrgggrgrgr": 1, "rgrrgrggrggrgggrrrgrgggggrrggg": 1, "ggrrrrggrggrgrrgrrgrgrrggrggrg": 1, "rgrrggggrgrgrgrrrrgggrgggrrggr": 1, "rgrrggggrgrgrgrggrgggrgggggrgr": 1, "rgrggrgrgggrggrrgrgrrrgggrgrgr": 1, "rgrrggggrrgrgrgggggrrgrggrrggr": 1, "rgrrggggrgrgrgrggrgrrrgggrrggg": 1, "rgrggrggrggrgrrgrrgrgrgggrgrgr": 1, "rgrrggggggrgrgrggrrgrggggrrgrg": 1, "gggrrgrgrggrggrrrggggrrggrrgrg": 1, "ggrrrgggrgrgrgrrrrgrggrggrgggr": 1, "rgrrggggrgrgrggrrrgggrgrgrgrgg": 1, "gggrrgggrgggrgrrgrgrrrgggrrggg": 1, "ggrrrgggrggrgrrggrgrrrgggrgrgr": 1, "ggrrrgggrgggrgrrggggrrgggrrgrg": 1, "rgrrgrggrgrgrgrggrgrrggrgrrggg": 1, "rgrrggggrgrgggrggrgrgrgggrgrgr": 1, "ggrrggggrggrggrggrrggggggrrgrg": 1, "gggrggggrgrgrgrrrrgrgrgrgrgrgr": 1, "rrrgrgrgrgrrgggrrrgrggrggrrggr": 1, "ggrrrgggrgrgrgrrrrgrgggggrgrgr": 1, "gggrrgrgggggrgrrrrgggrgggrrggr": 1, "ggrrrgggrgrgrgrrrrgrgrgggrgrgr": 1, "rggrgggrggggggrrgrgrrggggrrggr": 1, "gggrrggrgggrggrrgrgrgggggrrgrg": 1, "rgrrgrggrggrggrrrrgrgggrgrrggr": 1, "rgrrrrggrgggrgrrrggrggrggrrggr": 1, "ggrrgrgrggrgrggrrrgrggrggrrggr": 1, "rggrgrggrgrgrggrrrgggggggrrgrr": 1, "rgrrggggrggrgggrgrggrrgrgrgggg": 1, "rggrgrggrggrggrrgrgrrggrgrgrgr": 1, "rggrgrgrrgrggggggrgrggrgggrggr": 1, "grgrrgrgrgggrgrrgggrgrgggrgggr": 1, "rgrrggggrgrgrggrgrggrggggrgrgr": 1, "rgrrggggrgggrgrrgrgrrrgggrgrgr": 1, "rgrrggggrgrgrrggrgrggggggrrgrg": 1, "rgrrggggrggrgrrggrgrrgrgggrggr": 1, "grgrggggrggggrrggrgrrggrgrrggr": 1, "ggrrggggrgrgrgrrgrgrggrggrrggg": 1, "ggrrrrggrgrgggrrgrgrggrggrrggr": 1, "rggrgrgggggggrrgrrgrgggrgrrggr": 1, "rggrgrggrgggggrrrrgggrrggrrgrg": 1, "rgrrgrggrgrgrgrrrrggggggrrrgrg": 1, "rgrrggggrgggrgrrrrgrgggggrgrgr": 1, "ggrrrgggrggrggrrggggrgggrrrgrg": 1, "rgrrggggrrgrgggrgrggggggrrrgrg": 1, "ggrrrgggrrgrgggrrrgrgggrgrgggr": 1, "rgrggggrrgggrgrgrrgrgggggrrgrr": 1, "grgrggggrgggrggrrrgrgrgrgrgrgr": 1, "gggrrgrgrgggrgrrgrgrgrgrgrrggr": 1, "rgrrgrggrgggrgrrgrgrrgrggrrggr": 1, "ggrrrgggrgggggrrrrgrgrgggrgrgr": 1, "rgrrggggrgrgrgrrgrggrggggrrggg": 1, "rgrrgrggrggrgrrggrgrgggggrrggr": 1, "ggrrrgggrrggrggrrrgggggrgrrggr": 1, "gggrrgggrgggrgrrgrgrrgrggrrggr": 1, "ggrrrgggrrgrgrggrgrggrgggrrgrg": 1, "ggrrggggrggrggrrgrgrrrgggrrggr": 1, "ggrrrgggrggrgrggrrgrggrggrrgrg": 1, "rgrrggggrrgrgggrgggrrrgggrgrgr": 1, "rgrrggggrggrrggrrrrgggrgrrrgrg": 1, "rgrrgrggrggrggrrrgggggggrrrgrg": 1, "gggrrrggrgggrgrggrgrrgrggrgggr": 1}, "qpu_dt": 57.13827562332153, "qpu_timestamp": 1700090753.389648}, "settings": {"time_points": [0, 2.5e-07, 2.75e-06, 3e-06], "amplitude_values": [0, 15700000.0, 15700000.0, 0], "detuning_values": [-20000000.0, -20000000.0, 20000000.0, 20000000.0], "phase_values": [0, 0, 0, 0], "blockade_radius": 8.04442268093887e-06, "n_site_max": 256, "C6": 5.42e-24, "x_min": 0, "y_min": 0, "R": 1.25, "factor": 6.435538144751096e-06}}