{"problem": {"instance_name": "UDMIS009EXT_N30_W1.0_R0.2.orig", "instance_data": [[0.0, 0.0], [0.0, 1.2871076289502192e-05], [0.0, 1.9306614434253288e-05], [6.435538144751096e-06, 0.0], [6.435538144751096e-06, 1.2871076289502192e-05], [6.435538144751096e-06, 1.9306614434253288e-05], [6.435538144751096e-06, 2.5742152579004385e-05], [6.435538144751096e-06, 3.217769072375548e-05], [6.435538144751096e-06, 3.8613228868506576e-05], [1.2871076289502192e-05, 0.0], [1.2871076289502192e-05, 6.435538144751096e-06], [1.2871076289502192e-05, 1.2871076289502192e-05], [1.2871076289502192e-05, 1.9306614434253288e-05], [1.2871076289502192e-05, 2.5742152579004385e-05], [1.2871076289502192e-05, 3.8613228868506576e-05], [1.9306614434253288e-05, 6.435538144751096e-06], [1.9306614434253288e-05, 1.9306614434253288e-05], [1.9306614434253288e-05, 2.5742152579004385e-05], [1.9306614434253288e-05, 3.217769072375548e-05], [2.5742152579004385e-05, 0.0], [2.5742152579004385e-05, 6.435538144751096e-06], [2.5742152579004385e-05, 1.2871076289502192e-05], [2.5742152579004385e-05, 3.217769072375548e-05], [2.5742152579004385e-05, 3.8613228868506576e-05], [3.217769072375548e-05, 0.0], [3.217769072375548e-05, 6.435538144751096e-06], [3.217769072375548e-05, 2.5742152579004385e-05], [3.8613228868506576e-05, 6.435538144751096e-06], [3.8613228868506576e-05, 3.217769072375548e-05], [3.8613228868506576e-05, 3.8613228868506576e-05]]}, "meta": {"timestamp_start": 1700087649.880423, "timestamp_end": 1700087707.15556, "version": "1.1"}, "sim_result": {"sim_density": null, "sim_counts": null, "sim_dt": null, "sim_timestamp": null}, "qpu_result": {"qpu_density": [0.898989898989899, 0.52, 0.41, 0.11, 0.21, 0.19, 0.37, 0.45, 0.2727272727272727, 0.75, 0.11, 0.56, 0.08080808080808081, 0.18, 0.68, 0.22, 0.43, 0.36, 0.33, 0.58, 0.07, 0.71, 0.08080808080808081, 0.87, 0.25, 0.09, 0.9, 0.85, 0.10101010101010101, 0.86], "qpu_counts": {"grgrgrgrgrrgggrgrgrrgggrggrrgr": 1, "rrgggggrgrgrggrgrgggrgrgrggrgr": 1, "gggrrggrgggrgrrrgggrgrrgggrrgr": 1, "rrgggggrgrgrggrgrgrrgrgrggrrgr": 1, "rgrgrggrgrgggrrggggggrggrgrrgg": 1, "rrgggggrgggrgggrrgrrgggrggrrrg": 1, "rgrgggrggrgrggrgrgrrgrgrggrrgr": 2, "rgrgrgrgrrgggggrrgrggggrrgrrgr": 1, "ggrggggggrgrgrrggggrgrgrggrrgr": 1, "rrgggrggrrgggggrrgrrgggrggrrrg": 1, "rrrggrgrgrggggrgrggrgrgrgggrgr": 1, "rgrgggrgrrgrggggrggggrggrgrrgr": 1, "rrgggrgrgrgrggrggrgggrgrrgrrgr": 1, "rgrgrggggrggggrgrggggrgrrgrrgr": 1, "rgrgggrggrgrgrgggrgrgrgrggrggr": 1, "rrgggrgrgrgrggrgrgrggrggrggrgr": 1, "rrgggggrgrgrggrggrgrgrgrgggrgr": 1, "rrggggggrrgrgrggggrrgggrggrrgr": 1, "ggrrgggrgggrggrggrgrgrgrggrrgr": 1, "rgrggggrgrgrggrgrggrgrgrggrrgr": 1, "rrggggrggrgrrgrggrgrgrgrggrrgr": 1, "rgrgrgrgggggggrrgrgggrgrggrrgr": 1, "rrggggrgrgrgrggggggrgrrgggrrgr": 1, "rgrgggggrrgggggrrgrggrgrggrrgr": 1, "rrgggggrgrgrgrrgggggrggrrgrrgr": 1, "rggggrgrrgrgggrgrgrgrgggrgrrgr": 1, "rrgggggrgrgrgrggggrggggrrgrrgr": 1, "rgrgrggrgrggrgrggrgggrgrgrrgrg": 1, "rgrgrggggrggggrrgrgrgrgrggrrgr": 1, "rgrgrgggrggggrrrrggggrgrggrggr": 1, "rrggggggrrggggggrgrrgggrggrrgr": 1, "rrgggrgrgrggggrgrgrggrgrrgrrgr": 1, "rrgrggggggrrggrrgrgrgrgrgrrggr": 1, "rrggggrgrrgrgggggrgrgrgrggrrrg": 1, "rrggggrgrrggggggrggrgrgrggrggr": 1, "rgrggggggggrggrggrgrgrgrggrrgr": 1, "gggrgggrgggrgrrrrggggrgrgrgggr": 1, "ggrrrgrgggggggrrrggggrrrrgrrgg": 1, "ggrgrgrgrggggggrgrgggrgrggrrgr": 1, "rrgggrgrgrgrggrgrggrgrgrggrrgr": 1, "rgggggrggrgrggrggrgggrgrggrggr": 1, "rrggggrggrgrggrggrgrgrgrggrrgr": 1, "rrgggrgrgrgrggrggrgrgggrgrrggr": 1, "rrgggrgrgrggggrgrggrgrgrggrrgr": 1, "ggrgggrgggrgggggrgrgrgggggrrgr": 1, "rrggggrgrrgrggggrggrgrrgggrrgr": 1, "rrggggrgrrgrggggrggrgrgrggrrgr": 1, "rrggggrgrrgrgggrrgrrgggrggrrgr": 1, "rrggggrgrrggrgggggrrgrgrggrrgr": 1, "rrggggrggrggrgrggrgrgrgrggrrgr": 1, "rrggggrgrrgrggggrgrrgrgrgrrggg": 1, "rgrgrggggrggrggrggrggrgrrgrrgr": 1, "rrggggrggrgrggrggrgggrgrggrrgr": 1, "rrgggrgrgrggggrgrgrrgrgrggrrgr": 1, "rrgggrgrgggrggrggrgrgrgrgrrggr": 1, "rrgggggggrgrgrggrgrrggrrggrrgr": 1, "rrggggrgrrgrggggggrrgggrggrrrg": 1, "rrggggrgggggggrgrggrgggrggrrgr": 1, "rrgggggggrgrggrgggrrgrgrggrrgr": 1, "rgrgrgrggrggggrggrgggggrgrrggr": 1, "rgrggggrgrgrgrrrggrrgrgrggrrrr": 1, "rrgrgrgrgrggggrgrggggggrgrgggr": 1, "rrggggrgrgrgggggrgrgrggrrgrrgr": 1, "rrgggggrgrggrgrrgrgggrgrgggrgr": 1, "rgrgrgrgrgrgggrggrgrgrgrggrrgr": 1, "rgggrggrgrgggrrrgggggrgrggrrgr": 1, "rgggrgrggrgrggrggggggrgrrgrrgr": 1, "rrgggggrgrgrgrrggggggrgrrgrrgg": 1, "rrgggrgrgrgrggrggrgrgrgrggrrgr": 1, "rgrgrgrggrggggrggrgggrgrrgrrgr": 1, "rrrrgrgrggrgrgrgrgrggggrggrrrg": 1, "rrgggggrgrgrggrggrgrgrrgggrrgr": 1, "rrgggggrgrgrggrgggrrgrgrggrrgr": 1, "rgrggggrgrgrgrrrgggrgrrgggrrgr": 1, "rgrgrgrgrrggggggrgrggggrrgrrgr": 1, "rgggggggrrgrgrggggrrgrgrggrrgr": 1, "ggrgggrgrrgrgggggrgrgrgrggrrgr": 1, "rrgggggrgrggggrgggrrgrgrggrrgr": 1, "rrgrgrgrgggggggggrgrgggrggrrgr": 1, "rgrggggrgrgrggrggrgrgggrggrrgr": 1, "rgrgggrgrrgggggrgrgggrgrggrrrr": 1, "rggggggrgrgrggrggrgggrgrrgrrrg": 1, "rrgggggggrgrggrgrgggrggrrgrrgr": 1, "rgrggggrggrggrrgrggrgggrggrrgr": 1, "rgrgrggrgrggrgrrgrgrgrgrgggrgr": 1, "rrggggrgrrgrgggggrgrgrgrggrrgr": 1, "rgrgggggrrgrggggrgrrgggrggrrgg": 1, "rgrgggrgrrgrgggrggrggrgrrgrggr": 1, "rgrggggrgrgrggrgrggrgrrgggrrgr": 1, "rgggrggrggggggrggggrgrgrgggggr": 1, "rgrgggrggggrggrgrgrggggrgrrgrg": 1, "rgrggggggrgrggrggrgrgrgrgggrgr": 1, "rrggggrgrrgrggggrggrgrggggrrgr": 1, "rgrggggrgrgggrrgrgggrggrrgrrgr": 1, "rrgggrgggrgrggrggrgrgrgrggrrgr": 1, "rgrgrgrggrgggrrggrgggrgrrgrrgr": 1, "rgrrrggrggrrggrggrgggggrggrrrg": 1, "grgrgrgrggrgggrrgrgggrgrrgrrgr": 1, "rrgggrgrggggggrgrggggrgrrgrrgr": 1}, "qpu_dt": 57.270904302597046, "qpu_timestamp": 1700087649.881811}, "settings": {"time_points": [0, 2.5e-07, 2.75e-06, 3e-06], "amplitude_values": [0, 15700000.0, 15700000.0, 0], "detuning_values": [-20000000.0, -20000000.0, 20000000.0, 20000000.0], "phase_values": [0, 0, 0, 0], "blockade_radius": 8.04442268093887e-06, "n_site_max": 256, "C6": 5.42e-24, "x_min": 0, "y_min": 0, "R": 1.25, "factor": 6.435538144751096e-06}}