{"problem": {"instance_name": "UDMIS012EXT_N36_W1.0_R0.2.orig", "instance_data": [[0.0, 0.0], [0.0, 6.435538144751096e-06], [0.0, 1.9306614434253288e-05], [0.0, 2.5742152579004385e-05], [0.0, 3.217769072375548e-05], [0.0, 3.8613228868506576e-05], [6.435538144751096e-06, 1.2871076289502192e-05], [6.435538144751096e-06, 1.9306614434253288e-05], [6.435538144751096e-06, 2.5742152579004385e-05], [6.435538144751096e-06, 3.217769072375548e-05], [6.435538144751096e-06, 3.8613228868506576e-05], [1.2871076289502192e-05, 0.0], [1.2871076289502192e-05, 6.435538144751096e-06], [1.2871076289502192e-05, 1.2871076289502192e-05], [1.2871076289502192e-05, 2.5742152579004385e-05], [1.2871076289502192e-05, 3.8613228868506576e-05], [1.9306614434253288e-05, 6.435538144751096e-06], [1.9306614434253288e-05, 1.9306614434253288e-05], [1.9306614434253288e-05, 2.5742152579004385e-05], [1.9306614434253288e-05, 3.217769072375548e-05], [1.9306614434253288e-05, 3.8613228868506576e-05], [2.5742152579004385e-05, 0.0], [2.5742152579004385e-05, 6.435538144751096e-06], [2.5742152579004385e-05, 1.2871076289502192e-05], [2.5742152579004385e-05, 1.9306614434253288e-05], [2.5742152579004385e-05, 2.5742152579004385e-05], [2.5742152579004385e-05, 3.217769072375548e-05], [3.217769072375548e-05, 0.0], [3.217769072375548e-05, 6.435538144751096e-06], [3.217769072375548e-05, 1.2871076289502192e-05], [3.217769072375548e-05, 1.9306614434253288e-05], [3.217769072375548e-05, 3.217769072375548e-05], [3.217769072375548e-05, 3.8613228868506576e-05], [3.8613228868506576e-05, 1.9306614434253288e-05], [3.8613228868506576e-05, 2.5742152579004385e-05], [3.8613228868506576e-05, 3.8613228868506576e-05]]}, "meta": {"timestamp_start": 1700088517.527098, "timestamp_end": 1700088575.536947, "version": "1.1"}, "sim_result": {"sim_density": null, "sim_counts": null, "sim_dt": null, "sim_timestamp": null}, "qpu_result": {"qpu_density": [0.7, 0.22, 0.48484848484848486, 0.28, 0.27, 0.56, 0.39, 0.12121212121212122, 0.16161616161616163, 0.15, 0.23, 0.898989898989899, 0.04, 0.4, 0.54, 0.41836734693877553, 0.42424242424242425, 0.48, 0.1, 0.2, 0.46, 0.42424242424242425, 0.13, 0.29292929292929293, 0.1717171717171717, 0.35, 0.25773195876288657, 0.46, 0.3, 0.42, 0.24242424242424243, 0.37, 0.14, 0.24, 0.66, 0.8041237113402062], "qpu_counts": {"rgrgrgrggggggggrgrgggrgggrgggrgrgggr": 1, "rggrgrrggggrgggrrrgrgggrgggrgrggggrr": 1, "rggggggrggrrgggggrggrrgggggggrgrggrr": 1, "rggrgrgggggrgrrgrrggrrggrrggrgggggrr": 1, "rggrgrrggggrggrgggggrrggggggrggrggrr": 1, "rgrggrrggrgrggggrrggrggggrgrgrggggrr": 1, "rgggrggrgggrggrgggggrrgggrgggggrggrr": 1, "grgggggrggggggrgggggrrgrgrggrgrgggrr": 1, "rgggggrgggrgrgrrgrrgggrggggrgrgrgrgr": 1, "ggrgrggggggrgrrggrgrgrgggrggrgrrggrr": 1, "grrggrggrggrgrgrggrgggggrggrgrggrgrg": 1, "gggrgrrggrgrggrgrrggrgggggggrggrgggr": 1, "ggrggrgggggggrrggggggrgrgrggrgggrggg": 1, "rgrrgrrggrgrgggrgrgggrgrggggrgrgggrr": 1, "rggrgrgggggrgrrrgrgggrggggggrgrrggrr": 1, "grggrggrgggrgrgrgggrggggrggrgggrggrr": 1, "rgggggrggggrggrgrgggrrgrggggrggggrgr": 1, "rggggrrgrggrgggrrrggggggggrrggggggrr": 1, "rggrgrgrgggrggrgrgggrggrgrgrggggggrr": 1, "rgrggrgggggrgrrgggggrrgrgrggrggrggrr": 1, "grrggrgggggrggrrgggggrgrgrggggggggrr": 1, "grggggrgrggrgggrggrggrggggrrgrggrggg": 1, "grrgrggggggrgrrgrgggrggggrrrgrgrrrgr": 1, "rgrggrrggggrggggrgggrgggrggrgrggrgrg": 1, "grgggrgrgrgrgrrggrggrggggrggrgrgggrr": 1, "rggrgrgggrgrggggrrggggggggrrggggrgrg": 1, "rgggggrgggrrggrgrgggrgggggrrgrrgggrr": 1, "rgrggrrggggrggrgrrggrggggrgrgrggggrr": 1, "rgrggrrggggrggggrrgrgggggggggrgrgrgr": 1, "rgrggggggggrgrrrggggggrggrgrgrgrgrrg": 1, "rgggrgrgggrrggggrrgrgrggggggrggrggrr": 1, "rggrgrgggggrgrrgggggrgrggggrgrggggrr": 1, "rgrgrgggggrrgrrgggggrgrggrgrgrggggrr": 1, "rggrgrrggggrggrgrrggrggggrgrgggggrgg": 1, "rggggrrgrggrgggrrgrgrggrgggrggrrggrr": 1, "rgrggrrggrggggggrrgrggrgggrrgrgrgrgr": 1, "rggggrgggrgrgrgrgggrggrggggrggrrggrr": 1, "rgrgrggggggrgggrgrggggggggrrgrggggrr": 1, "grggrggrggrrggrgrrggrggrgrgggggrggrr": 1, "rgrggrrggrgrggggrgrgrggggggrgrggggrr": 1, "rggrgrgggrgrggrrgrgggrgrggrggggrggrg": 1, "rgrggrgrgrgrggrgrrggrggggrgrgggggrgr": 1, "rgrgrgrggggrgggrrgggggggrgrrrgggggrr": 1, "grgggrgrgggrgrrgggggrggrgggrgggrgrgr": 1, "rgrgrgrgrgrrggggggggrgrgrggrggrgggrr": 1, "rgrggrrggggrggrrgrgggrgggggggrggggrr": 1, "rgrggrgggggrgggrgrgggrgrggrgggrgggrr": 1, "grrgrgggggrrgrrgggggrrgrgrggrggrgrgr": 1, "rgggrgrgrggrgggggrgggggggggrggrgggrr": 1, "rggrgrrggggrggrrgrgggrggggggrggrggrr": 1, "grrggrgggggrgrrrgggggrgrgrgggggggrgr": 1, "rgrgrgrgggrrgggrrrggrgggggrrgggggrgr": 1, "rgrgrgrgggggrgrrgrgrgrgggggggrggggrr": 1, "rgggrgrgrgrrgggrggrrggrgrggrgrggrgrg": 1, "rgrggrgggggrggrrgggggggrgrgrgggrggrr": 1, "gggggrgrgrgrgggggrgrgrgrggrgggrgggrr": 1, "grrgggggggrrgrrgggggrrgrgrrgrggggggr": 1, "ggrggrggrggrgrgrrgggggggrgrgrgggrggr": 1, "rggrgrgggggrgrrgggggrrgrgrggrgggggrr": 1, "rgggrgrggggrgggrggrggrgrggrgggrgggrr": 1, "gggrrrggrgrrgrggrrggrrgrgrggrrrggggr": 1, "rgrgrggggggrgrrrgggggrgggrgggrgrgrgr": 1, "rgggrggrggrgggrgggggrggrgrgrggrggggr": 1, "rggrgrrggggrgggrrrgggrggggrgrgrgggrr": 1, "rggrggggggrrgrggggggrgrgrggggrgrgggg": 1, "grgrgrrggggrggrgrrggggggggrgrgrgggrr": 1, "grrgrggggggrgggrrrgggrggggrggrggrgrg": 1, "rgggggrgrggrggggrrgrgggggrgrgrgrggrg": 1, "rggggrrggggrggrrrggggggggrrgrgrgggrr": 1, "grgrgrgggggrggrrgggrgrgrggggrggggggr": 1, "rgggggrggrgrggggrrggrgggggrgggrgggrr": 1, "rggrggrggggrggrrgrgggggggrgrgrggggrr": 1, "grgrgrgggggrgrrgggggrgrgrgrggrggggrr": 1, "rgrggrrggggrggrgrgggrggggrgrgrgggrgr": 1, "ggrggrrgrggggggrrrrrgrgrgggggrggggrr": 1, "rgrgggggrggrgrggrggrgrggrggggggrggrr": 1, "rggrggggggrrgrrggrggrgrgggrrgrgggrgr": 1, "rgrgggggggrrgrrggrggrggggggrgrggggrr": 1, "rggrggrgggrrggrgrrggrgggggrrgrggrgrg": 1, "grgrgrgggggrgrrrrggggrggrgrgrgggggrr": 1, "grgggrgggrgrgrrgrrggrggggggrgrggggrr": 1, "rgrgrggrggrrgrrggggrgrgrgrggrggrggrr": 1, "grrgrgggggrrrrrgggggrrgrgrggrgggggrr": 1, "grrgrgggrgrgrgrgggggrgrggggggrggrgrg": 1, "rgrggrggrggrgrgrgggrgggggggrggrrgrgr": 1, "rgrgrgggrgrrgrggrgrgrrggrggggrggrgrg": 1, "rgrggrgggrgggrrgrgggrgggrgrgrggggrgr": 1, "rgrggrggrggrgggrrrgggrggggrgrggggrgr": 1, "rgrggrggrggrgrgrrgrggggrrggrgrgrgrgg": 1, "rggrgrgrgggrgrgggrggggrggggrgrgrggrg": 1, "rgrgrgggggrrgrrgggggrrgggrgggggrgrgr": 1, "rgrgggrgggrrgggggrggrggggggrgrgrgrgr": 1, "rggrgrgggggrgrrrgggrgrgggggggrgrgrgr": 1, "rgrggrgggggrgggrrrgrggggrggrggrrgggr": 1, "rggrgggggggrgrgggrgrrrgrggrgggrgrgrg": 1, "grgrgrgggggrgrrgggggrgggrggrgrgrgrgr": 1, "grrggrgggggrgrgrggggggggrgrrgrggrrgr": 1, "ggrggrgggggrgggrgggrgrggggggrgrgggrr": 1, "rgrgrggggggrggrrrrgggggrgrgrggrrggrg": 1, "rggrgrrggrgrgggrrrgggrgrgrggrgrgggrr": 1}, "qpu_dt": 58.00226068496704, "qpu_timestamp": 1700088517.528862}, "settings": {"time_points": [0, 2.5e-07, 2.75e-06, 3e-06], "amplitude_values": [0, 15700000.0, 15700000.0, 0], "detuning_values": [-20000000.0, -20000000.0, 20000000.0, 20000000.0], "phase_values": [0, 0, 0, 0], "blockade_radius": 8.04442268093887e-06, "n_site_max": 256, "C6": 5.42e-24, "x_min": 0, "y_min": 0, "R": 1.25, "factor": 6.435538144751096e-06}}