{"problem": {"instance_name": "UDMIS044EXT_N30_W1.0_R0.2.orig", "instance_data": [[0.0, 1.1330172790054747e-05], [0.0, 1.699525918508212e-05], [0.0, 2.2660345580109495e-05], [0.0, 2.8325431975136868e-05], [0.0, 3.399051837016424e-05], [5.665086395027374e-06, 5.665086395027374e-06], [5.665086395027374e-06, 2.2660345580109495e-05], [5.665086395027374e-06, 2.8325431975136868e-05], [1.1330172790054747e-05, 1.1330172790054747e-05], [1.1330172790054747e-05, 2.2660345580109495e-05], [1.1330172790054747e-05, 3.399051837016424e-05], [1.699525918508212e-05, 5.665086395027374e-06], [1.699525918508212e-05, 1.1330172790054747e-05], [1.699525918508212e-05, 3.399051837016424e-05], [2.2660345580109495e-05, 5.665086395027374e-06], [2.2660345580109495e-05, 1.1330172790054747e-05], [2.2660345580109495e-05, 1.699525918508212e-05], [2.2660345580109495e-05, 2.2660345580109495e-05], [2.2660345580109495e-05, 2.8325431975136868e-05], [2.8325431975136868e-05, 0.0], [2.8325431975136868e-05, 5.665086395027374e-06], [2.8325431975136868e-05, 1.1330172790054747e-05], [2.8325431975136868e-05, 1.699525918508212e-05], [2.8325431975136868e-05, 2.8325431975136868e-05], [2.8325431975136868e-05, 3.399051837016424e-05], [3.399051837016424e-05, 5.665086395027374e-06], [3.399051837016424e-05, 1.1330172790054747e-05], [3.399051837016424e-05, 1.699525918508212e-05], [3.399051837016424e-05, 2.8325431975136868e-05], [3.399051837016424e-05, 3.399051837016424e-05]]}, "meta": {"timestamp_start": 1700090983.811541, "timestamp_end": 1700091041.307601, "version": "1.1"}, "sim_result": {"sim_density": null, "sim_counts": null, "sim_dt": null, "sim_timestamp": null}, "qpu_result": {"qpu_density": [0.62, 0.18, 0.69, 0.11, 0.86, 0.51, 0.020202020202020204, 0.010101010101010102, 0.36363636363636365, 0.9, 0.5, 0.5555555555555556, 0.08, 0.43434343434343436, 0.10101010101010101, 0.20202020202020202, 0.42, 0.34, 0.32653061224489793, 0.72, 0.04, 0.06, 0.06060606060606061, 0.08, 0.2, 0.6161616161616161, 0.12244897959183673, 0.74, 0.40404040404040403, 0.38], "qpu_counts": {"rgrgrrggrrrggggrggrrggggggggrg": 1, "rggrggggrrgggrrgrggggggrgrgrgg": 1, "rgrgrrgggrgrgggggrgrgggggrgrrr": 1, "grggrggggrgrgrgggggrgggggggrgr": 1, "rgrgrgggrgrrggggrgrrgggggrgrrg": 1, "rgrgrgggrrgggrggrgrrgggggrgrgr": 1, "rgrgrgggrrgggrggggrgggrggrggrg": 1, "rgrgrrgggrgrggggrggggggggggrrg": 1, "rgrgrgggrrgrgrgggggrggggggrgrg": 1, "rgggrgggrrgggrgrgrgrgggggggrgr": 1, "ggrgrrgggrrgggggrgrrgggggrgrrg": 1, "rgrgrgggrrrgggggrgrggggggrgrgr": 1, "ggggrrgggrggrrgggrgrgggggrgrgr": 1, "rgrrrgggrrgggggrggrrgggggrggrg": 1, "rgggrrgggrrrgggrgrgrggggrrgrgg": 1, "rgrgrgggrggggrgggrgrggggggggrg": 1, "rgrgrgggrrrrgggrgrgrggggrgrgrg": 1, "ggrgrrgggrrrggggrgrrgggggrgrgr": 1, "grgrgrgggrggrrgggggrgggggrgrgg": 1, "grgrggggrrgggggrgrgrgggggrggrg": 1, "rgrgrgggrrrggggrgrgrggggrrgrgg": 1, "rgrgrrgggrgrggggrgrrgggggggrgg": 1, "ggrgrrgggrrgrgggrgrgrggggggrrg": 1, "rgrgrgggrrgggrgggggggggggrggrg": 1, "rgrgrggggrgrgrggrggrgggggggrgr": 1, "rgrgrrgggrgrgrgggrgrgggggrgrgr": 1, "grgrgrggggrrggggrggrgggrgrgrgg": 1, "rgrgrggggrrgggrggrgggggggrgrgg": 1, "grrrrrgggrgggrgggrgrggggrgrgrg": 1, "grgrgrgggrgrgrggrggggggrgrgrgr": 1, "rgrgrgggrrrggggrggrrggrggrgrgg": 1, "rgrgrggggrrggrgrggrrgggggrgrgr": 1, "ggggrrgggrrrgggggggrggggrrggrg": 1, "rgrgrrgggrgrgrgrgrgrggggrrgrgg": 1, "rgrgrrgggrggrrgggggrgggrgggrgg": 1, "rgrgrrgggrrrgggrggrrggrgrggrgg": 1, "rgrgrrgggrrrggggrggrggggrrgrrg": 1, "rgrgrgggrrgggrggrgrrgggggrgrrg": 1, "grggrrgggrrrgggrgrgrggggrrgrgg": 1, "rgrgrgggrrrgggggggrgrgggggrggr": 1, "rgrgrgggrrggggrgrgrggggggrgrgr": 1, "rgggrrgggrrrggggrggrgggggrgrgr": 1, "rgrgrggggrrrggggrgrrgggggrgrgr": 2, "rgrgrgggrrgggrgggrgggrggggggrg": 1, "ggrgrrgggrgrgrgggrrrgggggrgggr": 1, "rgrgrrgggrgrgrggrggrgggrgrgrgr": 1, "rgggrgggrrgrgrggrggrgggggggrgr": 1, "rgggrggggrgrgrggrggrgggrgggggr": 1, "grggrrggrrrgggggggggrrgrggrrgr": 1, "grgggrgggrgrgrgggrgrgrgggggrgr": 1, "rgrgrggggrgrgrggrggrgrggrgggrg": 1, "grggrrgggrgrgrggrggrggggrggrrg": 1, "ggrgrrgggrrrggggrgrrgggggggrgr": 1, "rgrgrggggrrrggggrgrrgggggrgggr": 1, "ggrgrrgggrrrggggrgrrgggggggrgg": 1, "rgrgrgggrggrgrggrgggrgggrggrrg": 1, "rgrgrgggrrrgggrgrgrrgggggrrggg": 1, "rgrgrrgggrrrggggrgrrgggggrgrgr": 1, "rgrgrgggrrgggrrrgrgrggggggrrrg": 1, "rgrgrgggrrrrgggrgrgggrgggggrgr": 1, "rgrgrggggrgrgggggggrgggggrgrgr": 1, "ggrggrggrggggrggggggggrrggrggg": 1, "ggrgrrgggrggrggggggggggggrgrrg": 1, "rgrgrgggrrrrggggggrrggggggrrgr": 1, "rgggrggggrgrgrgggrgrgrgggggrgr": 1, "rgrgrrgggrrrggggrggrggggrgrgrg": 1, "rgrgrggggrrrgggrgrgrggggrrgrgg": 1, "rgrgggggrrrggggrggrgggggggrggg": 1, "rgrgrgggrrrrggggggrrggggggrggr": 1, "grggrrgggrgrgrggrggrgggggrgrrg": 1, "rgrgrgggrrrrggggrgrrgggggrgrrg": 1, "ggrgggggrrgggrrgrggggggggrgrgr": 1, "grgrgrgggrrgrggggrgrggggrgrgrg": 1, "rgrgrrgggrgrgrggrggrgggggrgrgg": 1, "rgrgrggggrrgggrgrgrggggggrgrrg": 1, "ggrgrrgggrrrggggggggggrggrgggr": 1, "rgggrggggrgggrgrgrgrgggggrgrgg": 1, "grggrrgggrgrgrgggrgggggggrgrrg": 1, "rgggrrgggrrrggggrgrggggggrgrrg": 1, "ggrgrrgrgrgggrrgrgrggggggrgrrg": 1, "grgrgrgggrrrgggggrgrggggrgrgrg": 1, "rggggggggrrrgggrrggrgggggggrgg": 1, "rgrgrgggrrrgggrgrggggggggrgrgr": 1, "grggrrgrgggrgrgggrgrgggggrgrrg": 1, "ggggrrgggrrrgrggrgrrgggggrgrrg": 1, "grrrgrgggrrrggggggrrgggggrgrrg": 1, "rgrgrrrgggggrrgggrgrggggrrgrgg": 1, "ggrgrgggrrrgggggrggggggggrgrgr": 1, "rgrgrgggrgrggggrgrgrggggrrgrrg": 1, "grggrrgggrgrgrggrggrgggggrgrgr": 1, "rgrgrggggggrgrgggrgggggggrgrgr": 1, "ggggrrrgrgrgggrgggrgggrgrrgggg": 1, "grggrrggrrgggrrrgrgrggrgrrgrrg": 1, "ggrgrrgggrgrgrgggrgrgggggggrrg": 1, "rgrgrgrgrrgggrgggggrggggggggrg": 1, "rgrgrggggrrrgggrgrgrgggggrgrgr": 1, "ggrgrrgggrrggggggrgrgggggggrgr": 1, "ggrgrrgggrrrgggggrgggggggrgrrg": 1, "gggrgrgggrrgrggggrgrgggggrgrrg": 1}, "qpu_dt": 57.49161911010742, "qpu_timestamp": 1700090983.813102}, "settings": {"time_points": [0, 2.5e-07, 2.75e-06, 3e-06], "amplitude_values": [0, 15700000.0, 15700000.0, 0], "detuning_values": [-20000000.0, -20000000.0, 20000000.0, 20000000.0], "phase_values": [0, 0, 0, 0], "blockade_radius": 8.04442268093887e-06, "n_site_max": 256, "C6": 5.42e-24, "x_min": 0, "y_min": 0, "R": 1.42, "factor": 5.665086395027374e-06}}