{"problem": {"instance_name": "UDMIS014EXT_N40_W1.0_R0.2.orig", "instance_data": [[0.0, 0.0], [0.0, 6.435538144751096e-06], [0.0, 2.5742152579004385e-05], [0.0, 3.217769072375548e-05], [6.435538144751096e-06, 0.0], [6.435538144751096e-06, 6.435538144751096e-06], [6.435538144751096e-06, 1.2871076289502192e-05], [6.435538144751096e-06, 1.9306614434253288e-05], [6.435538144751096e-06, 4.5048767013257676e-05], [1.2871076289502192e-05, 0.0], [1.2871076289502192e-05, 1.2871076289502192e-05], [1.2871076289502192e-05, 1.9306614434253288e-05], [1.2871076289502192e-05, 2.5742152579004385e-05], [1.2871076289502192e-05, 3.217769072375548e-05], [1.2871076289502192e-05, 3.8613228868506576e-05], [1.2871076289502192e-05, 4.5048767013257676e-05], [1.9306614434253288e-05, 0.0], [1.9306614434253288e-05, 6.435538144751096e-06], [1.9306614434253288e-05, 1.2871076289502192e-05], [1.9306614434253288e-05, 2.5742152579004385e-05], [2.5742152579004385e-05, 0.0], [2.5742152579004385e-05, 1.2871076289502192e-05], [2.5742152579004385e-05, 1.9306614434253288e-05], [2.5742152579004385e-05, 2.5742152579004385e-05], [2.5742152579004385e-05, 3.217769072375548e-05], [2.5742152579004385e-05, 3.8613228868506576e-05], [3.217769072375548e-05, 6.435538144751096e-06], [3.217769072375548e-05, 3.217769072375548e-05], [3.217769072375548e-05, 3.8613228868506576e-05], [3.217769072375548e-05, 4.5048767013257676e-05], [3.8613228868506576e-05, 1.2871076289502192e-05], [3.8613228868506576e-05, 1.9306614434253288e-05], [3.8613228868506576e-05, 2.5742152579004385e-05], [3.8613228868506576e-05, 3.217769072375548e-05], [3.8613228868506576e-05, 3.8613228868506576e-05], [4.5048767013257676e-05, 1.9306614434253288e-05], [4.5048767013257676e-05, 2.5742152579004385e-05], [4.5048767013257676e-05, 3.217769072375548e-05], [4.5048767013257676e-05, 3.8613228868506576e-05], [4.5048767013257676e-05, 4.5048767013257676e-05]]}, "meta": {"timestamp_start": 1700092081.103976, "timestamp_end": 1700092137.872608, "version": "1.1"}, "sim_result": {"sim_density": null, "sim_counts": null, "sim_dt": null, "sim_timestamp": null}, "qpu_result": {"qpu_density": [0.59, 0.29, 0.32, 0.67, 0.13, 0.26262626262626265, 0.11, 0.57, 0.7244897959183674, 0.74, 0.5, 0.13, 0.33, 0.4639175257731959, 0.4444444444444444, 0.21212121212121213, 0.1111111111111111, 0.2, 0.18, 0.37373737373737376, 0.7959183673469388, 0.39, 0.37373737373737376, 0.37373737373737376, 0.1, 0.6428571428571429, 0.6868686868686869, 0.5252525252525253, 0.04040404040404041, 0.826530612244898, 0.71, 0.09, 0.52, 0.08, 0.16, 0.69, 0.1, 0.696969696969697, 0.050505050505050504, 0.89], "qpu_counts": {"rgrgggggrrrgrgrggrggrggrgrrgggrgggrgrggr": 1, "rggrgggrrgrgggrggggrgrgggrgrgrrgrggrgrgr": 1, "rggrgggrgrrggrgrgggrrrggrrgggrrggggrgrgr": 1, "grrgrgggrgrgrgrgggrggrrgggrrgrrggggrgggr": 1, "rgrggggrgrrggrgrgggrrrgggrrrgrgrgggggrgr": 1, "rggrgggrrrrggrgggggrrrgggggrgrrgrggrgrgr": 1, "rgrgggrgrrgrgrgggrggggrggrrrggrggggrgrgr": 1, "grrgggrggrgrgrgrgrgrrgrggrrggrgrgrggrggr": 1, "grgrrggggggrgrgrgrgrggrggrrrgrrggggrgggr": 1, "rggrgrggrrrgrgrgggggrrgggggggrrgrggrgrgr": 1, "rggrggggggrgrrgrgrggrgrgrgrggrggrggrgrgr": 1, "gggrgggrrrggrgggggggrgrrggrrgrrggggrgrgr": 1, "grrgggggrrrgrrrgggggrrgrgrgggrrgrgrrgrgr": 1, "gggrggggrrrgrgrgggggrrgggrgggrrgrggrgrgr": 2, "rgrggrgrrrgggrggggggrgrgrgrggrgrrrggrggr": 1, "rggrgrgrgrggrggrggrgrggrgrrrgrrggggrgrgr": 1, "grgrgggrrrrggrgggggrrgrgggrrgrgrggrgrggr": 1, "rgrgggrgrrggrgrgggggrrgrgrrrggrgggrgrggr": 1, "rgrggrgrrgrggrggrggggggrgrrggrgggggrgrgr": 1, "rggrgrgrrrggrgrgggrgrgrgggrgggrggggrgrgr": 1, "grgrgggrrrrggrgggrggrrgrgggrgrgggggrgrgg": 1, "grgrgggrrrggrgrggrggrrgrgrrrgrgggggrgrgr": 1, "grgggggrrrrggrggggggrrgrggrggrrggggrgrgr": 1, "grgrgggrggrgrgrgrggggrgrggrrgrrggggrgggr": 1, "gggrgrggrrgggrgggggrrrgggrrggrrgrggrgrgr": 1, "grrrgggrrrgggrggggrrrggggrrrgrgrgggggrgr": 1, "rggrgrggrrgrgrgggggrrrgggrrggrrgrggrgrgr": 1, "rgrgggggrrgrgrggggggrrgrgrggggrggggggrgr": 1, "grgrgggrgrggrggrggggrrrrgrrrgrgrggggrgrg": 1, "grgrrggrrgggrgrgggggrrgrgrrrggrgrggggrgg": 1, "grrgggrgrrggrggrggrgrggrgrrrgrrggggrgrgr": 1, "rggrggggrrrgrgrgggggrgrgrgrggrrgrggggggr": 1, "gggrrgrgrggggrrgrgrrggggggrrgrrggggggrgr": 1, "rggrgggrrrggrgrgggrgrggrgggrgrgggggggrgr": 1, "rggrgrgrrrgggrgggggrrggggggrgrrggggrgggr": 1, "rgrggggrrrggrgrgggrgrgrggrrrgrrggggrgrgr": 1, "gggrrgrggggrgrgrgrgrrgrggrrrgrggrgrrgrgr": 1, "rgrggggrrrrggrggggggrggggggrgrgrgggggggr": 1, "rggrgggrgrrggggrggggrrgrgrrggrrgrggggrgr": 1, "rggrgggrrrgggrggggrgrgrggrrggrrgrgrrgrgr": 1, "rggrggggrgrggrggrggrggrgggrrgrrgrggggggr": 1, "rggrggggrrggggrggrggrgrggrgrgrgggggrgrgg": 1, "rggrgrgrrggggrgggrggrrgrgrrgggrgrggrgrgr": 1, "grgrggrgrggrgrgggrgggggrgrgrrrgggggrgrgr": 1, "gggrgggrrrrgrgrgggggrggrgrrggrgggrgrgrgr": 1, "grgrgggrrrrgggrggrgrggrggrrggrrgrgrrggrg": 1, "rggrgrgrrggggrgggggrrgggggrrgrrggggrgrgr": 1, "rgrgggggrrgrggrrgggrrrggggrggrrgrggrgrgr": 1, "gggrgggrrrggrgrgggrgrggrgggrgrrgrgrrgggr": 1, "grgrrggrgggggrgrrggrrgggggrggrrgrggrgrgr": 1, "rggrgrgrgrrgrgrggggrrrgrgrrrgrrgrggrgggr": 1, "grgrrggrggrggrgrgggrrgrggggrgrrgrggggrgr": 1, "grrgggrgrrggrgrgggrgrggrgggggrrggrgrgggr": 1, "rggrggrggggrgrgrgggrrrgggrgrggrggggrgrgr": 1, "rggrggggrrrgggrggrggggrggrrrggrgrgrrgrgg": 1, "rggrgrgrgrggrgrgggggrrgrgrrgggggrggggrgr": 1, "rggrgrgggrgrggggggrgrggggrgggrrgrggrgrgr": 1, "rggrgrgrgrrggrgrgggrrrgggrgggrrggggrgrgr": 1, "rggrgggggrgggrgggggrrgrggggrgrrgrggrgrgr": 1, "rgrggggrrrrggrggggggrggrgrrrgrgggggrgrgg": 1, "rgrggggggrgggggrgggrrggggrrggrrgrgrrgrgr": 1, "grgrgrgrrrrggrggggggrgggrggrrgrggggrgrgr": 1, "rggrgrgrgrgggrgrggrgrggrgrrgggrgrgrrgggr": 1, "rggrgrggrrrgrgggggggrrgrgrgrgrrggggrgrgr": 1, "rggrgggrrrggrgrggrggrrgrgrgggrrgrgrggrgr": 1, "gggrgggrrrgggggggrgrrggggrrrgrrgrggggrgr": 1, "ggrggrgrrrggggrgggrrrgrgrggrgrrgrggrgrrr": 1, "grrgrgggrgrgrgrgrggggrgrgrrrgrggrggrgrgr": 1, "rgrggggggrrggrgrggggrrgrgrrggrrggrgrgggr": 1, "grrggggrrrrggrgggggrrggggrrrgrggrggrgggr": 1, "rggrgggggrrgrgrgrgggrgrgggrrgrrgrggggrgr": 1, "grgrrggrrgrggrggggggrrgrgrrrgrgggggrgggr": 1, "ggrgggggrrrgrgrgggggrgrgrgrgrgrgrggrgrgr": 1, "rggrgrgrrrggggrgggrgggrggrrrgrgggrgrgrgr": 1, "grrggggggrgrgrgrgrgrggrggrrrgrrgrggggrgr": 1, "grrggggrrrrgrgrgggggrrgrgrgrgrrgrggrgrgr": 1, "rggrgggrgrrggrgrgggrrgrggrrggrrgggrrgrgr": 1, "rgrggrggrrgrggrggrgrrgrggrrrgrggrggrgggr": 1, "rrgrgggrrrrgrgrgggggrrgrgrgggrrgrggrgrgr": 1, "grgrgggrrgggggrggggrrgrggrrrgrrgrggrgrgr": 1, "rgrgggrgrrggggrggrgrrrggggrrgrrggggrgrgr": 1, "grgrrggrrgrggrggrggggrrrgrrggrgggggrgrgr": 1, "rggrgggrrrrgggggggggrrgrggrgggrgrggggrgr": 1, "rggrgrgrrrggggrgggrrrgggggggrgrgrggggggr": 1, "ggggrgggrgrgggrgrgggggrggrggggrgrgggrrrg": 1, "rggggggrrrrggrggggggrgrggrrrgrrgrgrggggr": 1, "rgrrgrggrrrgrgrgggggrggrgrrggrrggggrgrgr": 1, "grgrrggrrgggggrgrgrgrgrggrrrgrrgrgggggrg": 1, "gggrgggrrrrggrggggggrggrggrggrrgrggrgrgr": 1, "rgrggggrrgrgggrggrggggrrgrrggrgggggrgggr": 1, "rggrggrgrrgggrggggrrrgrggrrrrrrgrggrgggr": 1, "rgrgggggrrrggrgggggggrggrrrggrrrgggggrgr": 1, "rggrgrgrrgrgrgrgrggggrgrggrggrggrggrgrgr": 1, "grgrrggggggrgrgrrgggggrgrgrggrggrrgrrgrg": 1, "rggrgrggggrgggrggggrrggggrrggrgrgrggrggr": 1, "rggrgrgrrrgggrgggggrrgrggrgrgrrgggrgrggr": 1, "rgrggrgrrrgggrrgggggrgrgrgrggrggrggggrgr": 1, "rgrggrgggrrgggrggrgrrgrggrrrgrrggggrgrgg": 1, "rggrgggrgrrggrgrgggrrrgggrggggrgrgrrgrgr": 1}, "qpu_dt": 56.75790452957153, "qpu_timestamp": 1700092081.105504}, "settings": {"time_points": [0, 2.5e-07, 2.75e-06, 3e-06], "amplitude_values": [0, 15700000.0, 15700000.0, 0], "detuning_values": [-20000000.0, -20000000.0, 20000000.0, 20000000.0], "phase_values": [0, 0, 0, 0], "blockade_radius": 8.04442268093887e-06, "n_site_max": 256, "C6": 5.42e-24, "x_min": 0, "y_min": 0, "R": 1.25, "factor": 6.435538144751096e-06}}