{"problem": {"instance_name": "UDMIS079EXT_N30_W1.0_R0.3.orig", "instance_data": [[0.0, 0.0], [0.0, 4.348336584291281e-06], [0.0, 8.696673168582562e-06], [0.0, 1.7393346337165125e-05], [4.348336584291281e-06, 0.0], [4.348336584291281e-06, 4.348336584291281e-06], [4.348336584291281e-06, 8.696673168582562e-06], [4.348336584291281e-06, 2.1741682921456406e-05], [4.348336584291281e-06, 2.6090019505747687e-05], [8.696673168582562e-06, 4.348336584291281e-06], [8.696673168582562e-06, 8.696673168582562e-06], [8.696673168582562e-06, 1.3045009752873843e-05], [8.696673168582562e-06, 1.7393346337165125e-05], [8.696673168582562e-06, 2.1741682921456406e-05], [1.3045009752873843e-05, 4.348336584291281e-06], [1.3045009752873843e-05, 2.1741682921456406e-05], [1.7393346337165125e-05, 0.0], [1.7393346337165125e-05, 1.3045009752873843e-05], [1.7393346337165125e-05, 2.1741682921456406e-05], [1.7393346337165125e-05, 2.6090019505747687e-05], [2.1741682921456406e-05, 0.0], [2.1741682921456406e-05, 8.696673168582562e-06], [2.1741682921456406e-05, 1.7393346337165125e-05], [2.1741682921456406e-05, 2.1741682921456406e-05], [2.1741682921456406e-05, 2.6090019505747687e-05], [2.6090019505747687e-05, 4.348336584291281e-06], [2.6090019505747687e-05, 1.3045009752873843e-05], [2.6090019505747687e-05, 1.7393346337165125e-05], [2.6090019505747687e-05, 2.1741682921456406e-05], [2.6090019505747687e-05, 2.6090019505747687e-05]]}, "meta": {"timestamp_start": 1700092482.113027, "timestamp_end": 1700092540.707177, "version": "1.1"}, "sim_result": {"sim_density": null, "sim_counts": null, "sim_dt": null, "sim_timestamp": null}, "qpu_result": {"qpu_density": [0.5102040816326531, 0.07142857142857142, 0.33, 0.7171717171717171, 0.25, 0.050505050505050504, 0.11, 0.05, 0.7959183673469388, 0.24242424242424243, 0.15151515151515152, 0.2, 0.20202020202020202, 0.061224489795918366, 0.13, 0.11, 0.7, 0.55, 0.13131313131313133, 0.5, 0.14, 0.0707070707070707, 0.09183673469387756, 0.01, 0.10101010101010101, 0.71, 0.3, 0.34, 0.1111111111111111, 0.57], "qpu_counts": {"grgrggggrgrgggggrggrgggggrrggr": 1, "rggrggggrgrgggggrrgrgggggrgrgg": 1, "gggrggggrrgrgggrrrgggggrgrgggg": 1, "rgggggggrggrggggrggrggrggrgggg": 1, "gggrggggrrggggggrrgrggggggrggr": 1, "ggrgrgggrgrgggggrrggggggrrgggg": 1, "ggggggrgrgggrgggrrgrggggggrggg": 1, "gggrrgggrgggrgggrrgrgggggrgrgr": 1, "rgrgggggrrgggggggrgrrgggggrggr": 1, "gggrgrggrggrgggggggrrgggggrggg": 1, "gggrrgggrgggggggrrgrgggggrrggg": 1, "rggrggrgrgggggrggrgrrggggggrgg": 1, "gggrggggrggggggggrgggggggrgggr": 1, "rggrggggrrggggggggggrggggggrgg": 1, "rgrrgrggrgggggrrggggrrrggggggg": 1, "ggrgrggrgggrggggrggrgrgggggrgg": 1, "ggggrggrgggrggggrrgrggggggrgrg": 1, "grggrrggrgrgrgggrggggggggrgggr": 1, "grgrggggrggrggggrggrgggggrrgrg": 1, "gggrgrggrrggggggrrggggrggrgrgr": 1, "ggrgrggrgggrggggrgrggggggrgrgr": 1, "rggrggrgrgggggggggggrgggggrgrr": 1, "gggrggggggggrgggrgrgggggggggrg": 1, "rrgrggggrrgggggggrggrgggrgggrg": 1, "ggrgrggggggggrgggrgggggggrgrrg": 1, "ggrrgrggrgrggggrrgggggrggrgggr": 1, "gggrggrgrgggrgggrrggggggrrgrgg": 1, "ggrgggggrggrggggrrgrgggggrgrgr": 1, "gggrggggrgrgrggggggrggrggrgggg": 1, "rgggggggrgrgggggrrgrgggggrgrgr": 1, "rggrggggrrggrgggrrggggggrrgrgg": 1, "rgggggrgrgggggggrrgrgggggrgrgr": 1, "rgrrgggggrgggrggrrgrgggggrgggr": 1, "rgrgrgggrgggggrrgrggrgggggrggr": 1, "ggrrrgggrgggggggrrgrgggggggggr": 1, "rgrrggggggggggggrrgrgggggrgggr": 1, "rgggggggrggrggggrgggggggrrgrgg": 1, "rgggggrgrrrgggggrrrggggggrgggr": 1, "rgrgggggggggrgggrrrrgggggrrggr": 1, "rggrggggrrggggggrrgggggggrgggr": 1, "ggrgrgggrgggrggggrgrrgggggrggr": 1, "rggrggggrgggrggggggrggggrgrgrg": 1, "rgrgggggrgggggrggrgrgggggrgggr": 1, "rggrggggrggrggggrggrgggggrrggr": 1, "rggrggggrrggggggrrgrgggggrggrg": 1, "ggrrrgggrgggggrggggrgggggrgggr": 1, "rggrggggrgrggrggrrgrgggggrgrgr": 1, "rggrggggrggggrrggggrrgggggrggg": 1, "rggrggrgrgggggggrrgggggggggrgr": 1, "gggrggggrrggggggrgrgggrggrgrgg": 1, "rggrggggggggrggggrgrgggggrgrgr": 1, "ggrrrgggrgrgggggrrgggggggrgggr": 1, "rggrgggggggrggggrgrggggggrgggr": 1, "rggrggggrgrgggggrggrgggggrrggg": 1, "rgggggggrrgggggrrggggggggggrgg": 1, "rgrrggggggggggggrggrgggggrrggr": 1, "ggrrggggrrggrggrrrgrggrggrgggg": 1, "grgrggggrggggggrgggggggggrggrg": 1, "ggrrrgggggggrgggrggrgrrgggrggg": 1, "rggrggggrrggggggrrgrgggggrgrgr": 1, "rgrrggggrrggrgggrrgrgggggrgrgr": 1, "ggrrrgggrgggrgrggrgrgggggrrggr": 1, "rggrggrgrgggggggggggrgggggrggr": 1, "ggrggggggggrgrrggrgrgggggggrgg": 1, "ggrgrgggrggrgggrrgggggrggrgggr": 1, "ggrrrgggrgggggggrrgrgggggrgrgr": 1, "rggrggggrrggggggrrgggggggrrgrg": 1, "rgrrrgggrggggrggrrgggggggrgggr": 1, "rggrggggrgrgggggrrrggggggrgggg": 1, "rgggggggrggrggrggggrggrggrgggr": 1, "gggrrgggrggrggggrgrggrggggrggr": 1, "gggrrgrgrgrggggggrgggggggrgggr": 1, "rggggggrggggggrgggggrgrgrggggg": 1, "rggrggggrrggggggrrgggggggrrggr": 1, "gggrrgrgrgggggggrggggggggrgggr": 1, "rggrggggrggggggrrgggggggrggrgg": 1, "rggrggggrgrgggggrggggggggrgrgg": 1, "rgrgggggrggrggggrgrggggggrrggr": 1, "rggrggggrrggggggrrggggggrrgrgg": 1, "ggrgggggggrgggggrgrggrgggggggr": 1, "rgrrgggggrgrgrgggrgrgrgggrggrg": 1, "rrgrggggrrggggggrrgrgggggrggrg": 1, "grgrggggrggrggggrggrgggggrrggr": 1, "grgrggggrggggggrrrgggggggrrggr": 1, "rggrggggrgggrgggrggggggggrrggr": 1, "gggrrgggrgggrgggrggggggggrrggg": 1, "ggrrggggrrggggggrrggggggrrgrgg": 1, "grgrggggrgrgggggrgrggggggrrggr": 1, "ggggggggrgggrgrgggrggggggrgrgr": 1, "rggrggrggggggrrggrgggggggrgrgr": 1, "gggrrgggrgggggggrrgrgggggrgggr": 1, "gggrrggggggggggrrgggggggrrgrgg": 1, "ggrrggggrggrggggrggrgrgggggggr": 1, "rggrggggrgggggrggggrrrgggggrgg": 1, "rgrrggggrrggggggrgrggggggrgggr": 1, "rggrgggggrggrggggggrgggggrgrgg": 1, "gggrgrggrgggrgggrrgrgggggrgrgr": 1, "rgggggggrrggrgggrrgrgggggrgrgr": 1, "ggrgrggrgggrgggggrrgrgggggrggr": 1, "rggrggggrgggggggrrgrgggggrgggr": 1}, "qpu_dt": 58.58863854408264, "qpu_timestamp": 1700092482.115506}, "settings": {"time_points": [0, 2.5e-07, 2.75e-06, 3e-06], "amplitude_values": [0, 15700000.0, 15700000.0, 0], "detuning_values": [-20000000.0, -20000000.0, 20000000.0, 20000000.0], "phase_values": [0, 0, 0, 0], "blockade_radius": 8.04442268093887e-06, "n_site_max": 256, "C6": 5.42e-24, "x_min": 0, "y_min": 0, "R": 1.85, "factor": 4.348336584291281e-06}}