{"problem": {"instance_name": "UDMIS088EXT_N49_W1.0_R0.2.orig", "instance_data": [[0.0, 0.0], [0.0, 4.348336584291281e-06], [0.0, 8.696673168582562e-06], [0.0, 1.7393346337165125e-05], [0.0, 2.1741682921456406e-05], [0.0, 2.6090019505747687e-05], [0.0, 3.0438356090038968e-05], [4.348336584291281e-06, 0.0], [4.348336584291281e-06, 4.348336584291281e-06], [4.348336584291281e-06, 8.696673168582562e-06], [4.348336584291281e-06, 1.3045009752873843e-05], [4.348336584291281e-06, 1.7393346337165125e-05], [4.348336584291281e-06, 2.1741682921456406e-05], [4.348336584291281e-06, 3.0438356090038968e-05], [8.696673168582562e-06, 0.0], [8.696673168582562e-06, 4.348336584291281e-06], [8.696673168582562e-06, 8.696673168582562e-06], [8.696673168582562e-06, 1.3045009752873843e-05], [8.696673168582562e-06, 1.7393346337165125e-05], [8.696673168582562e-06, 2.1741682921456406e-05], [8.696673168582562e-06, 2.6090019505747687e-05], [8.696673168582562e-06, 3.0438356090038968e-05], [1.3045009752873843e-05, 0.0], [1.3045009752873843e-05, 4.348336584291281e-06], [1.3045009752873843e-05, 2.6090019505747687e-05], [1.7393346337165125e-05, 0.0], [1.7393346337165125e-05, 4.348336584291281e-06], [1.7393346337165125e-05, 8.696673168582562e-06], [1.7393346337165125e-05, 1.7393346337165125e-05], [1.7393346337165125e-05, 2.1741682921456406e-05], [2.1741682921456406e-05, 0.0], [2.1741682921456406e-05, 8.696673168582562e-06], [2.1741682921456406e-05, 1.3045009752873843e-05], [2.1741682921456406e-05, 2.6090019505747687e-05], [2.6090019505747687e-05, 0.0], [2.6090019505747687e-05, 4.348336584291281e-06], [2.6090019505747687e-05, 8.696673168582562e-06], [2.6090019505747687e-05, 1.3045009752873843e-05], [2.6090019505747687e-05, 1.7393346337165125e-05], [2.6090019505747687e-05, 2.1741682921456406e-05], [2.6090019505747687e-05, 2.6090019505747687e-05], [2.6090019505747687e-05, 3.0438356090038968e-05], [3.0438356090038968e-05, 0.0], [3.0438356090038968e-05, 4.348336584291281e-06], [3.0438356090038968e-05, 8.696673168582562e-06], [3.0438356090038968e-05, 1.3045009752873843e-05], [3.0438356090038968e-05, 1.7393346337165125e-05], [3.0438356090038968e-05, 2.1741682921456406e-05], [3.0438356090038968e-05, 3.0438356090038968e-05]]}, "meta": {"timestamp_start": 1700088808.067541, "timestamp_end": 1700088866.789506, "version": "1.1"}, "sim_result": {"sim_density": null, "sim_counts": null, "sim_dt": null, "sim_timestamp": null}, "qpu_result": {"qpu_density": [0.6262626262626263, 0.08, 0.43, 0.38, 0.20408163265306123, 0.05, 0.67, 0.12121212121212122, 0.01, 0.10101010101010101, 0.12, 0.1, 0.050505050505050504, 0.03, 0.27, 0.05, 0.1717171717171717, 0.23232323232323232, 0.07, 0.16, 0.08, 0.5050505050505051, 0.25252525252525254, 0.04, 0.15151515151515152, 0.27, 0.050505050505050504, 0.2222222222222222, 0.35714285714285715, 0.29292929292929293, 0.32, 0.12121212121212122, 0.18, 0.48, 0.10101010101010101, 0.01, 0.05102040816326531, 0.09090909090909091, 0.010101010101010102, 0.07, 0.01, 0.15, 0.6262626262626263, 0.13, 0.2, 0.2222222222222222, 0.31, 0.24242424242424243, 0.7422680412371134], "qpu_counts": {"ggrrggrggggggggggggggrgrggggggrgrrggggggggrggrgrg": 1, "rgggrgggggrggggggggggrggggggrgrgggggggggggrgggrgg": 1, "grgrggggggggggggrggrggrggggggrggggrggrgggggggggrg": 1, "ggrgggrgggggggrggggrgggggggrrrgggggggggggrrgrgggg": 1, "rgrggggggggggrgggggggggggrgggggggrgggrggggrgggggr": 1, "ggrgggrrgggrgggggrgrgrgrggrgrggggrggrgggggggggggr": 1, "ggrgggrgggggggggggggggrgrgggggrgggggggggggggrggrr": 1, "rgggggrrggrgggrggggrggggggggggggrggggggggrgrgrgrg": 1, "rgggggrggggggggrgggggggggggggrgggggggggggrrgrgggr": 1, "gggrggrgggggggggrgggrgggggggggrggrggggggggrgrgggr": 1, "rgggrgrggrggggrggggggggggggrgggggrrggggggggggrggr": 1, "rgrrrgrgggggrggggggggrgggrgggrggrgggggggggrgggrgr": 1, "rgggrgggggrgggrggggrgrggrgggggrgrrggggggggrgggggr": 1, "ggrrggrrgggggggggggggrrggggrgggggrrgggggggggggggr": 1, "rgrrggrgggggggrggrgggrgggggrrgrrggggggggggggggrgr": 1, "rgrgrgrgggggggggrggrgggggrggggggrrggggggggrgggrgr": 1, "ggrgrgggggggggrgrggrgrggggggrggggggggrggggrgrgggr": 1, "grrgrggggrgggggggrgggrgggrgrrggggrggggggggggrrgrr": 1, "ggrgggrrgggggggggrgrggrgggrgggggggggrgggggrgggrgr": 1, "rgrggggggggggggggrgggrggggggggrgrggggrggggrgggrgr": 1, "ggrgggrgggggggrggggggrggrggrggrgggggggggggggggrgr": 1, "rgrgggrgggggggggggrggrrggggggrgrgggggggggrrggggrg": 1, "gggrggrrgggggggggggggrggggggrggrgrggggggggrgggrgr": 1, "rgggrgggggrgggrggggggggggggggrggggrggrgggggggggrr": 1, "rgrgggrggrgrgggggggggrgggrgggrgggggggrgggrgggggrr": 1, "rgggggrgggggggggrgggggrgrggggggggrggggggggrgrgrgr": 1, "rggrggrggggggggggrgggrgggrgggrgrggggrgggggrggggrr": 1, "rgrgggrgggggggggggrggrgggrgrgggggrrgggggggggggrgr": 1, "ggggggggggggrgrggrgggrgggrgggggggrgggggggggrgrggr": 1, "rggrggrggrgggggggggggggggrggrggggrggggggggrrggggg": 1, "rggrgggggggggggggrggggrggggrrrrggrgggggggggggrggr": 1, "grggrgrgrgrggggggggggrgrgggggrrggggggggggrgrgrggg": 1, "rggrggrgggggggggrggrggrggggggggggrggggggggrgrgrgr": 1, "grggggrgggggrggggrgggrggggrggrggrggggggrggrggrggr": 1, "rrgggrggggrgggggggggggrgrggrggrggrggggggggrggrggr": 1, "gggrggrgggggggggggggggrgggggrgggggrgggggggggrgggr": 1, "gggrgggggggggggggggrgrgggrggggggrrggggggggrgrggrg": 1, "ggrggrggggggggrggrgggrggggggrggrgrggggggggrgggggr": 1, "rgggrggggggggggggggggrrgggggrgrgggggggggggrgggrgg": 1, "rggrggrggrggggrggggggrggggrgrggggrggrgggggrgggrgg": 1, "rggrggrggrggggrgggrggrgggggggrgggggggggggrrggggrg": 1, "rgggggrggrggrgrgggrgggggrggrggggggrgggggrgrgggggg": 1, "ggggrgrrggggggggrggggrrgggggggrggggggggrggrgrgggr": 1, "rgrrggrgggggggggggggggrgrggrgggggrggggggggggrggrr": 1, "rggggrgggggggggggrgggrrggggggrrggggggrgggggrggggr": 1, "rggrggggggggggggrggrgrgggrggrgggrrggggggggrggggrg": 1, "ggrgrgggggggggrggrgggrgggrggggggrrggggggggrgggrgr": 1, "rggrggrgggggggggrggggggggggrrrgggggggggggrrgrggrg": 1, "ggrrgggrggggggggggggggggrrggrggrgggggggggggrggrgr": 1, "rggrggrgggggggggggggrgggggggggrgrrgggggggggrgggrr": 1, "rggggggggggrggggrrgggrrggggggrrggggggggggrrggggrg": 1, "ggrgggrgggggggrggrggggggggrggrggrgggggrggggrggrgr": 1, "ggrgrgrrggggggggggggggggrgggrgrggrgggggggggrggrgr": 1, "ggrgggrrggggggggggggggggrgrgggggrrggggggggrgggggr": 1, "grgrggrgggggggrggrgggrgggggrgrggggggggggggrgggrgr": 1, "rggrggrggggggggggrgggrggggggrgrggrgggggggggrgggrg": 1, "ggggggrgggrggggrgggrgrggggggrggrgrggggggggrgggrgr": 1, "ggrgggggggggggrgggggggggrrggrggrggggggggggrgggggr": 1, "rgrgggrgggggrggggrgggrrggggggrggggrggggggggggrggr": 1, "grgrggrgggggggggrggggrggggggrggrgrggggggggrggrggr": 1, "rgrrggrggggggggggrgrggrggggggggrgrggggggggrgggrgr": 1, "ggrgrggggggggrggggggggrgggggrgrgggggggggggrgggrgr": 1, "rgrgrgrggggggggggggggrggggggggrgrrggggggggggrgggr": 1, "ggrrggrggggrgggrggggrggggrggrgggggggggggggrgggrgr": 1, "ggrgrggrgggggggggrgggggggggrgrgggggggggggrrgggrgg": 1, "rgrgggrggggrgggggggggrgggrgggggrgggggggrggrgggggr": 1, "rggrgrggggggggggrggggrgggggggrrgrgggggggggggrgggr": 1, "rggrggrgggggggggrggggrrggggggrrggrggggggggggggrgr": 1, "rgggggrggggggggrgggggrgggrggrggggrggggggggrgggrgr": 1, "rgrgrgrggggggggggggggggggggrgrggggggggrgggggggggr": 1, "rgggggrgggrgrggrggggggggggggrggggrggggggggrggggrr": 1, "rgrgggrgggggggrggggrgrggggggggrggrggggggggggrgggr": 1, "rggrgggggggggrggrggggggggrgggggggggggggrggrggrggg": 1, "rgrgggrggggggggggrggggrggggrgggggrggrgggggrgggrgr": 1, "rggrggrggrggggrggggggggggggrggrggrggggggggggrrgrg": 1, "rgrgggrgggggggrgrrggggggrrggggggrgggggggggrgggrrr": 1, "rgrggggggggggggggggrggggggggrggggrrgggggggrggrggr": 1, "rggggggggrgrgggggggggrggggggrggggrggrgggggrgggrgr": 1, "rggrggrgggggggggggggggrgrggrggrggggggggrggrggrggr": 1, "rggrgggggggggggggggrgrrgggggrggggrggggggggrgggggr": 1, "rgggggrggrggggggggggrggggrggrggggggggrgggrrgggggg": 1, "ggrgggrggggrgggggggggrrggrgggrgggggggggggrrgggrgg": 1, "grggrgggggggggrggrgggrgggrgggggggrgrgggrgggggrggr": 1, "rgrgrgrgggggggggggggggrgrggrgggrgggggggggrrgrgggg": 1, "rggrggrggggggggggrgggrgrggggrgggggrggggggrggrggrg": 1, "rggrggrgggggggggrggggggggggrgrrgggggrgggggrggrggr": 1, "rgrgrgrggggggggggrggrggggrggrggggrggggggggrggrggr": 1,