{"problem": {"instance_name": "UDMIS048EXT_N36_W1.0_R0.2.orig", "instance_data": [[0.0, 0.0], [0.0, 5.665086395027374e-06], [0.0, 1.699525918508212e-05], [0.0, 2.2660345580109495e-05], [0.0, 2.8325431975136868e-05], [0.0, 3.399051837016424e-05], [5.665086395027374e-06, 1.1330172790054747e-05], [5.665086395027374e-06, 1.699525918508212e-05], [5.665086395027374e-06, 2.2660345580109495e-05], [5.665086395027374e-06, 2.8325431975136868e-05], [5.665086395027374e-06, 3.399051837016424e-05], [1.1330172790054747e-05, 0.0], [1.1330172790054747e-05, 5.665086395027374e-06], [1.1330172790054747e-05, 1.1330172790054747e-05], [1.1330172790054747e-05, 2.2660345580109495e-05], [1.1330172790054747e-05, 3.399051837016424e-05], [1.699525918508212e-05, 5.665086395027374e-06], [1.699525918508212e-05, 1.699525918508212e-05], [1.699525918508212e-05, 2.2660345580109495e-05], [1.699525918508212e-05, 2.8325431975136868e-05], [1.699525918508212e-05, 3.399051837016424e-05], [2.2660345580109495e-05, 0.0], [2.2660345580109495e-05, 5.665086395027374e-06], [2.2660345580109495e-05, 1.1330172790054747e-05], [2.2660345580109495e-05, 1.699525918508212e-05], [2.2660345580109495e-05, 2.2660345580109495e-05], [2.2660345580109495e-05, 2.8325431975136868e-05], [2.8325431975136868e-05, 0.0], [2.8325431975136868e-05, 5.665086395027374e-06], [2.8325431975136868e-05, 1.1330172790054747e-05], [2.8325431975136868e-05, 1.699525918508212e-05], [2.8325431975136868e-05, 2.8325431975136868e-05], [2.8325431975136868e-05, 3.399051837016424e-05], [3.399051837016424e-05, 1.699525918508212e-05], [3.399051837016424e-05, 2.2660345580109495e-05], [3.399051837016424e-05, 3.399051837016424e-05]]}, "meta": {"timestamp_start": 1700091156.397846, "timestamp_end": 1700091214.816253, "version": "1.1"}, "sim_result": {"sim_density": null, "sim_counts": null, "sim_dt": null, "sim_timestamp": null}, "qpu_result": {"qpu_density": [0.67, 0.2828282828282828, 0.5050505050505051, 0.31, 0.12, 0.6565656565656566, 0.32, 0.07, 0.13, 0.10101010101010101, 0.18, 0.84, 0.04, 0.39, 0.53, 0.3939393939393939, 0.22, 0.23469387755102042, 0.08080808080808081, 0.1, 0.5, 0.27, 0.08, 0.25, 0.16326530612244897, 0.3434343434343434, 0.24, 0.5757575757575758, 0.15, 0.36363636363636365, 0.09183673469387756, 0.09090909090909091, 0.24489795918367346, 0.31, 0.5656565656565656, 0.71], "qpu_counts": {"rrrggrgggrgrgrrgrrgrgrgrgrrrggggrgrr": 1, "rggrgrrggggrggrrggggggggggrgggggggrr": 1, "grrggrgggrgrgrggggggrrgggrgggrggggrr": 1, "grrggrgggggrggrrgggggrggrgrgggggggrr": 1, "ggrggrrrgggrggggrgggrgggrgrgrggggrgr": 1, "grrggggggrgrgrgggggrgggggggrgrggrrrg": 1, "rgggggrggrrgggggrgggrggggrgrgrggrrrg": 1, "ggrggggggggrgggrrrggggggggrrggrrgggg": 1, "rgrggrgggggrgrggggggrgggggggrggggrgr": 1, "rgrgggggrgrgrggggrrgrrrrggrgrgggrrgr": 1, "ggrggrgggggrgrgrgggrgggggggrgggrgrgr": 1, "rggggrrgrggrggggrrggrggggrgggrggrggg": 1, "grgggrggrggrgrgrrgrggggggggrgrggrgrg": 1, "rgrgrggggggrggrrrggggggggggrgrggggrr": 1, "grrggrgggggrgrrggrggrrggrgggggggrggg": 1, "rggrgrrggggrggrgggggrggrgrgrggggrrgg": 1, "rgrggrggggggggrgrrggrgggrggrgrggggrr": 1, "rggrgrrggggrggrrgggggggrgrgrggggrgrg": 1, "rggrgrrggggrggrgggggrgrggrgrggggrgrg": 1, "rgrgggggggrgggggrggggggggggrgrggggrr": 1, "rgrgggrgggrrggrggrggrggggrgrgrggggrr": 1, "rgggggrgrgrrggggggggrrgggrrggrggggrr": 1, "grrggrgggggrgrrgggggrggrgggrgrgggrgr": 1, "rgrggrggrgggrgrrgggggrgrgrggggggrrgg": 1, "rgrrggggggrrgrrgggggrggrgggrgggggrgr": 1, "rggrgggggggrggrgggggrgggrgrgrrgggrgr": 1, "rgrggrgggggrggrrgggggggggggrgrggggrr": 1, "rgrgrggggggrgrrggggggrgggrggggggrrgg": 1, "rggrgrrggggrggrrgrgggrggggrgggrggggr": 1, "rgrggrgggggrgrrrggggrrgrgrgggggggrgr": 1, "grrgrggggggrgrrgggggrggrgggrggggggrr": 1, "ggrggrgggggrgrggggggggggggrrgrgggggr": 1, "rggggrgggggggrrgggggrggggrgrgrggggrr": 1, "rgrggrgggggrgrggggrgrgrggggrggrgggrg": 1, "rgrggrrggrgrggrrgrgggrgrggrgggggggrr": 1, "grrggrgggggrgrrrgggggggggrggrggggggr": 1, "rgrgrgggggrrggrgggggrgrgrgrgggggggrr": 1, "rrrggrgggggrggrggggggrggrgrggggggrgr": 1, "grgggggrggrrgggggrgrgrggggggrgrgggrr": 1, "rggrggrggggrgggrgrgggrgggggggrggrgrg": 1, "rggrgrgggggrgrrgggggrggggrgrgrggggrr": 1, "rgrggrgggggrgrrgggggrggrgrgrggggrrgg": 1, "rgrggrggggggrgggggrgrggrgggrgggrgrgr": 1, "rgrggrgggggrgrgrggrggrgggggggrgrgrgr": 1, "grrggrggggggggrrrgggggggggrrgrggggrr": 1, "rgrggrgggggrgrrrgggggggggrgrggrggggg": 1, "rggrggrgggrrgggggrggrrggggrggrggggrr": 1, "rggrgrrggggrggrgggggrrgggrgggrggrgrg": 1, "rggrggggggrrgrggggggrrgrgrggggggggrr": 1, "rggrgrgggggrgrrrgggggggrgrgrgggggrgr": 1, "grggrggrggrrgggggrgrgrggrgggggrrgggr": 1, "rggggrrggggrgggggrgrgggggggrgggrgrgr": 1, "grrgrggggggrgrrgggggrgggrgggggrggrgr": 1, "rgrggrgggggrggrrrrgggggggggrgrgrrgrg": 1, "rgrgrggggggrggrrgggggggggrgrgrggrgrg": 1, "rggggrgggggrgrrrgggggggrggrrgggggrgr": 1, "rgrgrggggggrggrgggggrggggrgrgrgggggr": 1, "rggrgrrggggrggggggggrggrgrgrggggggrr": 1, "rggrgrgggggrgrrrgggrgrggggggrgggrgrg": 1, "rgggggrgrgrrgggggrgrgggrgggrgggggrgg": 1, "rgrggggggrgrgrggggggrggrgggrggggggrr": 1, "rgrgrggggggggrggggrgrggrgggrggggggrr": 1, "grrggrrggggrgrggggrgrgggrgggrggrgrgr": 1, "grrggrgggggggrrgggggrggggrgrggggrrgg": 1, "ggggggggrggrgrgrgggrggrgrggrggggrgrg": 1, "rggrgrrggggrgggggrggrggggggrggggggrg": 1, "rggrgrrggggrggrrggggggggrrgrgrggggrr": 1, "rggrgrgrrgggrggrgggggrggrgggrggggggr": 1, "rgrgrggggggrgrrrgggggggggrgrggggrrgr": 1, "rggggrrgrggrgggrgrgggggrgggrgggrgrgr": 1, "grrgggggggrgggggrrgggggggggrgrggggrr": 1, "rggggggrgggrggggggggrggrggggggggggrr": 1, "rggrgrgggggrggrrrgggggggrgrgrgggrrgg": 1, "grrggrggrggrgrgrrgggggrgggggggrrgggr": 1, "rggrggrgggrrggrgrgggrggggrgrgrggggrr": 1, "grgggggrgrgrggrgrgggrrgggrgggrggggrr": 1, "rggrgrgggggrgrgrggggggggggrrgrggggrg": 1, "rggrgrgggggrgrggggrgrrgggggggggggrgr": 1, "rgrgrgrggrrrggggrrggrggggggrgrggggrr": 1, "rggrgrrggggrggggggggrggggggrgrggggrr": 1, "grgrgrgggggrgrrrgggggggggggrgrggggrr": 1, "grrggrggrggrgrggggggrrggrgggggggggrr": 1, "grgrggrgggrrgggggrggrgggggggrgggggrr": 1, "rggrgrrgggggggrgrgggrggggrgrgrggrggg": 1, "rggggrgrgggrgggrrrggggggggrrggggrgrr": 1, "rgrgrrgggggrggrrgggggrggggrrrgrgggrr": 1, "grrgggrgrgrrggrggrgrrgrggrgrggrggggg": 1, "rgrggrggggrrggrgggggrggrgggrggggggrr": 1, "grrggrgggggrgrrgggggrrgggrgggrgggrgr": 1, "rggrgrrggrgrggggggggrgggggrrggggggrr": 1, "rggrgrrgggggggrrggggggrgggrgggggggrr": 1, "grgggrgggggrggrrggggggggrgrrgggggrgr": 1, "ggrggrgggrggggggrgrgrggggggrgrggggrr": 1, "grgrgrrggggrggrrgggggggggrggrgggrgrg": 1, "rggggrrggggrggrrrgggggggrgrrgrggggrr": 1, "grrggrgggrggggggrrggrggggggggrggrgrg": 1, "grgrgrgggggrgrggggggrrgrrrggrgrggggr": 1, "rggggrrgrggrgggrgggggggrgrgrggggggrr": 1, "grgggggggggrgrrrgggggggrgrgrgggggrgr": 1, "rggrgrgggggrgggrgrggggggggggrgggggrr": 1}, "qpu_dt": 58.41357707977295, "qpu_timestamp": 1700091156.399315}, "settings": {"time_points": [0, 2.5e-07, 2.75e-06, 3e-06], "amplitude_values": [0, 15700000.0, 15700000.0, 0], "detuning_values": [-20000000.0, -20000000.0, 20000000.0, 20000000.0], "phase_values": [0, 0, 0, 0], "blockade_radius": 8.04442268093887e-06, "n_site_max": 256, "C6": 5.42e-24, "x_min": 0, "y_min": 0, "R": 1.42, "factor": 5.665086395027374e-06}}