{"problem": {"instance_name": "UDMIS039EXT_N15_W1.0_R0.3.orig", "instance_data": [[0.0, 0.0], [0.0, 1.699525918508212e-05], [0.0, 2.2660345580109495e-05], [5.665086395027374e-06, 1.1330172790054747e-05], [5.665086395027374e-06, 2.2660345580109495e-05], [1.1330172790054747e-05, 5.665086395027374e-06], [1.1330172790054747e-05, 1.699525918508212e-05], [1.1330172790054747e-05, 2.2660345580109495e-05], [1.699525918508212e-05, 0.0], [1.699525918508212e-05, 5.665086395027374e-06], [1.699525918508212e-05, 1.1330172790054747e-05], [1.699525918508212e-05, 1.699525918508212e-05], [1.699525918508212e-05, 2.2660345580109495e-05], [2.2660345580109495e-05, 0.0], [2.2660345580109495e-05, 2.2660345580109495e-05]]}, "meta": {"timestamp_start": 1700087476.484156, "timestamp_end": 1700087533.841942, "version": "1.1"}, "sim_result": {"sim_density": null, "sim_counts": null, "sim_dt": null, "sim_timestamp": null}, "qpu_result": {"qpu_density": [0.9, 0.13, 0.7070707070707071, 0.73, 0.12, 0.1414141414141414, 0.03, 0.7474747474747475, 0.24242424242424243, 0.1111111111111111, 0.72, 0.05, 0.04, 0.67, 0.9494949494949495], "qpu_counts": {"rgrrgggrggrgggr": 3, "rgrrgggrrgrgggr": 8, "rgrrgggrggrggrr": 23, "rgrrggggrgrgggr": 1, "ggrrgggrggrggrr": 4, "rrgggrgggggggrr": 1, "rgrrggggggrggrr": 1, "rrgggrrrgggggrr": 1, "rgrggrgrggrggrr": 1, "rgrrgggrgrrggrr": 1, "rgrggggrrgggggr": 1, "rgrrgggrrgrggrr": 1, "gggrgggrgrgrgrg": 1, "rggggggrggrggrr": 1, "rgrrgggggrgggrr": 2, "gggrgggrggrggrr": 1, "rgggrgggggrggrr": 1, "rgrrrggrggrggrr": 1, "rgrrgggrgrgggrr": 2, "rgrrgggrrgggggr": 1, "ggrrgggrgggggrr": 2, "rrggrgggrgrgggr": 2, "rrgrgrggrgrrggr": 1, "rgrrgggggrgrggr": 1, "rggrgggrggrggrr": 2, "rrgggrgrgrgggrr": 1, "rrggggrggrggggr": 1, "rggrrgggrgrgrgr": 1, "rgrggrgrgggggrr": 2, "rgrggggrrgrgggr": 1, "rrggrrgggggggrr": 1, "rggggggggggggrr": 1, "rgrggggrggrggrr": 1, "rggrgggrrgrgggr": 2, "rrgrgggrggrggrr": 1, "rgrrgggrrrrgggr": 1, "rgrrrgggrgrgggr": 1, "rgrrgrgrggrgggr": 1, "rgrrggggrgrgrgg": 1, "rgrggrrggggggrr": 1, "ggrggggrgggggrr": 1, "rgrrggggggrgrrr": 1, "rggggggrrgrgggr": 1, "rgrrgrgrggrggrr": 1, "rrgggrgrggrggrr": 1, "gggggrgrggrggrr": 1, "rggrrgggrgrgggr": 1, "rrgggggrggggggr": 1, "rrggrgggrggrggg": 1, "rgrggggggggggrr": 1, "rgrrgggrgggggrr": 2, "rggrrgggggrgggr": 1, "rgrrgggrggrggrg": 1, "rrgggggrggrggrr": 1, "rgrgrrgggggggrr": 1, "rggrrgggggrgrrr": 1, "rgrggggrgrggggr": 1, "rggrgrgggrgrgrg": 1}, "qpu_dt": 57.35387635231018, "qpu_timestamp": 1700087476.48521}, "settings": {"time_points": [0, 2.5e-07, 2.75e-06, 3e-06], "amplitude_values": [0, 15700000.0, 15700000.0, 0], "detuning_values": [-20000000.0, -20000000.0, 20000000.0, 20000000.0], "phase_values": [0, 0, 0, 0], "blockade_radius": 8.04442268093887e-06, "n_site_max": 256, "C6": 5.42e-24, "x_min": 0, "y_min": 0, "R": 1.42, "factor": 5.665086395027374e-06}}