{"problem": {"instance_name": "UDMIS082EXT_N36_W1.0_R0.3.orig", "instance_data": [[0.0, 0.0], [0.0, 4.348336584291281e-06], [0.0, 1.3045009752873843e-05], [0.0, 1.7393346337165125e-05], [0.0, 2.6090019505747687e-05], [4.348336584291281e-06, 4.348336584291281e-06], [4.348336584291281e-06, 8.696673168582562e-06], [4.348336584291281e-06, 1.3045009752873843e-05], [4.348336584291281e-06, 1.7393346337165125e-05], [4.348336584291281e-06, 2.6090019505747687e-05], [8.696673168582562e-06, 4.348336584291281e-06], [8.696673168582562e-06, 1.3045009752873843e-05], [8.696673168582562e-06, 1.7393346337165125e-05], [8.696673168582562e-06, 2.6090019505747687e-05], [1.3045009752873843e-05, 0.0], [1.3045009752873843e-05, 1.3045009752873843e-05], [1.3045009752873843e-05, 2.1741682921456406e-05], [1.3045009752873843e-05, 2.6090019505747687e-05], [1.7393346337165125e-05, 0.0], [1.7393346337165125e-05, 4.348336584291281e-06], [1.7393346337165125e-05, 8.696673168582562e-06], [1.7393346337165125e-05, 1.3045009752873843e-05], [1.7393346337165125e-05, 1.7393346337165125e-05], [1.7393346337165125e-05, 2.1741682921456406e-05], [1.7393346337165125e-05, 2.6090019505747687e-05], [2.1741682921456406e-05, 0.0], [2.1741682921456406e-05, 4.348336584291281e-06], [2.1741682921456406e-05, 1.7393346337165125e-05], [2.1741682921456406e-05, 2.1741682921456406e-05], [2.1741682921456406e-05, 2.6090019505747687e-05], [2.6090019505747687e-05, 0.0], [2.6090019505747687e-05, 4.348336584291281e-06], [2.6090019505747687e-05, 1.3045009752873843e-05], [2.6090019505747687e-05, 1.7393346337165125e-05], [2.6090019505747687e-05, 2.1741682921456406e-05], [2.6090019505747687e-05, 2.6090019505747687e-05]]}, "meta": {"timestamp_start": 1700087248.148733, "timestamp_end": 1700087304.798089, "version": "1.1"}, "sim_result": {"sim_density": null, "sim_counts": null, "sim_dt": null, "sim_timestamp": null}, "qpu_result": {"qpu_density": [0.78, 0.12121212121212122, 0.45454545454545453, 0.25252525252525254, 0.79, 0.050505050505050504, 0.16, 0.06, 0.09, 0.09183673469387756, 0.25, 0.15, 0.22, 0.24489795918367346, 0.47, 0.16, 0.10101010101010101, 0.30303030303030304, 0.1717171717171717, 0.06, 0.26, 0.11, 0.17, 0.12121212121212122, 0.1414141414141414, 0.09, 0.08, 0.05, 0.010101010101010102, 0.12121212121212122, 0.48, 0.16, 0.61, 0.12121212121212122, 0.05, 0.72], "qpu_counts": {"rgggrgrggggrggrgrgggggrgggrgggrggggr": 1, "rgggrgggrgggggrggrggrgggggggggrggggr": 1, "rgrgrrggggggggggggggrggrggggggrgrggr": 1, "rgggrggrgggggrrggggggggrggggggrgrggr": 1, "rgggrgggggggggrggrgggrggggggggrggrgr": 1, "rggrggrgggrgggrggggggrgggggggggrgggr": 1, "rggrgggggggrgggggggrgggggrgggrrgrggg": 1, "rgggggggrrggggrgggggrgrggggggggrgggr": 1, "rgrgrgggggrgrrggggggggggggrggggggrgr": 1, "ggrgrggggggrgggggrgggggggggggrggrggr": 1, "rgrgrggggggrggrggrgggggggggggggrgrgr": 1, "rggrgggggrrggggggrggggrggrgrgrgggggg": 1, "grggrgggggggrgrggggggrggggggggrggggr": 1, "rggrggggggrggggrgggggggrggggggrgrggr": 1, "rgrgrgggggrrggggggrgggggrgggggrggggr": 1, "rggrgggggggggrggggrggrggrggggggggggr": 1, "rrggrggggggrggrgrggggggggrgrgggggggr": 1, "rgrgrgggggggggrggrgggggggggrggggrggr": 1, "rgrgrgggggggrggggggrggggggggggrgrggr": 1, "ggggrgggrgrgggggrgrggrgggggggggrgggg": 1, "grgrrgggggggggrgggggggggrgggggggrggr": 1, "rgggrggrggggggrggggggggrggrgggggrggr": 1, "ggggrrggggggggrrgrggggggggrgggggrggr": 1, "ggrggrgggrggggggggggggggggggggggrggr": 1, "rgggrgrgggggggrrgrgggggggrggggggrggr": 1, "rggrrgggggggrgrgggggrgggrgggrgrggggg": 1, "rgrgrgggggggggrggrggggggggggggrgrggr": 1, "rggrrggggggggrggggggrgggggggggggrggr": 1, "rggrrgggggggrgggggggrggggggggrgrgggg": 1, "rgggrgrgggggggrggggggggrgrggggggrggr": 1, "rggrrgrgggggggrgggggrggggggggggrrggg": 1, "ggrggrgggrggggggggggggrgggggggrgrgrg": 1, "grrgrggggggggrrgggggrgggggggggrggggr": 1, "grggrgggggrgrggggrgggggggggrgggrgggr": 1, "grggrrrgrggggrggggggggrgggggggrgrrgr": 1, "rggggggggggrgrgggggggggggggggggrgggr": 1, "rgrgrggggggggrrgggggggrgggggggrgrggr": 1, "rgrgrgggggrggggggrrgggggggggggggrggr": 1, "rgggrgggggggrgrggggggggggrggggggrggr": 1, "rgrgrgggggggrggggggrggggrgggggrggrgg": 1, "rrrgrgggrggggrggggrggggrggggggrgrggr": 1, "rgggrggrggggggggrgrggrggggggggrgrggr": 1, "rgrgrgggggggggrggrggrggggggggggggggr": 1, "grgrgggggrggggrrrgggggggggrgggggrggr": 1, "rggrrgggggrgggggggrggrgggggggggrgrgr": 1, "rggrrgrggggggrrgggggrgggggggggrggrgr": 1, "ggggrggggggggrrggrgggrgggggggggrrggr": 1, "rgrgrgggggggrgggggrrgggrgggggrrggggr": 1, "rgggrggrggrgggggrgggggggggggggrgrggr": 1, "rgggrggrgggggrrgggggrggrggggggggrggr": 1, "rggrrgggggggggrgrgggrgggggggggggrggr": 1, "rggrrgrggggggrrgggggrgggggggggrggrgg": 1, "rgrgrgggggrgggggggggrgrgggggggggrggr": 1, "rgggrggggggggggggrrgggggggggggrggggr": 1, "rgrgrgggggrggggggrrggggggggggggrrggr": 1, "rgrgrggggggrgggggrrgggggggggggggrggr": 1, "rggrrggggggggggggrggrgrggrgggggggggr": 1, "rgrgrgggggrgggggggggggrggrggggggrggr": 1, "grrgrgggrgrggggrgrgggggggggggrgrgrgg": 1, "rgrgrgggggggggrrggggggggrgggggrgrggg": 1, "rgrgrgggggggrggrgrggrggggggggrrggrgg": 1, "rgrggggggrgrggggggggrgrgrrggggggrggr": 1, "ggrgrgggggggrgrgggggggggggrgggggrgrg": 1, "rgrggggggrgggggrggrgggggrgggggrgrggr": 1, "rggrrgggggrgrggggrggggrggggggrgggggg": 1, "rgrgrgggggrgrrggggggrgggggggggrgrggr": 1, "rgrgrgggggggrrrggggggggggggggrrgrggg": 1, "rgrgrgggggggrgrgggggggggggggggrgrggr": 1, "rggrrgrggggggggggrrgggrgggggggrgrgrg": 1, "ggggrgrgggggggrggggggggggggggrrggrgg": 1, "grggggggrgrggrgrggrgrgrgrgrgggrggggg": 1, "rgrgrgggggrgrggggrgggrgggggggggrggrg": 1, "grgrrggggggrggggrgggrggggggrgggggggr": 1, "rgggrgrggggggggggggrgggrggggggrggggr": 1, "rgrgrgrgggggrgrggrggggrrgggggggrgggr": 1, "rgrrrgggggggggggggggrgggggggggrgrggr": 1, "rgggrgggggggrrgggrgrrgggggggggrgrggr": 1, "rggrrgrgggggggrgrgrgggggggggggggrggr": 1, "rgrgrgggggrgrrggggggrggrggggggrgrggr": 1, "grgrrggggggggrgrggrggggggggggrgrrggg": 1, "rggrrgrgggggggrrgrggggggrgggrgrgrggg": 1, "rgrggggggrgggrrrgggggggggggggrrggrgg": 1, "ggrgrgggggrgrgggggggggggrgggggggrgrg": 1, "rggrrggggggrgrrggggggggggggggrrgrggg": 1, "rgrgrggggggrgrrgggggggggggggggrgrggr": 1, "rgrgggggrgrggrggggggggrgggggggggrggr": 1, "rgrgrggggggrggrggrggggggggggggrgrggr": 1, "gggggggrgrggggrggrgggrggggggggrggrgr": 1, "ggrgrggggggggggggrrgrgggggggggggrggg": 1, "rgrggggggggrgrggggggggggrgggggrgrggg": 1, "rggrgrggggrggrgrgggggggrggggggrgrggr": 1, "rgggrgggggggggrggggggrrgrgggggrggggr": 1, "rggrrgggggggggrrgrggggggrgggggggrggr": 1, "rgrgrggggggggrrrgggggggrggggggrgrggr": 1, "rgggrgrggggggggggrggrgggggggggggrggr": 1, "grrggggggrgrggrgrgggrggggggggggggggr": 1, "rgrggggggrrgrgrgggrggggggggggggrrggr": 1, "rgrgggggggrgggggrgggggggrgggggrgrggg": 1, "rgrgrgggggrgrgggggggggggggggggggrggg": 1, "rgggrgrgrgggggrrgrggggrgggrgggggrggr": 1}, "qpu_dt": 56.63068342208862, "qpu_timestamp": 1700087248.152558}, "settings": {"time_points": [0, 2.5e-07, 2.75e-06, 3e-06], "amplitude_values": [0, 15700000.0, 15700000.0, 0], "detuning_values": [-20000000.0, -20000000.0, 20000000.0, 20000000.0], "phase_values": [0, 0, 0, 0], "blockade_radius": 8.04442268093887e-06, "n_site_max": 256, "C6": 5.42e-24, "x_min": 0, "y_min": 0, "R": 1.85, "factor": 4.348336584291281e-06}}