{"problem": {"instance_name": "UDMIS090EXT_N49_W1.0_R0.2.orig", "instance_data": [[0.0, 0.0], [0.0, 4.348336584291281e-06], [0.0, 8.696673168582562e-06], [0.0, 1.3045009752873843e-05], [0.0, 2.1741682921456406e-05], [0.0, 2.6090019505747687e-05], [0.0, 3.0438356090038968e-05], [4.348336584291281e-06, 0.0], [4.348336584291281e-06, 4.348336584291281e-06], [4.348336584291281e-06, 8.696673168582562e-06], [4.348336584291281e-06, 1.3045009752873843e-05], [4.348336584291281e-06, 1.7393346337165125e-05], [4.348336584291281e-06, 2.1741682921456406e-05], [4.348336584291281e-06, 2.6090019505747687e-05], [4.348336584291281e-06, 3.0438356090038968e-05], [8.696673168582562e-06, 0.0], [8.696673168582562e-06, 8.696673168582562e-06], [8.696673168582562e-06, 1.3045009752873843e-05], [8.696673168582562e-06, 2.1741682921456406e-05], [8.696673168582562e-06, 2.6090019505747687e-05], [8.696673168582562e-06, 3.0438356090038968e-05], [1.3045009752873843e-05, 0.0], [1.3045009752873843e-05, 4.348336584291281e-06], [1.3045009752873843e-05, 8.696673168582562e-06], [1.3045009752873843e-05, 1.3045009752873843e-05], [1.3045009752873843e-05, 2.1741682921456406e-05], [1.3045009752873843e-05, 3.0438356090038968e-05], [1.7393346337165125e-05, 0.0], [1.7393346337165125e-05, 8.696673168582562e-06], [1.7393346337165125e-05, 1.3045009752873843e-05], [1.7393346337165125e-05, 1.7393346337165125e-05], [1.7393346337165125e-05, 2.6090019505747687e-05], [1.7393346337165125e-05, 3.0438356090038968e-05], [2.1741682921456406e-05, 4.348336584291281e-06], [2.1741682921456406e-05, 8.696673168582562e-06], [2.1741682921456406e-05, 1.7393346337165125e-05], [2.1741682921456406e-05, 2.1741682921456406e-05], [2.1741682921456406e-05, 2.6090019505747687e-05], [2.1741682921456406e-05, 3.0438356090038968e-05], [2.6090019505747687e-05, 4.348336584291281e-06], [2.6090019505747687e-05, 8.696673168582562e-06], [2.6090019505747687e-05, 1.3045009752873843e-05], [2.6090019505747687e-05, 3.0438356090038968e-05], [3.0438356090038968e-05, 0.0], [3.0438356090038968e-05, 4.348336584291281e-06], [3.0438356090038968e-05, 8.696673168582562e-06], [3.0438356090038968e-05, 1.3045009752873843e-05], [3.0438356090038968e-05, 1.7393346337165125e-05], [3.0438356090038968e-05, 2.1741682921456406e-05]]}, "meta": {"timestamp_start": 1700091849.495866, "timestamp_end": 1700091906.371192, "version": "1.1"}, "sim_result": {"sim_density": null, "sim_counts": null, "sim_dt": null, "sim_timestamp": null}, "qpu_result": {"qpu_density": [0.55, 0.12, 0.26262626262626265, 0.41414141414141414, 0.42, 0.061855670103092786, 0.53, 0.12, 0.03, 0.020202020202020204, 0.07, 0.02040816326530612, 0.13, 0.01, 0.1414141414141414, 0.35, 0.1919191919191919, 0.1, 0.24, 0.06, 0.18, 0.23, 0.01, 0.17, 0.10101010101010101, 0.30612244897959184, 0.3434343434343434, 0.43434343434343436, 0.1, 0.14, 0.13131313131313133, 0.12, 0.26, 0.17, 0.19, 0.21, 0.1, 0.04, 0.12, 0.03, 0.12, 0.08, 0.74, 0.8181818181818182, 0.07142857142857142, 0.1717171717171717, 0.16, 0.10101010101010101, 0.68], "qpu_counts": {"rggrrgggggggggrgrgrgggggggggggrgrgrggggggggrggrgr": 1, "rgrgrgrggggggggggrggggggggrrggrgggrggrgggggrggggr": 1, "ggggrrgggggrgggrggggggggggrggggggrggrgggggrrggggg": 1, "rgggrgrggggggggrggrggggggggrrgggrgggggggggrrgrggr": 1, "rgggrgrggggggggggggggggrggggggrgggggggrggggrggrgr": 1, "rggrrgggggggggggrggggrgggrgggggggggggggggggrggggr": 1, "ggggggrrggrggggggggggggggrgrggggrgggggggggrggrggr": 1, "ggrggggrggggrgggggggrgggrrrgrgggrgggrgggrgrrggggr": 1, "rggrrggggggggggrggrgggggggggrgggggggggggggrrgrggr": 1, "ggrgrrgrggggggrgggrggggggggrrggrrggggrggggrrggggr": 1, "ggrgrrggggggggggrgggrrgggggrgrggggggggggggrrggggg": 1, "grgggrgggggggggrggrggggrggggggggrrggrggggrrrggggg": 1, "ggrgggrggggggggggggggrggggggrgggrgggggggggggggrgr": 1, "gggrggggggggggrggggggggggggrggrrggrgggggggrrgggrg": 1, "rggggrgggggggggrggrgrggggggrggggggrggggggggrrgggr": 1, "rrggrgggggggggrgggggrrgggggrggggggggggrggrggrgggr": 1, "rgggrgggggggggggggggggggggggggggrgggggggrggrggggr": 1, "grgggrggggggrgrrggrggggrgrrggrgggrggggrgrggrggrgr": 1, "ggrgrgrggggggggrgrggggggggggggggrgrgggggggrgrgggr": 1, "ggggggrrgrggrgggggggrggggggrgrggggggrgggggrggrgrg": 1, "rgrgggrggggggggggrgggrgggrrgggggggggggggggrrggggg": 1, "gggrggrgrggggggggggggrggggrgggrgggggggggggrrgrggr": 1, "rgrgrgggggggggrrgrgggggggrgggggggggggrgggggrggggr": 1, "grgrrggggggggggrggggrgggrrgrgggggggrggggggrggrggg": 1, "ggrgrggrgggggggggggggggrggggggrggrgggggggggrggggr": 1, "rggrggggggggggggggggrrggggggggggrgrgggggggrrggggr": 1, "ggrrgggrggggggggggrrrggrgrgrgggggggggggggggrrgrgr": 1, "gggrggrggggggggrggrggggrggrrggggggrgrgggggrrgggrg": 1, "rggrggggggggggggrgggggggggrrggrgggrgggggggrrggggr": 1, "ggrgggrggggggggrggggrgggggggggrggrggggggggrrgggrg": 1, "rggrgrggggggggggrgrggrggggggggggrrggrgggggrrggggr": 1, "rggrgrgggggggggggrgggrgggrggggggggrgggggggrgggggg": 1, "rggrggrgggggrggggggggrgrrrrggggggggrggggggrrggrgg": 1, "gggrggggrgggggrggrggggggggrggggggrggggggggrrggggr": 1, "grggrgrggggggggggggggrgggrgrggggrrggggggggrrggggr": 1, "ggggrggrggggggrgggggggggrggrggggrgrggggggggrggggr": 1, "ggggggrrggggrgggggggggggggrggggggrgggggggrrrggggr": 1, "grggrgrggrgggggrggggggggggrgrgggggggggggrgggggggr": 1, "rgrgrgrggggggggggrrgggggggrrggggggggggggggrrggggg": 1, "rggrggrgggggggggggrggrgggggggrggrggggggggrgrggggr": 1, "rggrggggggggggggggggrggggrgrgrggggggrgggggrgggrgr": 1, "rgggggrgggggggggggrgggggggrrgrggggggrgggggrrggggr": 1, "ggrgrgrggggggggrggggggggggrgrggggggrggrggggrgrggr": 1, "ggrgggggggggggrggggggrgggrgggrgggrggggggggrrggggr": 1, "ggggggrgggrggggrgggggggggrgrgrggggggggggggrrgrgrg": 1, "rgggrgrggggggggggggrgrggrgggggggrggrggggggrrggggg": 1, "rggrggggggggggrgrggggggggrgrgrggrgggggggggrrggggr": 1, "rggrrggggggggggggggggrggrgggggggrgggggggggrrrrggr": 1, "rgrgggrggggrgggrggggggggggrrggrgggggggrggrgrrgggr": 1, "rgrgrggggggggggrrggggrgggrggrgggrggrggggggrrgrggr": 1, "rggrrgrggggggggrgggggggggrgggrggggggggrgggggrgggr": 1, "gggrggrggggggggrggrggggggggrgggggggrggggrgrrggggr": 1, "ggrrgggggggggggrgggrgggggggrggrggggggggggrrgrgggr": 1, "rgggggrgggggggggrggrrgggggrgrggrgggrggggggrrgggrg": 1, "ggrgggrggggggggrgggrgrggggggggggggrgggggggrrggggr": 1, "rgggrgggggrggggrgggggggggrgrgggggggrggggggrrggggg": 1, "rggrggrgggggrgggrggggrggggrggggggrggggggggrrggggr": 1, "ggrgggggggggrggrggggggggggrrggrgggggggggggrrggrgr": 1, "rggrggrggggggggrgggrgggggggggggggggggggrggrgggrgg": 1, "rggrgggggggggggggrggrrgrgggggggrgrgrggggggrggggrg": 1, "rggrggggggggrgrgrggggrgggrrggggrggrgggggggrrggggr": 1, "rgggrgrggggggggggggggggrgrgrggggrggrggggggrrrgggg": 1, "rgggggggggrggggrggrgggggggrrgggggggrggggggrrgrggr": 1, "rgggggrggrggrgggggggggggrgggggggrggrggggrgrrggggr": 1, "rgrgrgrggggggggrggrggggrgggrgggrggrrgggrgggrgrggr": 1, "ggrgrggggggggggggrgggggggggrgggggggggggggggrggggr": 1, "rgggrgrgggggggggggggggggrgrrggggggrgggggggrrgrggr": 1, "rggrgggggggggrggrgggggggggrrgrgggggggggrggrgggrgg": 1, "rgrggggggggrgggrgggggggggrggggggrgggggggggrrggrgr": 1, "rgggrgggggrgggrggggggggrggrrrgrgggggggggggrrgggrg": 1, "rgggrgrggggggggggggggggggggrgggggggggggggrrrggggg": 1, "rgrgggrgggggrgggggggggggggrggggggggrggggrgrrggggg": 1, "grggrgrgggrgggggggggggggggggggrggrggggggggrrggrgr": 1, "grgrggrgggggrggggggggrgggrrggggggggrggggggrrgrggr": 1, "rgggrgggggggggrggggggggggrgrgrggggggggrgrgrrggggg": 1, "gggrggrgggggggggrgrggggggrgrgggrggggggggrgrggggrr": 1, "ggrgrggrggggggggggggrggrgrrgggggggrrggrggggrggggr": 1, "grggrgggggggggggggggrgggrggrggggggggggggrgrrggggr": 1, "gggrggrrggggggggggggrrgrggrggggggggrggggggrggrggg": 1, "rggrggrgggggrgggrgggggggggggggrgggrgggggggrrggggr": 1, "rggrrgggggggggggggrggggrgggggggrggggggrgggrrggrgg": 1, "rggrggggggggrggrgggggggrgrgggggggrgrggrggggrggggr": 1, "ggrgggggggggggggggggrggrgggrgggrggrgggggggrrgrggr": 1, "ggggggrrgggggggggrrggggggggrgggrrgrrgggggggrggrgr": 1, "rgggggrggggggggrgggggggggrrgggggggggggggrgrrggggr": 1, "rggrrgggggggggggggggrggggggrgggggggrggrggggrggggr": 1, "rggrrgggggggggrrggggggrggrrrggggggrgrgggggrrggggg": 1, "gggrgrrrggggggggrggggggggrggggggrgggggggrgrrggggr": 1,