{"problem": {"instance_name": "UDMIS3TG_N25_W1.0_R0.3.orig", "instance_data": [[0.0, 0.0], [0.0, 5.362948453959247e-06], [0.0, 1.0725896907918495e-05], [0.0, 1.608884536187774e-05], [0.0, 2.145179381583699e-05], [5.362948453959247e-06, 0.0], [5.362948453959247e-06, 5.362948453959247e-06], [5.362948453959247e-06, 1.0725896907918495e-05], [5.362948453959247e-06, 1.608884536187774e-05], [5.362948453959247e-06, 2.145179381583699e-05], [1.0725896907918495e-05, 0.0], [1.0725896907918495e-05, 5.362948453959247e-06], [1.0725896907918495e-05, 1.0725896907918495e-05], [1.0725896907918495e-05, 1.608884536187774e-05], [1.0725896907918495e-05, 2.145179381583699e-05], [1.608884536187774e-05, 0.0], [1.608884536187774e-05, 5.362948453959247e-06], [1.608884536187774e-05, 1.0725896907918495e-05], [1.608884536187774e-05, 1.608884536187774e-05], [1.608884536187774e-05, 2.145179381583699e-05], [2.145179381583699e-05, 0.0], [2.145179381583699e-05, 5.362948453959247e-06], [2.145179381583699e-05, 1.0725896907918495e-05], [2.145179381583699e-05, 1.608884536187774e-05], [2.145179381583699e-05, 2.145179381583699e-05]]}, "meta": {"timestamp_start": 1698262917.00422, "timestamp_end": 1698263166.027361, "version": "1.0"}, "sim_result": {"sim_density": null, "sim_counts": null, "sim_dt": null, "sim_timestamp": null}, "qpu_result": {"qpu_density": [0.79, 0.08163265306122448, 0.7070707070707071, 0.04081632653061224, 0.797979797979798, 0.08, 0.01, 0.1111111111111111, 0.03, 0.09, 0.75, 0.09, 0.52, 0.08, 0.6632653061224489, 0.08080808080808081, 0.020202020202020204, 0.11, 0.02, 0.11, 0.8, 0.07, 0.65, 0.06060606060606061, 0.7676767676767676], "qpu_counts": {"rgrgrgggggrgrgggggggrgrgr": 4, "rggrrgggggggrgrrggggggrgr": 1, "rgrgrgggggrgrgrggggggrggr": 2, "rgrgrgggggrgggrgggggrgrgr": 5, "gggggrgrgrrrgggrgrgrgrgrg": 1, "rgrgrgggggrgrgrgggggrgggg": 1, "rgrgrgggggrgrgrgggggrgrgr": 11, "ggrgrgggggrgrgrgggggrgrgr": 2, "grgrggggggrgrggggggrrgrgg": 1, "ggggrgggggggrgrrggggggrgr": 1, "ggggrggrggrggggggggrrgrgg": 1, "rrggrgggggrgggrgggggggrgr": 1, "rgrrrggggggrggrgggggrgrgr": 1, "rgggrggrggggggrrggggggggr": 1, "rgggrggrggrrgggggggrrgggg": 1, "rgggrgggggrgggrgggggggrgr": 1, "rgrggggggrrgrggggggrrgrgg": 1, "grgggrgrrggrgrggggggrggrg": 1, "rgggrgggggrgggrgggggrgrgr": 2, "rgrgrgggggggrgrgggggrgrgr": 2, "rgrgrgggggrgrgrgggggggggr": 1, "rgggrggrggggggrggrggrgggr": 1, "rgrgrgggggrgrgrgggggggrgr": 1, "grrggrggrggggggggrggrgggr": 1, "rgggrggrggrgggggrggrrgggg": 1, "rgrgrgggggrgggrgrgggrgrgg": 1, "rgrgrgggggggrggrgggggrggr": 1, "ggggrrggggggggrrggggggrgr": 1, "rgrggggggggrggrgggggrgrgr": 1, "rgggrgggggrgrgrgggggrgggr": 2, "ggrgrgggggrggrrgggggrgrgr": 1, "rgrgrgggggrgrrrgggggrgrgr": 1, "ggggrgggggrgrgrgggggrgrgr": 1, "rgrgrrggggrgrgrgggggrgrgr": 1, "rgggrgggggrgrgrgggggrgrrr": 1, "rgrgrgggggrggrggggggrgrgr": 3, "grggrggrggrgggrggrggrgggg": 1, "rrrgrgggggrgrgrgggggrgrgr": 1, "rgrgrggggggrggrgggggggrgr": 1, "rgrgrgggggrgrgrgggggrgggr": 2, "rgggggggggrgrgrgggggrgrgr": 1, "rgrgrgggggrggggggggrrgrgg": 1, "grggrgggggggggrgggggggrgg": 1, "rgrgrgggggrgrgggggggrgggr": 1, "rgrgrgggggggrgggggggrggrr": 1, "rgrgrgggggggrgggggggrgggr": 1, "rgggrggrggrggggggggrrgrgg": 1, "grggggggrgrggggggrggggggg": 1, "rgrgggggggrgrgrgggggrgrgr": 2, "ggrgrrggggggrgggggggrgrgr": 1, "rgrgrgggggrgrggggggrrgggr": 1, "rgrgrggggggrggrgggggrgrgr": 1, "grggrgggggrgrgrgggggrgrgr": 1, "ggrggrgggrggggggrgggrgggr": 1, "rgrgggggggrgggggggggrgrgr": 1, "rgrgrgggggrgggrgggggrgggr": 1, "rggggggrgrrggggggrgrrgggg": 1, "rggrggggggggggrgggggrgrgr": 1, "rgrgrggggrrggggggrggrgggr": 1, "rgrgrgggggrgggggggrgrgggg": 1, "ggrgrgggggrgggrggrggggggr": 1, "rgrggggggrgggggggrggrrggr": 1, "rgrggggggrrgggrgggrggrggg": 1, "gggrggrgggrggrggggggrgrgg": 1, "rgrgrgggggrgrgrgggggrggrg": 1, "rgrggggggrgrggrrgggggggrg": 1, "rgrgrggrggrgrgrgggggrgrgr": 1, "rgrggggggrrgrgggggggrgrgr": 1, "rgggrgggggrgrgrgggggrggrg": 1, "rgrgrgggggrgrgrgggggrgrgg": 1, "rgrgrggggggrgrrgggggrgrgr": 1, "grrrgggrggrggggggrgrgrggg": 1, "ggrgrrggggggggrrgrggrgggr": 1, "rgrgrgggggggggrrggggggrgr": 1}, "qpu_dt": 249.01738739013672, "qpu_timestamp": 1698262917.006688}, "settings": {"time_points": [0, 2.5e-07, 2.75e-06, 3e-06], "amplitude_values": [0, 15700000.0, 15700000.0, 0], "detuning_values": [-20000000.0, -20000000.0, 20000000.0, 20000000.0], "phase_values": [0, 0, 0, 0], "blockade_radius": 8.04442268093887e-06, "n_site_max": 256, "C6": 5.42e-24, "x_min": 0, "y_min": 0, "R": 1.5, "factor": 5.362948453959247e-06}}