{"problem": {"instance_name": "UDMIS054EXT_N49_W1.0_R0.2.orig", "instance_data": [[0.0, 0.0], [0.0, 5.665086395027374e-06], [0.0, 1.1330172790054747e-05], [0.0, 1.699525918508212e-05], [0.0, 2.8325431975136868e-05], [0.0, 3.399051837016424e-05], [0.0, 3.965560476519162e-05], [5.665086395027374e-06, 0.0], [5.665086395027374e-06, 5.665086395027374e-06], [5.665086395027374e-06, 1.1330172790054747e-05], [5.665086395027374e-06, 1.699525918508212e-05], [5.665086395027374e-06, 2.2660345580109495e-05], [5.665086395027374e-06, 2.8325431975136868e-05], [5.665086395027374e-06, 3.399051837016424e-05], [5.665086395027374e-06, 3.965560476519162e-05], [1.1330172790054747e-05, 0.0], [1.1330172790054747e-05, 1.1330172790054747e-05], [1.1330172790054747e-05, 1.699525918508212e-05], [1.1330172790054747e-05, 2.8325431975136868e-05], [1.1330172790054747e-05, 3.399051837016424e-05], [1.1330172790054747e-05, 3.965560476519162e-05], [1.699525918508212e-05, 0.0], [1.699525918508212e-05, 5.665086395027374e-06], [1.699525918508212e-05, 1.1330172790054747e-05], [1.699525918508212e-05, 1.699525918508212e-05], [1.699525918508212e-05, 2.8325431975136868e-05], [1.699525918508212e-05, 3.965560476519162e-05], [2.2660345580109495e-05, 0.0], [2.2660345580109495e-05, 1.1330172790054747e-05], [2.2660345580109495e-05, 1.699525918508212e-05], [2.2660345580109495e-05, 2.2660345580109495e-05], [2.2660345580109495e-05, 3.399051837016424e-05], [2.2660345580109495e-05, 3.965560476519162e-05], [2.8325431975136868e-05, 5.665086395027374e-06], [2.8325431975136868e-05, 1.1330172790054747e-05], [2.8325431975136868e-05, 2.2660345580109495e-05], [2.8325431975136868e-05, 2.8325431975136868e-05], [2.8325431975136868e-05, 3.399051837016424e-05], [2.8325431975136868e-05, 3.965560476519162e-05], [3.399051837016424e-05, 5.665086395027374e-06], [3.399051837016424e-05, 1.1330172790054747e-05], [3.399051837016424e-05, 1.699525918508212e-05], [3.399051837016424e-05, 3.965560476519162e-05], [3.965560476519162e-05, 0.0], [3.965560476519162e-05, 5.665086395027374e-06], [3.965560476519162e-05, 1.1330172790054747e-05], [3.965560476519162e-05, 1.699525918508212e-05], [3.965560476519162e-05, 2.2660345580109495e-05], [3.965560476519162e-05, 2.8325431975136868e-05]]}, "meta": {"timestamp_start": 1700092423.909389, "timestamp_end": 1700092482.111816, "version": "1.1"}, "sim_result": {"sim_density": null, "sim_counts": null, "sim_dt": null, "sim_timestamp": null}, "qpu_result": {"qpu_density": [0.696969696969697, 0.11, 0.26, 0.51, 0.7, 0.02, 0.87, 0.08, 0.06, 0.15151515151515152, 0.08, 0.14, 0.17, 0.02040816326530612, 0.050505050505050504, 0.68, 0.2755102040816326, 0.32323232323232326, 0.32, 0.06, 0.7, 0.07, 0.11, 0.19, 0.15, 0.55, 0.14, 0.7171717171717171, 0.24, 0.20202020202020202, 0.13131313131313133, 0.06, 0.65, 0.23, 0.26262626262626265, 0.3333333333333333, 0.41, 0.1, 0.08, 0.09183673469387756, 0.12121212121212122, 0.24, 0.82, 0.8282828282828283, 0.09090909090909091, 0.4, 0.31, 0.11, 0.8282828282828283], "qpu_counts": {"grgrrgrggggggggrrgggrggggrggrrggggrrgrgrgrrggrggr": 1, "rggrrgrgggggggrrrgggrggggrgrggggrgggrggrgrrrggggr": 1, "rgrgggrgggggrggrgrggrggggrggggggrgrrggggggrgggrgr": 1, "rgggggrggrgrgggrggggrggrgrgggrggrrgrgggggrrrggggr": 1, "rgrgggrggrgrggggggggrrgrgrggggggrgrgggggggrrggggr": 1, "rggrrgrggggggggrggggrgrggrgrggggrgrgrgggrgrrgrgrg": 1, "rgggggrggrgrgggrgggggggrggrrggggggrgrgggggrrggrgg": 1, "rgrgrgrggggggggrgrgrgggrgggrggrgrgggrgggggrrggrgr": 1, "grggrgrggggggggrgrrgrgggggggrgggrggrggggggrrgrggg": 1, "rggrrgrggggggggrgrggrggggrgrgrggrrggrggrgrrrgrggr": 1, "rgggrgggggggggggggggrggrgrgggrggrrggrgggggrrgrggr": 1, "rggrrgrggggggggrgrggrggggrgrgrggggggrggggrrrggggr": 1, "ggrgrgrrggggggggrgggrggggrgrggggrgrrggggggrrggrgr": 1, "rggrrgrggggggggrgggggggrgrgrggggrgrgrgggggrrggggr": 1, "rgggrgrggrgrggggggggrggggrgrgrggggggggggggrrgrggr": 1, "rggrrgrggrgggggrggrgrgggrgggggggrrggrggggrrrggggr": 1, "rgggrgrggggggrggrgrgrrggggggrgggrggggggrggrrggrgr": 1, "grgrrgrgggggggggrgggrggggrgrrgggrgggrggggrrrgrggr": 1, "rgrgggrgggrgrggrggggggggrgrrggggggrrggrggggrggrgr": 1, "ggggrgrggggggggrrgggrggggrgrgrggrggrgggrggrrggrgr": 1, "ggrgggrgggrgrggrrgggrgggrrgrrgggrgggrgggggrrgrggr": 1, "rggrrgrggrgggggrggrgggrgggrgggrgggrgggggggrrgrggr": 1, "rgggggrggrgrgggrggggrgggrrgrggggrgrrggggggrrggrgr": 1, "rgggrgrggrgggggrggggrggggrgrrggggggrgrggrggrggggr": 1, "ggrgggrgrrggrggrrgggggggrrrrrggggggrgrgrgrgrgrggr": 1, "rggggrgggrgrgggrggrgrrggrggrggggrrggrgggrgrrggrgr": 1, "rggrrgrggggggggrgrrgrggrgggrgggggggrgrggggggggrgg": 1, "rggrrgrgggggggggrrgrgggggrgrrgggrggrggggrgrrgggrg": 1, "rgrgrgrgggrggggrggggrgggrggrgggggggrgrggrggrggggr": 1, "rrgrrgrggrgrggggrrgrgggrgrgrggggrgrrgrggggggrgrgr": 1, "grgrggrgggggrggggrgrgggggggrgrggrgggrgggggrrggggr": 1, "rgrgrgrggggggggrggrggggrgggrggrrgggggggggrrrggggr": 1, "rggrggrggggggrggrggggggggrgrggggggrrggggggrrgrgrr": 1, "rgggrggggggggggggrrggggrggrggggggrggggrggrgrgrggr": 1, "gggrggggrggrggrgrgrggggggggrrgrggrgggrgggggrgrggr": 1, "gggrrgrgrggggggggrrgrgrggggrggggrgrgggggggrrggggr": 1, "rgrggggggggrggrrgggggggrgggrggrggrggggrggggrggggr": 1, "ggrgrgrrggggggggrgggrggggrgrgrggggggrgrggrgrggggr": 1, "gggrrgrgggggggggggggrggggrgrggggrgrgrgggggrrgrggr": 1, "rgggrgrggrgggggrggrgrggggggrgggggrgrgrgggggrgrggr": 1, "grgrrgrggggggggrggggrgrggrgrggggrggrggggggrrggrgr": 1, "rgrgrgrggggrgggrrgggrggggrgrggggrgggrgggrgrgrggrg": 1, "rgggrgrggggggggrggggrggrgrgrggggrgggrggggrrggggrg": 1, "gggrrgrgggggrggrggggrggggggrggrgrgrggggggrrrgrggr": 1, "rgrggrgggggggggrrgrggggggggrrgggrgggrgggggrrgrggr": 1, "rggrrgrgggggrggrggggrggggrggrgggrrgrggggggrrgrgrg": 1, "rgrgrgrgggggggggggrgrggrgggrrgrgrgggggggggrrgrggr": 1, "rgggrgrggrgggggrggggrgggrrgrggggrrgrggggggrrgrggr": 1, "rgrrrgrggggggggrggggrggggrgrgrggrgggrgggggrrgrggr": 1, "grggrgrgggrggggrggrgrgggrggrggggrgrgrgggggrgrgrgr": 1, "gggrggrgggggrggrgrggrggggrgrgrggrgggrggrggrrggrgr": 1, "rggrrgrggrgggggrgggggggrgrrgggggggggrggggggrggggr": 1, "rgrrrgrggggggggrrggrgggggggrrgrgrgggggggggrrggggr": 1, "grgrrgrrggggggggggrgrgrggggggrrgrgggrgggggrgrgrgr": 1, "rggrrgrggggggggrgrggrggggrgrggggrgrgggggggrrggggr": 1, "gggrrgrgrggggggrgrrggggrggrggggrgrgrggggggrrgrggr": 1, "rgggrgrggggggggrgrggrgrggrggggggrrgrgggggrrrggggr": 1, "grgrrgrggggggggrrgggrggggrgrgrggggggggggggrrggrgg": 1, "rggrggrggggrrggrrgggrggggggrgrggrrggrgggggrrgrggr": 1, "rggrggrggggggggggrrgrggggggrgrggrgrgrgggggrrgrggr": 1, "gggrggggggggrrrrrggggggggrrrggggggggrgrggrgrggggr": 1, "ggrgggrgrgggrggggrggrggggrgrgrggrgggrgggrgrrgggrg": 1, "rggrrgrggggggggrgrrgrggggggrggggrgggrggggrrrgrggr": 1, "rggrrgggggggggrgggggggggrrgrggggrgrgrggrggrgggrgr": 1, "ggggrgrgggrgggggggrgrggggggrgggrggrrggggggrrggrgr": 1, "gggrrgrrggggggggrgrgggggggrggggrgrgrggggggrrggrgr": 1, "rgrgggrggggggggrrgggrggggrgrrgggrgggrgggrgrrggggg": 1, "rgggrggggggggggrgrggrggggrgrgrggrggrggggggrrgrggg": 1, "gggrrgrrgggggggggrrgrgrggggggggrgggggggrggrgrgrgr": 1, "rgrgrgrggggggggrgrgrggggrggrggggrgrrgrggggrgrgrgr": 1, "rgrgrgrgggrggggrggggrggggrgrgrggrgggrgggrgrrggggr": 1, "rggrrgrggggggggggrrgrgrgggggggggrrggggggggrrgrggr": 1, "rgrgrgrggggggggrgrggrggggrgrggggggrrggggggrrgrggr": 1, "gggrrgrrgrggggggggrgrrgrgggggggrgrggggggrgrrggrgr": 1, "rgrgrggggrrgggrggggggrgrggrggrgggggrggrggrggrgrrg": 1, "rgggrgrggggggggrgrrgrggggggrrgrgrgggrggrgrrgggggr": 1, "rggrggrggggrggggggggggrgrrrgggggggggggrggggrggrgr": 1, "rgggrgrgggrggggrggggrgggrrgrggggrrggrggggrggrgggr": 1, "grgrrgrggggggggrrggggggggrrrrggggggrrgggggrrggrgr": 1, "rgrggggggggrgggrggggrggrgggrggggrgrgrgggggrggrggr": 1, "rggrrgrggggggrgrgrrgrggggggrggrgrggggggggrrrgrggr": 1, "grgrggrggggggggrgrggrgrggrgrrgggrggrggggggrrggrgr": 1, "rgggggrgggggrggrgggggggggrgrrgggrggrggggrgrgggrgr": 1, "rggrggrgggggrggrrgggrggggrgrggggrgggggggrgrrggrgr": 1, "rggrggrggggrgggrggggrgggrrggggggrrgrgggggrrrggggr": 1, "rggrrgrggggggggrgrrggggggggggrggrrggrgggggrrgrggg": 1, "rggrrggggggggggrgrrgrggggggrrggggggrggggggrrgrggr": 1, "gggrggrrggggrgggrgggrrgggrgggggggrggrggggrrrgrggr": 1, "rgrgrgrggggggggrrggggggggrrrggggggrgrgrggggrrgrgr": 1,