{"problem": {"instance_name": "UDMIS013EXT_N40_W1.0_R0.2.orig", "instance_data": [[0.0, 0.0], [0.0, 6.435538144751096e-06], [0.0, 1.2871076289502192e-05], [0.0, 2.5742152579004385e-05], [0.0, 4.5048767013257676e-05], [6.435538144751096e-06, 0.0], [6.435538144751096e-06, 3.217769072375548e-05], [6.435538144751096e-06, 3.8613228868506576e-05], [1.2871076289502192e-05, 0.0], [1.2871076289502192e-05, 6.435538144751096e-06], [1.2871076289502192e-05, 2.5742152579004385e-05], [1.2871076289502192e-05, 3.8613228868506576e-05], [1.9306614434253288e-05, 6.435538144751096e-06], [1.9306614434253288e-05, 1.9306614434253288e-05], [1.9306614434253288e-05, 2.5742152579004385e-05], [1.9306614434253288e-05, 3.217769072375548e-05], [1.9306614434253288e-05, 4.5048767013257676e-05], [2.5742152579004385e-05, 0.0], [2.5742152579004385e-05, 6.435538144751096e-06], [2.5742152579004385e-05, 1.2871076289502192e-05], [2.5742152579004385e-05, 1.9306614434253288e-05], [2.5742152579004385e-05, 2.5742152579004385e-05], [2.5742152579004385e-05, 3.217769072375548e-05], [2.5742152579004385e-05, 3.8613228868506576e-05], [3.217769072375548e-05, 0.0], [3.217769072375548e-05, 6.435538144751096e-06], [3.217769072375548e-05, 1.2871076289502192e-05], [3.217769072375548e-05, 1.9306614434253288e-05], [3.217769072375548e-05, 2.5742152579004385e-05], [3.217769072375548e-05, 3.217769072375548e-05], [3.217769072375548e-05, 3.8613228868506576e-05], [3.8613228868506576e-05, 6.435538144751096e-06], [3.8613228868506576e-05, 1.2871076289502192e-05], [3.8613228868506576e-05, 1.9306614434253288e-05], [3.8613228868506576e-05, 3.217769072375548e-05], [3.8613228868506576e-05, 4.5048767013257676e-05], [4.5048767013257676e-05, 0.0], [4.5048767013257676e-05, 2.5742152579004385e-05], [4.5048767013257676e-05, 3.217769072375548e-05], [4.5048767013257676e-05, 4.5048767013257676e-05]]}, "meta": {"timestamp_start": 1700087189.332642, "timestamp_end": 1700087248.146701, "version": "1.1"}, "sim_result": {"sim_density": null, "sim_counts": null, "sim_dt": null, "sim_timestamp": null}, "qpu_result": {"qpu_density": [0.8556701030927835, 0.05, 0.9191919191919192, 0.9, 0.8787878787878788, 0.1717171717171717, 0.43, 0.30303030303030304, 0.5858585858585859, 0.26262626262626265, 0.72, 0.42424242424242425, 0.37373737373737376, 0.59, 0.04040404040404041, 0.48, 0.8585858585858586, 0.45454545454545453, 0.16, 0.41, 0.1, 0.29591836734693877, 0.19, 0.25, 0.48, 0.15151515151515152, 0.2, 0.16, 0.3673469387755102, 0.14, 0.58, 0.36, 0.34, 0.40404040404040403, 0.36363636363636365, 0.25510204081632654, 0.8571428571428571, 0.64, 0.28, 0.6767676767676768], "qpu_counts": {"rgrrrggrrgrgggggrrgrggrggrggrgrggrrrrrgg": 1, "grgrgrggggrgrrrrrggggrggggrggrgggrgrrgrg": 1, "rgrrrgggrgrrrrgggrgggggrgrggrgggggggrrgr": 1, "rgrrrgrgrgrggrgrrrgrggggggggrrrrgrgrrgrg": 1, "rgrrrggrrgrgrrggrggrggrgrgggggrgrrggrgrr": 1, "rgrrrgggrgrrrrggrgggggrggggggggrgrrgrrgr": 1, "rgrrrgrgrgrrrggrrgggrggrrggggggrgrgggrgg": 1, "rggrgggrgrrggrgrrrgrgrggggggggrrgrrrrrgr": 1, "rgrrrggrrgrgggggrgrgggggrggrgrggrggrrrgg": 1, "rgrrrgggrggggrgrgggggggrrggggggrgrgrrgrg": 1, "rgrrrgrgggrrrrggrrgrggggggggrgrgrgggrrgr": 1, "rgrrrggrgrggrrggrrgrgrgrgggggggrgrrgrrgr": 1, "rgrrrgrgrgrgggggrrggrgrgggrgggrrgrggrgrr": 1, "rgrrrgrgrgrrrggggggggrgggrggggggrgrrrrgg": 1, "rgrrrggrrrrgrrgggggggrrrrgrgrrgrgrggrgrr": 1, "rggrrgrgrgrrgrggrrggggrggrggrgrgggggrrgr": 1, "rgrrrgrggrrrgrgrrrgrgggggrggggrggrggrgrr": 1, "rgrgrrggrgrrgrggrgrgggrgrgggrgrgrgrggrgr": 1, "ggrrgrrrgrgrggggrggrgggggrgrggggggrgrrgr": 1, "rgrrrgrgrgrgggggrggggrggrgrgggrggrrgrrgr": 1, "rgrrrgrgrggggggrrrgrgrggggggggrggrrgrrgr": 1, "rgrrrgrggrgrgrgrrrgrgggggggggrgrgrgrrgrg": 1, "rgrrrgggrgrggggrrggrgggggrggrgrgrgggrrgr": 1, "rgrrrgggrgrgrgggrrggrrggggggggrgrggggrgr": 1, "grgrrrrggrgggggrrrgrgrggggrgrgrrgrggrrgr": 1, "rgrrrgggrgrrrgggrggrggrgrgggggggrgrrgrgg": 1, "rgrrgggrrggrrrgrrggggggrggrgrgrgggggrgrg": 1, "rgrrrgggrgrgrrgrrrgrgggrgggggggrggggggrg": 1, "rgrrrgrgrgrrrrggrggggrgrrgggggrgrgrgrrgr": 1, "grgrrrgggrrggggrrrgrgrggggggggrrgrggrgrr": 1, "rgrrrrgggrrggrgrrrgrgggggrggggrgrgrgrrgg": 1, "rgrrrggrrgrgrrgrrgggggggrgrgrgggggggrgrr": 1, "rgrrrgrgrgrrggggrgggrgggrgggrgrgrrggrggr": 1, "ggrrgrgrggrrgrggrrggggggrggrrgrrggrgrrgg": 1, "rgrrrgggrggrgrgrrgggggggrgrgrgrggrgrrgrg": 1, "rgrrgggrrgrgrrggrrgggrgggggggrgggrgrrgrg": 1, "rgrrrggrrgrrggggrrgrgggrggggrggrgrgggrgr": 1, "rgrgggrgrgrrrggrgggggggrrggrggggrggrrrgg": 1, "ggrrrrggggrggrggrggrgggrrgggrgggrgrrgrgg": 1, "rgrrrgrgrgrggggrrrgrgggrgrggrgggrgggrrgr": 1, "rgrrrrrgggrgrrgrrggggrgrgrgrggggrgrgrrgr": 1, "ggrrrrgrrgrggrggrrgggggrggrggrgggrggrgrr": 1, "rgrgrgrgrggrgrgrgggrggggrgggrgrgrgggrrgr": 1, "rgrrrrggggrggrggrgrggrggrgrggggrgrrgrrgr": 1, "rgrrgggggrrrggggrgrggrggrggrgrggggggrgrr": 1, "grrrrrrggrgggrgrrgrggrggrgrgggrrgrggrrgr": 1, "rgrrrggggrrrggggrgrgrgggrgggggrgrggggrgr": 1, "rggrrggrgrrgggggrggrgrgrrggrggggrgrgrrgr": 1, "rgrrrgggggrrrrggrggggrggrggrggggrgggrrgr": 1, "rgrrrgrgrgrrgggggrgrgrggggggggrgrgggrrgr": 1, "rgrgrgggrgrrgrggrgrgggrgrgggggggggrrgrgg": 1, "rgrrrgrgggrrgrgrrgrgggggrgggrgrrgrggrgrr": 1, "rgrrrgrgrggggggrrgrgrgggrgggggrggrgrrgrg": 1, "rgrrrgrgrgrgrgggrrgrggrggggrggrgrgrgrrgr": 1, "rgrrrgrgrgrgrrgrrgggggggrgrgggrgggrrrggr": 1, "rgrgrggrrgrggrgrrrgrgrggggggrgrrgrggrrgr": 1, "rgrrrgrrrggggrgrrrggggggggrgrgrrgrggrrgr": 1, "rgrrrgggrggggrgrrgggggggrggrgrggggggrgrr": 1, "ggrrrggrrgggrrgrrggrgrgrrgggggggggrgrrgr": 1, "rgrrrgrggrrrggggrrgrgrgggggrggrrgggggrgr": 1, "rgrgrgggrgrgrggrgrggrggggrgggggggrgrrgrg": 1, "rgrrrgrgrggrgrggrgrggrggrggrggggrgrrrrgg": 1, "rgrrrgrgrgrgrgggrggggrggrgggggrrgrggrgrr": 1, "rgrrrgggrgrggrgrrrgrggrgggggrgrgrgrgrggr": 1, "grgrrrgggggrrgrgrgggggrgrggrggrrggrrrrgg": 1, "rgrrrggrrgrggrgrrrgggggrgggggggrggrrrrrg": 1, "rgrrrggrrggggrgrrggrgrggrggggrggrgggrggr": 1, "rgrrrrrggggrrrgrggggggggrgggggrgggggrrgr": 1, "rgrrrggggrrrggggrrgggggrgrrgrgggggrggrgr": 1, "ggrrrrrggggrrgggggggggrgrgggrrrrggrgrgrr": 1, "ggrrrrrggrrggrggrgrggggrrgggrggrgrggrgrr": 1, "rgrgrgrgrggrrrgrrrgggrgrggrgrggrgrrgrrgg": 1, "rgrrggrggrrrggggrggrggrgrggrggrgrgggrrgr": 1, "rgrrrgrgrgrrggggrggrggrgrgggggrggrggrgrr": 1, "rgrrrggrgrrggggrrggrgggrgrgggrrggrrgrrgg": 1, "rgrrgggrrgrggggrrrggggggggggrgrgrgggrrgr": 1, "rgrrrggggrrrgrggrgrggrggrgggggrgrgggrrgr": 1, "rgrrrrggggggrrgrgrgrggggggggrgrrggggrrgr": 1, "rgrrrgggggrggrgggggggggrrggggrgggrgrrggg": 1, "rgrrrgggrgrrrgggrrggrggggrggggrggrggrrgr": 1, "rgrrrgrgrggrggggrrgrggrgggggrgrgrgggrrgr": 1, "rgrrgggrrgrgrrggrrrgggrgrgrgrgrrggggggrr": 1, "rgrrrggrggrggrgrrgrgggggrgrgrggrggrrrrgg": 1, "rgrgrgrggrgrgrgrrrgrgrggggggggrgggrgrrgr": 1, "rgrrrggggrrgggggrrgrggrggrggrgrgggggrggr": 1, "rgrrrgrgrgrrrrggrggggrggrgggggrrggggrrgr": 1, "rgrrrgrgrgggrggrrrggrgggggrgggrggrrgrrgr": 1, "ggrrrgrrgrgggrrrrrggggggggggrgrrgrrgrrgr": 1, "rgrrrggrgrrggrgrrrggggggggggrgrgrgrgrrgr": 1, "rgrrrggrrgggrgrgrggrgggggggggggrggrgrrgr": 1, "rgrrrggrgrrggrggrrrggrgrrgrgrrgggrgrgggg": 1, "rgrrrggrgrrggrgrrrgrggggggggggrrgrgrrgrg": 1, "rgrrrgrgrgggrrgrgggrggggrggrggrgrgrgrggr": 1, "ggrrrrggggrrrrggrgggggrgrgggggrrggggrgrr": 1, "rgrrrggrrgrggggrrgrgrgggrgggggrgrggrrrgg": 1, "rgrrrgrgrgrrrgggrggggrgrrggrggggrggrrrgg": 1, "rgggrggrrggggrgrrggrggggrgggrgrrgrgggggr": 1, "rgrgrgrggrrrgrrrgrgrgggggrggrgggrggrrrgg": 1, "rgrrgggggrrrggggrrgrgggrggggrgggrgggrrgr": 1, "rgrrrgrgrgrgrrgrrrggggggggrgggrrggrgrrgr": 1}, "qpu_dt": 58.806687116622925, "qpu_timestamp": 1700087189.336455}, "settings": {"time_points": [0, 2.5e-07, 2.75e-06, 3e-06], "amplitude_values": [0, 15700000.0, 15700000.0, 0], "detuning_values": [-20000000.0, -20000000.0, 20000000.0, 20000000.0], "phase_values": [0, 0, 0, 0], "blockade_radius": 8.04442268093887e-06, "n_site_max": 256, "C6": 5.42e-24, "x_min": 0, "y_min": 0, "R": 1.25, "factor": 6.435538144751096e-06}}