{"problem": {"instance_name": "UDMIS053EXT_N49_W1.0_R0.2.orig", "instance_data": [[0.0, 0.0], [0.0, 5.665086395027374e-06], [0.0, 1.1330172790054747e-05], [0.0, 1.699525918508212e-05], [0.0, 2.2660345580109495e-05], [0.0, 2.8325431975136868e-05], [0.0, 3.399051837016424e-05], [5.665086395027374e-06, 0.0], [5.665086395027374e-06, 1.699525918508212e-05], [5.665086395027374e-06, 2.2660345580109495e-05], [5.665086395027374e-06, 2.8325431975136868e-05], [5.665086395027374e-06, 3.399051837016424e-05], [5.665086395027374e-06, 3.965560476519162e-05], [1.1330172790054747e-05, 5.665086395027374e-06], [1.1330172790054747e-05, 1.1330172790054747e-05], [1.1330172790054747e-05, 2.2660345580109495e-05], [1.1330172790054747e-05, 2.8325431975136868e-05], [1.1330172790054747e-05, 3.965560476519162e-05], [1.699525918508212e-05, 0.0], [1.699525918508212e-05, 5.665086395027374e-06], [1.699525918508212e-05, 1.1330172790054747e-05], [1.699525918508212e-05, 1.699525918508212e-05], [1.699525918508212e-05, 2.2660345580109495e-05], [1.699525918508212e-05, 2.8325431975136868e-05], [1.699525918508212e-05, 3.399051837016424e-05], [1.699525918508212e-05, 3.965560476519162e-05], [2.2660345580109495e-05, 0.0], [2.2660345580109495e-05, 5.665086395027374e-06], [2.2660345580109495e-05, 1.699525918508212e-05], [2.2660345580109495e-05, 2.2660345580109495e-05], [2.2660345580109495e-05, 3.965560476519162e-05], [2.8325431975136868e-05, 5.665086395027374e-06], [2.8325431975136868e-05, 1.1330172790054747e-05], [2.8325431975136868e-05, 1.699525918508212e-05], [2.8325431975136868e-05, 2.2660345580109495e-05], [2.8325431975136868e-05, 2.8325431975136868e-05], [2.8325431975136868e-05, 3.399051837016424e-05], [2.8325431975136868e-05, 3.965560476519162e-05], [3.399051837016424e-05, 0.0], [3.399051837016424e-05, 1.1330172790054747e-05], [3.399051837016424e-05, 1.699525918508212e-05], [3.399051837016424e-05, 2.2660345580109495e-05], [3.399051837016424e-05, 2.8325431975136868e-05], [3.399051837016424e-05, 3.965560476519162e-05], [3.965560476519162e-05, 5.665086395027374e-06], [3.965560476519162e-05, 1.1330172790054747e-05], [3.965560476519162e-05, 1.699525918508212e-05], [3.965560476519162e-05, 2.2660345580109495e-05], [3.965560476519162e-05, 3.399051837016424e-05]]}, "meta": {"timestamp_start": 1700091621.258881, "timestamp_end": 1700091678.123101, "version": "1.1"}, "sim_result": {"sim_density": null, "sim_counts": null, "sim_dt": null, "sim_timestamp": null}, "qpu_result": {"qpu_density": [0.5050505050505051, 0.13, 0.696969696969697, 0.1326530612244898, 0.5, 0.16161616161616163, 0.6, 0.35353535353535354, 0.13131313131313133, 0.10204081632653061, 0.09090909090909091, 0.05, 0.41, 0.31, 0.35353535353535354, 0.2222222222222222, 0.21, 0.4536082474226804, 0.41414141414141414, 0.09090909090909091, 0.18, 0.3, 0.15, 0.32, 0.13, 0.27, 0.36, 0.13, 0.15151515151515152, 0.13, 0.5612244897959183, 0.20202020202020202, 0.3, 0.3, 0.19, 0.47474747474747475, 0.11, 0.22, 0.73, 0.11, 0.1, 0.05, 0.1, 0.4444444444444444, 0.3, 0.46464646464646464, 0.17, 0.63, 0.77], "qpu_counts": {"rgrgrgrgggggrgrrggrgggggggggrgrgrggrggrggggrgrgrr": 1, "gggggggrgggggggggrggrggrggrggggggrgrggrrgggggggrr": 1, "rggggggggrggrgrgggrgggggggggrgrggggrggrgrggrggggg": 1, "rgrgrgggggggrgrggggggrgrggrgggrgrgrgggrgggggrggrr": 1, "rgrgrgrgggggggrggrgggggrgggrrgrggggrggrggggrggrgr": 1, "rgrgrgrgggggggggrrggrggggggggrrrgrggggggggrrrgrgg": 1, "grgrggrgrgggggggrgrgrgggggggggrrggrgrgrggggggggrr": 1, "ggrgrgrgggggggrggrgggggrggrgggrggggrggrgrggrgrgrr": 1, "ggrgrggrggggrggggrrgggggggggggrggggrggrrgggrgggrr": 1, "rgrgrgrgggggrgggggrgrgrgggrgggrrgrgrggrggggrgrgrr": 1, "ggrrrgrrggggggrgrrggggrgggrgggrggrggggrggggrgrgrg": 1, "gggggrggrgggrrggrgrggrgggrggggrgrgrggggrggrrrggrg": 1, "rgrgggggggrgrrrgggggggggrgrggrgrgggggrrggggggrgrr": 1, "ggrggrgrrgrgrgggrggggrgggrgggggrgrgrgrrggggggrgrr": 1, "ggrgrggrggggrgrgggrggrgrggggggggrgrggrrggggggggrr": 1, "rgrrrgrgggggrrgggggggrggrgrggggggrgrgrrggggggrgrr": 1, "gggrrrgrggggrgggrggggrgggrrgggggrggrgrrggggggrgrr": 1, "rgrggrggggggrgrrggrggggggrggggrgrggrgrggggggrggrr": 1, "rgrgrggggggggrgggrgggggrgggggggggrgrggrggggrggrgr": 1, "ggrggggrggrgrgrgggrggggrgrgggggrggrggrggggggrggrr": 1, "ggrgrgrrggggggrrgrrgrgggggggggggrgrgrgrggggggggrr": 1, "gggrgrgrggggrggggrrgrggrgrgggggrggrggrggggggrgrgr": 1, "ggrgrgrgggggrgrgggrgggggggggrgrgggggggggggrrggrgg": 1, "rgrgrgrggggggrgrgrggrgggggrgggrrgrggggrggggggrgrr": 1, "rgggggrgrggggggggrgggrgrggrgggrggggrggrggggrgrggg": 1, "grgrggrrggggggrggrgggrgrgggrggrggrgrggrggggrgrgrr": 1, "rgrgrgrggggggrgrgggggrggrgrgggrggrggggrggggggrgrr": 1, "rggggrgggggrgggrgrgrgrggggggggrrgrgrggrrrggrggrrr": 1, "rgrgggrggrgggggggrgrgrggggggggrgrggrggrggggggrggr": 1, "grgrgrggggggrgrgggggggrgrgrgggggrggrgrrggggggggrr": 1, "ggrgggrrgrggggrggrgggrrrggggggggrgrggrrggggggrgrr": 1, "grgggrgrrgggggggrrrrggggggggggrrgrgrggggrgggrggrr": 1, "grgrgrgrgggrggrggggggggggrrgggggrggggrrggggggrgrr": 1, "rgrgggrggrggrgrggggrgggrggggrgrggggrggrrgggggggrr": 1, "gggggggrgrggrgrggggggggrggrgrgrgggggggrrgggrggggr": 1, "rgrgggrggggggrgggrgggrgrggggggrrgggrgggrgggrrggrr": 1, "rgggggrgrggggggggrrgrgrggggggggggrgrgrrggggggrgrg": 1, "grggrgrgrggggrggrrggggggggrgggrggrgrggrggggrgrgrg": 1, "ggrgggrrrgrggrgggrgggrgrgggrggrggrrrrgrrggggggrgg": 1, "rgrgrgrggggggrggrrgggrggggrgggrgrggrggrggggggrgrr": 1, "rgggggggrggrggrrggrrgrrgggrggrrgrgrgrgrggggrrggrg": 1, "rgrgggrggrggrgrgggrggggrgrgrgggggrgggrrggggggrgrr": 1, "ggrgggrrggggggggrrgggrggrggrggrggrgrggrggggrgrrrr": 1, "rgrggrgggggggrgggggggrgggrggggggrgrgrgrggggggrgrr": 1, "ggrggrgrggggggrgrrggggggggrgggrgrggrgggggggrgrgrg": 1, "rgrgrgrggggggrggrrggggggggggrgrgggggggrgggggggggr": 1, "rgrgrggggggrggggggrggggrgrggggggrgrggrrggggggrggr": 1, "grggrgrrrgggggggrgrgrggggrggggggggrgggrrgggrgggrg": 1, "ggrggrgrgggggggggrrggrggggggggggggggrgggrgggrgggr": 1, "ggrgrggrggggrgrggrrgggrggrgggggrgrggggggggrgrgggr": 1, "rgrgggrggrggrgrgggrggggrgrggggggggggggrgggggrgrgr": 1, "rgrgrggggggggrggrggggrgrgrrggggggrgrgggggggrrgggr": 1, "grggrgrrrggggrgggrrgggggrggrggrgrgrgggrgggggrgrgr": 1, "rgrgrgrgggggggggrgrggggggggggrrrgrggggggggrgrgrgr": 1, "ggrgrggrggggrggrggggrgggrggrrrggrggggggggggrrgggr": 1, "grgrggrggrgggrgrgrggggggggrgggrgggrgggrggggrgrrgr": 1, "ggrgrgrrgggggrgrgrggggggggrggggggrgrggrgggggggrgr": 1, "ggrgrgrrgggggggrgrgrgggggggggrrggggrggrgggggrgrgr": 1, "rgrgggrgggrgggrggrrggggrgggrggrggrgrggrggggggrgrr": 1, "ggrgrgrrggggggrrggggggggggrggrrggggggggrgrgrggggr": 1, "rgrgrgggggggrgggggggggggggrgggrgrggrggrggggggrgrr": 1, "rgggggrgrggggggggrrgrggrggggggrggrggggrgggrggrggr": 1, "rgrggrggggggrgggrgrggggggrgggggrggrgrgggggggrggrr": 1, "rgrgrgrrggggggrrgrrrggggggrggrrgggggggrggggrggggg": 1, "ggrggrgrggggggrggrgrgrggrgrggrgrgrgrgrgggggggrgrr": 1, "rgrgrgrggggggrggrrggrgrgggrgggggrgrgrgrggggggrgrr": 1, "rgrrrgrgrggggrggrrggggggggrgggrgrggrggrggggrgrgrr": 1, "gggggrgrggggrgrgrgrgggggggggrgrgggggggrggggggrgrr": 1, "ggggrgggggggrrgrggrgrggrrrgggggrggggggggrgrrrgggg": 1, "rgrgrgrggggggrgggrgggrggggggggrrggggggggggggrgrgr": 1, "rgrgrgrgggggrrggrgggggrggrrgggggggrggrrggrgggrgrr": 1, "rgrgrgrggggggggggrgrggggggggrrrgrgggggrggrgrgrggr": 1, "ggggrgrrggggrgggggggrggrgrrgggggggggggggrggrrgggr": 1, "grggrgggggggrgrrggrggggggrgggggggrgrgrggggggrggrr": 1, "rgrgrgrggggggrggggggggggggrgggrrgrgrggggggggrggrg": 1, "gggrgrgrggggrgrgggggggrgrgggggggrggrggrgggggrgrgr": 1, "gggrggggggrgrrggggrggggrgrgggggrrggrgrgrgggggggrr": 1, "rgrggggggrrgrgggggrggggrgrggrggggggrggrggggggrgrr": 1, "grggrgrgggggrrgggggggrgrgrrgggggrggrggrggggrgrgrg": 1, "rgggrgrgrgggrrggggggggrggrgrggggggggrggggggrgrgrg": 1, "grrgggrgggrgggrgggrgggrgggggggrggrgrggrggggrgrgrr": 1, "rgrggggrggrgrggggggggrgggggrgrrgggggggrgrgrrggggg": 1, "rgrggggggrgrrgggggrggrggrggrggrggrggggrgggrrgrggg": 1, "ggrgrgrggggggggrgrggrgggggggggrgrggrggrgggrrrgrgg": 1, "rgrgrgrggggggrgggrrggggrggggrgrrgggrggrggggrgrgrg": 1, "grrrggrggggggrgrggrggrgrgrgggggggrgrgrggggggrrgrr": 1, "ggrgrgrgggggggrgrgrggggrgrggrggrggggrggggrgrrggrr": 1, "rgrgggrgggggggrggrrgggrgggggggrggrgrggrggggrgrgrr": 1,