{"problem": {"instance_name": "UDMIS075EXT_N15_W1.0_R0.4.orig", "instance_data": [[0.0, 0.0], [0.0, 1.3045009752873843e-05], [0.0, 1.7393346337165125e-05], [4.348336584291281e-06, 8.696673168582562e-06], [4.348336584291281e-06, 1.7393346337165125e-05], [8.696673168582562e-06, 4.348336584291281e-06], [8.696673168582562e-06, 1.3045009752873843e-05], [8.696673168582562e-06, 1.7393346337165125e-05], [1.3045009752873843e-05, 0.0], [1.3045009752873843e-05, 4.348336584291281e-06], [1.3045009752873843e-05, 8.696673168582562e-06], [1.3045009752873843e-05, 1.3045009752873843e-05], [1.3045009752873843e-05, 1.7393346337165125e-05], [1.7393346337165125e-05, 0.0], [1.7393346337165125e-05, 1.7393346337165125e-05]]}, "meta": {"timestamp_start": 1700091214.820742, "timestamp_end": 1700091272.474407, "version": "1.1"}, "sim_result": {"sim_density": null, "sim_counts": null, "sim_dt": null, "sim_timestamp": null}, "qpu_result": {"qpu_density": [0.92, 0.25, 0.57, 0.40404040404040403, 0.07, 0.2, 0.07, 0.33, 0.12, 0.04, 0.21, 0.020202020202020204, 0.06, 0.75, 0.78], "qpu_counts": {"rgrrggggggggrrg": 1, "rgrggrgrgggggrr": 5, "rgrrgggggggggrr": 6, "rgrrgggrggggggg": 1, "rgrgggggggggrrg": 2, "rrgggrrggggggrr": 1, "rgrrgggggggrgrg": 1, "rgggrggggggrgrg": 1, "rgrgggggggrggrr": 5, "rgrggggggggggrr": 6, "rrgggggrgggggrr": 1, "rgrgggggggggggr": 1, "rgggggrggggggrr": 1, "rggrgggrgggggrr": 2, "rgrrggggrgggggr": 8, "rrgggrgrgggggrr": 5, "rrgggggrggrggrr": 2, "rgrrgggggggggrg": 1, "rrgggggrgggggrg": 2, "rggggggggggggrr": 3, "rrgggggggrggggr": 1, "rgrgggrggggggrr": 2, "ggrgggggggrggrr": 1, "rrgggggrggrgggr": 1, "rrgggrgggggggrr": 2, "grgggggrgggggrr": 1, "rgrggggrgggggrg": 1, "rgggrgggggrggrr": 2, "rgrrgggrgggggrr": 2, "rggrgggrgggggrg": 1, "rggrgggggggggrr": 1, "rgrggggrgggggrr": 1, "rggrgggrgrrgggr": 1, "rrgggrggggggrrr": 1, "rrgrgrgrgggggrg": 1, "grgrrgrggrggggg": 1, "rrggggggrgrgggg": 1, "ggrrggggggggrrg": 1, "rrgggggggggggrr": 2, "ggrrgggggggggrr": 1, "rgrgggrggggrgrr": 1, "rrgggrgrggggggr": 1, "rgrrgggrgggggrg": 1, "rgrggrgggggggrg": 1, "rgrrggggggggggg": 1, "rggrrgggggrgggr": 1, "rgrrggrrggrgggg": 1, "rgrrgrggrgggggr": 1, "rggrggggggggggr": 1, "gggrgrgrgggggrr": 1, "rggggggrgggggrr": 1, "rgggrrggggggrrg": 1, "grgggggrgrggggr": 1, "rgrrggggggrggrr": 3, "rrggggggggrggrr": 1, "gggrrgggrgrgggr": 1, "rgrrggggrgggggg": 1, "rgrgggggggrgggg": 1}, "qpu_dt": 57.65065026283264, "qpu_timestamp": 1700091214.822102}, "settings": {"time_points": [0, 2.5e-07, 2.75e-06, 3e-06], "amplitude_values": [0, 15700000.0, 15700000.0, 0], "detuning_values": [-20000000.0, -20000000.0, 20000000.0, 20000000.0], "phase_values": [0, 0, 0, 0], "blockade_radius": 8.04442268093887e-06, "n_site_max": 256, "C6": 5.42e-24, "x_min": 0, "y_min": 0, "R": 1.85, "factor": 4.348336584291281e-06}}