{"problem": {"instance_name": "UDMIS050EXT_N40_W1.0_R0.2.orig", "instance_data": [[0.0, 0.0], [0.0, 5.665086395027374e-06], [0.0, 2.2660345580109495e-05], [0.0, 2.8325431975136868e-05], [5.665086395027374e-06, 0.0], [5.665086395027374e-06, 5.665086395027374e-06], [5.665086395027374e-06, 1.1330172790054747e-05], [5.665086395027374e-06, 1.699525918508212e-05], [5.665086395027374e-06, 3.965560476519162e-05], [1.1330172790054747e-05, 0.0], [1.1330172790054747e-05, 1.1330172790054747e-05], [1.1330172790054747e-05, 1.699525918508212e-05], [1.1330172790054747e-05, 2.2660345580109495e-05], [1.1330172790054747e-05, 2.8325431975136868e-05], [1.1330172790054747e-05, 3.399051837016424e-05], [1.1330172790054747e-05, 3.965560476519162e-05], [1.699525918508212e-05, 0.0], [1.699525918508212e-05, 5.665086395027374e-06], [1.699525918508212e-05, 1.1330172790054747e-05], [1.699525918508212e-05, 2.2660345580109495e-05], [2.2660345580109495e-05, 0.0], [2.2660345580109495e-05, 1.1330172790054747e-05], [2.2660345580109495e-05, 1.699525918508212e-05], [2.2660345580109495e-05, 2.2660345580109495e-05], [2.2660345580109495e-05, 2.8325431975136868e-05], [2.2660345580109495e-05, 3.399051837016424e-05], [2.8325431975136868e-05, 5.665086395027374e-06], [2.8325431975136868e-05, 2.8325431975136868e-05], [2.8325431975136868e-05, 3.399051837016424e-05], [2.8325431975136868e-05, 3.965560476519162e-05], [3.399051837016424e-05, 1.1330172790054747e-05], [3.399051837016424e-05, 1.699525918508212e-05], [3.399051837016424e-05, 2.2660345580109495e-05], [3.399051837016424e-05, 2.8325431975136868e-05], [3.399051837016424e-05, 3.399051837016424e-05], [3.965560476519162e-05, 1.699525918508212e-05], [3.965560476519162e-05, 2.2660345580109495e-05], [3.965560476519162e-05, 2.8325431975136868e-05], [3.965560476519162e-05, 3.399051837016424e-05], [3.965560476519162e-05, 3.965560476519162e-05]]}, "meta": {"timestamp_start": 1700091097.710834, "timestamp_end": 1700091156.394656, "version": "1.1"}, "sim_result": {"sim_density": null, "sim_counts": null, "sim_dt": null, "sim_timestamp": null}, "qpu_result": {"qpu_density": [0.6060606060606061, 0.26, 0.27, 0.7, 0.14, 0.05, 0.3, 0.37, 0.7, 0.65, 0.13131313131313133, 0.1717171717171717, 0.22, 0.53, 0.18, 0.1919191919191919, 0.16, 0.07, 0.43434343434343436, 0.17, 0.6262626262626263, 0.31, 0.28, 0.28, 0.18, 0.28, 0.494949494949495, 0.34, 0.07, 0.7171717171717171, 0.47, 0.10101010101010101, 0.12121212121212122, 0.19387755102040816, 0.06, 0.41414141414141414, 0.15151515151515152, 0.5151515151515151, 0.11, 0.82], "qpu_counts": {"gggrgggrrrggrgggggrgrgggggrrgrrgggggrgrg": 1, "rgrgggggrrrgrgrrggggggrgggrrgrgggggrgrgr": 1, "ggrgrgggrggggrgggrggrgrgrgrggrgrgggggrgr": 1, "ggrgrgrgrgggrgggggrgrggrggrggggggggrgrgr": 1, "gggrgrgrgggggrggrgrrggggggrrgrgggggrgrgr": 1, "rggrgggrrrgggrggggrgrgrggrgrggrggggggrgr": 1, "ggrggrggrggrgrggggggggrgggrrgrrggggggrgr": 1, "grgrgggrgrgggrgrggggrrgrgggggrrggggrgrgr": 1, "rggrggggrggrggggggggrrgrgrgggrrgggggrggr": 1, "grgrgggrrrgggrggggrgrggggggrgrrggggggggr": 1, "rggrggggrgrggrggrgggggrgggrggrgggggrgrgr": 1, "grgrrgggggggrggrrgrgggggggrrgrgggggggrgr": 1, "rgrgggrgrrgrgrggggggrrgrgggggrrggrggrggr": 1, "gggrgggrgrrggrgrggggrrgrgrggggrgrggggrgr": 1, "rgrgggggrrggrgrgggrgggrgggrrgrgggggrggrg": 1, "grgrggggrrggrgggggrgrggrggrgrggggggggrgr": 1, "gggrgggrgrgggggrggrrggggggrgrggggrgggggr": 1, "rgrggrggggggrgrgrgrgggggggrggrgggrgrgrgg": 1, "rggggggrgrgggggrggrgrgggggggggrgrggggggr": 1, "rggrgggrgrgggrggggrgrggggggrgrrggggrgrgr": 1, "ggrgrgrgrgggggggrgrrggggrgrggrgrggrgggrg": 1, "rggrgggrrrrggggrgggggggggrrggrgggggrgrgr": 1, "grgrgggggrggrgggggrgrggrgggggrrggggrgrgr": 1, "grgrgggrgrrggrgrggggrrggggrggrgggggrgrgr": 1, "rggrgrggrggrgrggggggrrggggggrgrgggggrggr": 1, "ggrgrgrgrggrgrggrgrgggggggrrgrgggggrgrgr": 1, "grgrrggrrggggrggrgrrggggggrrgrgggggrgrgr": 1, "grgrgggrrrggggggggrgrggggrgggrrggrgggggr": 1, "rggrggrgrggggggggggrrggggggggrrggggrgrgr": 1, "ggggrgrgrggggrgggrggggrggrrgggggrgrrgggr": 1, "grrgggggrrgrgrgggrggrgrggrrrgggggggrgrgr": 1, "rggrggggrrgggrggggggrgrgrggggrrggggggggg": 1, "rggrggrgrrggggggggrrrgggggrrgrgggggrgrgr": 1, "rgrgggrgrgggggggggrrrggggggrggrggggrgrgr": 1, "rggrgggrrrgggrggggrgrgggrggggrrggrgggrgr": 1, "rggrgggrrggggrggggggrgrgrgrggrgggggggrgr": 1, "grgrrggrrggggrggrgrgggggrgrggrgrgrggggrg": 1, "rggrggrgrrgggrggggggrgrggggrgrrggggggggr": 1, "rggrgrgrrggggrgggggggrgrgrgggrrgggggrgrg": 1, "rggrgggrrrggggggggrrggggggrrgrgggrgrgrgr": 1, "rggrggggrggrgrggggggrggggrggggrggrggrggr": 1, "rgrgggggrrrgrggggggggrgggrgggrrgggggrgrg": 1, "rggrggrrgrggggrggrggrrgrgrgggrgrgrgggggr": 1, "rgrgggrggrgrgrgrggggrrggrggggrgggrggrggr": 1, "grgrrggrrgrgggrgrggggggrgrrggggrgggrrrgr": 1, "grrggggggrggrgrgggrggggrgrggggrggggggrgr": 1, "rggrggrgrggrgggggggrrgrggrgggrgggrgrgggr": 1, "rggrggggrrgrgrggggggrrgrgrggggrggggggggr": 1, "rggrggrgrrggggggggrgggggggrrgrgggggggrgr": 1, "rggrggrgggggrgrgrgrgggggrgrgrgrgrgrggrgr": 1, "rggrggggrrgggrggggggrrgggggrgrgggggrgrgr": 1, "grgrgggrgrgggrgrgggggrgrgrgggrrggrggggrr": 1, "rggrggggrrrggrggggggrgrgrgrggrrgrggggggr": 1, "rgrgggrggggggrgrrgggggggggrrgggggggrgrgg": 1, "grgrgggrrrgggrggggggrrgrgggggrrgrgggggrg": 1, "rgrgggggggggrgrgrgrgrgrgggrrgrgrrggggrgr": 1, "grgrgggrrrggrgrgggggrrgggggrgrgggggrgrgr": 1, "grgrgggrrrggrrggggrgrgrrrgrggrgggrgrgggr": 1, "rgrgrgrgrgggrgggggrgrggggggrgrrggggggrgr": 1, "rgrgggrgrggggrggggrggggrggrggrrggggggrgr": 1, "grgrggggrrrgrgggggggrrgggggggrgggrgrgggr": 1, "grgrrggrgggggggrrgrrggggggrggrgrgrgggggr": 1, "rggrggrgrrgggrggggggrrgrgggggrggggggrggr": 1, "rgggggrrrrgrgrgggggrrrggggggggrgrgrrgggg": 1, "grgrgggrrrgggggggggggggrgrrggrggrggrgggg": 1, "rggrggrggrggggrgggrrrgggggrrgrgrgggrgrgr": 1, "gggrggrgrgggrrggggggrgrggrgggrrggrgggggr": 1, "grgrgggrrrgggrggggrgrggrgrrgggggggrgrggg": 1, "rggrggrggrgggrggggrrrgggggrrgrgggggrgrgr": 1, "rgrggggggggrgrgrrggggrgrgrggggrggrgggggr": 1, "rggrgggrgrgggggrggrrrgrggggrgrgrgggggrgr": 1, "rggrggrgrrggrgggggrgrgggrgrggrrgrggggrgr": 1, "rgrgggrggrggrgrgggggrgrgrgrggrgggggrggrg": 1, "rggrggggrrrgggrggggrgrgggggrgrrggggggrgr": 1, "grrggggggrgggggrggggrrgggggggrrgggggrggr": 1, "rgrggggggrgrgggrggggrgrgrgggrgrggggggggr": 1, "rggrggrgrrgggrggggrgggrggrrgggggrgrggggr": 1, "grrgrgggrggrgrgggggggrgrgrrggggggggrgggr": 1, "grrgrgggggrggrrrrgggggrggrrggrrgrggggggr": 1, "rggrggrgrrggrgrgggrggggrrgrggrgrgrgrgggr": 1, "grgrgggrrrrggrggggggrrggggggrggggggrgrgg": 1, "rgrgggggrrggrgrgggrgrggrggrgrggggggggrgr": 1, "rggrgggrrrgggrggggggrrgggrgrggrggggrgrgr": 1, "rggrggrgrggrggggrrrgggrgrggggrrgggggrggr": 1, "rggrggggrrgrgrggggggrrgrgggrgrrggggrgrgr": 1, "grgrrggrgggggrgrgrggggrgggrrgrgggggrgrgr": 1, "rggrggggrrgrgrgggrggggrgggrggrrggrggrggg": 1, "rggrgggrrrgggrggggrgrggggrgggrgggggrgggr": 1, "gggrggggrrggggrgggggrgrgrgrggrggrggggrgr": 1, "rggrgggrrrgggrggggggrrgrgggggrrgggggrggr": 1, "rgrgggrgrggggrggggggggrgggrrgrggggggrgrg": 1, "rggrgggrrrgggrggggrgggrgrgrggrgggggrgrgr": 1, "grgrggggrrrgggrggggrrrgggggrgggrgggggggr": 1, "gggrgggggrggggrgggrgrgggrggggrrggrgggrgr": 1, "rggrggggrrgggrggggggrrgrgrggggrggggggrgr": 1, "rggrgggrgrgggggrggrrrgggggrrgrgggggrgrgr": 1, "rggrggggrrrggrggggggrrgrgrgggrrggrgggggr": 1, "rggrgggrgrgggggrggrgrgrgggrrgrggggggggrg": 1, "rggrggrgrggrgrggggggrrgrgrggggrggggrgrgr": 1, "rgrgggrgrrggrgggggggrrgggggrgrrggggrgrgr": 1}, "qpu_dt": 58.67669725418091, "qpu_timestamp": 1700091097.712747}, "settings": {"time_points": [0, 2.5e-07, 2.75e-06, 3e-06], "amplitude_values": [0, 15700000.0, 15700000.0, 0], "detuning_values": [-20000000.0, -20000000.0, 20000000.0, 20000000.0], "phase_values": [0, 0, 0, 0], "blockade_radius": 8.04442268093887e-06, "n_site_max": 256, "C6": 5.42e-24, "x_min": 0, "y_min": 0, "R": 1.42, "factor": 5.665086395027374e-06}}