{"problem": {"instance_name": "UDMIS046EXT_N36_W1.0_R0.2.orig", "instance_data": [[0.0, 0.0], [0.0, 5.665086395027374e-06], [0.0, 1.699525918508212e-05], [0.0, 2.2660345580109495e-05], [0.0, 3.399051837016424e-05], [5.665086395027374e-06, 5.665086395027374e-06], [5.665086395027374e-06, 1.1330172790054747e-05], [5.665086395027374e-06, 1.699525918508212e-05], [5.665086395027374e-06, 2.2660345580109495e-05], [5.665086395027374e-06, 3.399051837016424e-05], [1.1330172790054747e-05, 5.665086395027374e-06], [1.1330172790054747e-05, 1.699525918508212e-05], [1.1330172790054747e-05, 2.2660345580109495e-05], [1.1330172790054747e-05, 3.399051837016424e-05], [1.699525918508212e-05, 0.0], [1.699525918508212e-05, 1.699525918508212e-05], [1.699525918508212e-05, 2.8325431975136868e-05], [1.699525918508212e-05, 3.399051837016424e-05], [2.2660345580109495e-05, 0.0], [2.2660345580109495e-05, 5.665086395027374e-06], [2.2660345580109495e-05, 1.1330172790054747e-05], [2.2660345580109495e-05, 1.699525918508212e-05], [2.2660345580109495e-05, 2.2660345580109495e-05], [2.2660345580109495e-05, 2.8325431975136868e-05], [2.2660345580109495e-05, 3.399051837016424e-05], [2.8325431975136868e-05, 0.0], [2.8325431975136868e-05, 5.665086395027374e-06], [2.8325431975136868e-05, 2.2660345580109495e-05], [2.8325431975136868e-05, 2.8325431975136868e-05], [2.8325431975136868e-05, 3.399051837016424e-05], [3.399051837016424e-05, 0.0], [3.399051837016424e-05, 5.665086395027374e-06], [3.399051837016424e-05, 1.699525918508212e-05], [3.399051837016424e-05, 2.2660345580109495e-05], [3.399051837016424e-05, 2.8325431975136868e-05], [3.399051837016424e-05, 3.399051837016424e-05]]}, "meta": {"timestamp_start": 1700088866.790927, "timestamp_end": 1700088924.314155, "version": "1.1"}, "sim_result": {"sim_density": null, "sim_counts": null, "sim_dt": null, "sim_timestamp": null}, "qpu_result": {"qpu_density": [0.8383838383838383, 0.09090909090909091, 0.31313131313131315, 0.5151515151515151, 0.74, 0.06, 0.38, 0.03, 0.09, 0.1414141414141414, 0.5959595959595959, 0.19387755102040816, 0.5757575757575758, 0.72, 0.45454545454545453, 0.13131313131313133, 0.02, 0.19, 0.37, 0.10101010101010101, 0.69, 0.15, 0.54, 0.07, 0.6, 0.13131313131313133, 0.04, 0.09090909090909091, 0.05, 0.1, 0.47, 0.37, 0.7070707070707071, 0.24489795918367346, 0.20202020202020202, 0.6428571428571429], "qpu_counts": {"rgrgrgggggrrggrgrggggrggggggggggrgrg": 1, "rggrrgggrgrgrgrgggggrgrgrgggggrgrgrg": 1, "rggrrggggrrgrrggggrgrgrgrgggggrgrrgr": 1, "gggggggggrrggggggrrgggrgggggggrggrgr": 1, "rgrgrrgggggrgrrgggggrgrgrgggggggrggr": 1, "rggrrrgrggggrrrgggggrgrgrgggggrgrgrg": 1, "rgggrgrgggrggrgrrgrgggggggggrgrgrggr": 1, "rggrrgggggggrrrgggrgrggrgggggggrrggr": 1, "rggrggrgggrggrggggrgrgrgggggggrgrgrg": 1, "rggrrgggggrrgrggggrgrgrgrggggggrgrgr": 1, "rgrgrgggggrgrrrgggggrgrgrggggggggrgr": 1, "rggrgggggggrgrgggggrgrggrgggggrgrgrg": 1, "rggrggrggggrgrrgggggrgrgrrgggggrrgrg": 1, "rgrgrgggrggrggrgggggrggggggrrgrgrggr": 1, "rgrgrgggggrrgrggggrgrgrgrgggggrggrgg": 1, "rgrgrgggggrgrgggggrgrgrgrggggggrrggr": 1, "rgrgrgggggrrgrggggrggrggrggggggrrggr": 1, "rgrgrgggggrggrgrggrgrggrgggggggrrggr": 1, "rggrggggrrrrgggggrrgrgrggggggrrgrgrg": 1, "rggrrgggggggrrrgggggrgrgrggggggrrggr": 1, "rggrrgrggggggrggggggrgggrrgggggrrgrg": 1, "rggrrgggggrggrggggrgrgrggggggrgrgrgg": 1, "rggrrgrgggggrrggggrgrgrgrgggggrgrggr": 1, "rggrrrggggggrrrgggggggrgrgggggrggrgr": 1, "rgggrgrggggggrrrggggrgggggggggrgrggr": 1, "rggrgggggrrrgggggrgggggggggrgggrgggr": 1, "rgrggggrgrrrggrrggggrggggggrggggrggr": 1, "ggggrgggrggggrrrggggggggrggggggrrrgr": 1, "rggrrgggggrggrgggggrgrgrgggggggrrgrg": 1, "rggrrgrggggggrgrgggrggggrggrgggrgggg": 1, "ggggrgrgrggggrrgggggrgggggggggggrgrg": 1, "rggrrgggggrgrrgggggrgrgrgggggrgrrggg": 1, "rggrgggggrrgrggggrrgrgrggggggggrrgrg": 1, "rgrggggggrrgrggggrgrgrgggggrggrggggr": 1, "rggrggrgggggrrrggggrgrgrgggggrgrgrgg": 1, "rgrgrgrgrgggrrrgggrgrgrgrgggggrgrggr": 1, "rgggrgrgggggrrrgggggrgrgrrggggggrggr": 1, "gggrgggggrrrgggggrggrgrggggggggrrggg": 1, "rgrgrgggggrgrrrgggggggrgggggggrggrgg": 1, "grggrgggrgrgggrrgrggggrggrrggrrgrgrg": 1, "rggrgggrgrrgrggggrrgrgrggggggggrgrgr": 1, "grgrrgrgggggrrrggggrrgrgrgggggggrgrg": 1, "rggrrgrgggrgrrrgggggrgggrggrgggrrggg": 1, "rgggggrgggggrrrgggggggggrrgggggrrggr": 1, "gggrrgrgggrgrgggggrgrgggrggggrrggggg": 1, "rgggrgrgggrgrrggggggrgggrggggggrrggr": 1, "rgrgrgggggrrgrrggggggrggrgggggrggrgr": 1, "rggrrgrgggggrrggggrgrgrgrgggggrggrgr": 1, "rggrrrggggggrrrggggggrgrgrgggggggggr": 1, "grrgrgggggrrgggrggrgrgrgrggggggrgrgr": 1, "rgggrgrgggggrrrgggggrgrgrgggggggrggr": 1, "grgrrgggggrggrggggggrgrgrrggggggrggr": 1, "rgggrgrgggggrrrgggggrgrgrgggggrgrgrg": 1, "rgrgggggggrgrrgrggrgggggrgggggrgrgrg": 1, "grgrgggggrrrgggggrggrgrggggggrgrrgrg": 1, "ggrgrrggggggrrrgggggrgrgrgggggrgrggr": 1, "rgrgrgggggrgrrggggggrgrgrrgggggrrggr": 1, "rggrrgrgggggrrrgggggrgrgggggggrggggr": 1, "rggrrggggggggrrgggggrgrgrrgggggrrggr": 1, "rgggggrgrggggggggrrgrggggggggrrgrrgg": 1, "rgrgrgggggrgrggggrrgrggrggggggrgrggr": 1, "rgggrgrgggrggrrgggggrgrgrgggggggrggr": 1, "ggrgrgggggrgrrggggrgrgggrggrggrgrgrg": 1, "rgrgrgggggrgrgggggrgrgrgrggggggrgrgr": 1, "rgrgrgggggrgrrrgggggrgrgrggggggrrggr": 1, "rggrrgrgggrgrggggggrgrggrggggggrrggr": 1, "rggrrgrggggrrrrgggggrgrgrggggggrrggr": 1, "rgrgrgggggrgrrggggggrggggggggggrrgrg": 1, "rggrrgrgggrgrrrgggggrgggggggrgrgrggg": 1, "rggrggrggrgrggrggrggrgrgggggggrgrgrg": 1, "grgrrgggggrggrgrggrgggrgggggggrgrggr": 1, "rgrgrgrgggggrgrggrgggrggggrgggrggrgr": 1, "rgggrgrgggrrrrggggggrgrgrgggggrggrgr": 1, "rggrrgrgggrgrrgggrggrgrgrgggggrgrgrr": 1, "rgggrgggggrggrrgggggrgrgrgggggrgrggr": 1, "rggrrgggggrrgggggrrgrgggggggggrgrggr": 1, "rgrgggggggrgrrggggggrgrgrgggggrggrgr": 1, "rggrrgggggrggrggggrgrgrgrgggggggrggr": 1, "grgrrgggggrgrrrgggggrgggrggggggggrgr": 1, "rgggggrggrggrgggggrgrgrgrrgggggrgrgr": 1, "rgrgrgggggrgrrggggrgrgrgrgggggrgrggr": 1, "grgrrgggggrgrggggrrgrggggggrggrgrggr": 1, "rggrrgggggggrrrgggggrgrgrrggggggrggr": 1, "grgrggggggrgrrggggrgrrrgrgggggrggrgr": 1, "rggrggrgggggrrrgggggrgggrgrgggggrggr": 1, "rggrrgrggggggrrgggggrgrgrrgggggrgggr": 1, "rgrggggggggggrrrggggggggrgrgggrggrgr": 1, "rggrrgrgggrgrrggggrgrgggrgggggrgrggg": 1, "rgrgrgggggrgrrggggrgrrggrgggggrggrgr": 1, "rgrrrgggggrggrgrggrgggggrggrgggrrgrr": 1, "rgrgrgggggrrrrggggggrgggrgggrgrgrggg": 1, "rggrgggggrrgrggggrrgggrggggggrrgrggg": 1, "rggrrgrgggggrrrgggggrgggggggrgggrggg": 1, "rggrrgrgggrgrrggggrggrggrgggggrgrggr": 1, "rggrgggggrrrgggggrgrggrggggggggrrggr": 1, "rgrgggrggggggrrggggggggggggrggrgrggr": 1, "rgggrgggggggrrrggggggrggrrgggggrgrgr": 1, "rggrrgrgggrgrrggggrgrgrgrggggggrrrgr": 1, "rrrggrgggrggrgrrgrgrggggggggggrgrggr": 1, "rgrgrgrgrggggrrrgggrggrggrgggrgrrggg": 1}, "qpu_dt": 57.51501679420471, "qpu_timestamp": 1700088866.795163}, "settings": {"time_points": [0, 2.5e-07, 2.75e-06, 3e-06], "amplitude_values": [0, 15700000.0, 15700000.0, 0], "detuning_values": [-20000000.0, -20000000.0, 20000000.0, 20000000.0], "phase_values": [0, 0, 0, 0], "blockade_radius": 8.04442268093887e-06, "n_site_max": 256, "C6": 5.42e-24, "x_min": 0, "y_min": 0, "R": 1.42, "factor": 5.665086395027374e-06}}