{"problem": {"instance_name": "UDMIS018EXT_N49_W1.0_R0.2.orig", "instance_data": [[0.0, 0.0], [0.0, 6.435538144751096e-06], [0.0, 1.2871076289502192e-05], [0.0, 1.9306614434253288e-05], [0.0, 3.217769072375548e-05], [0.0, 3.8613228868506576e-05], [0.0, 4.5048767013257676e-05], [6.435538144751096e-06, 0.0], [6.435538144751096e-06, 6.435538144751096e-06], [6.435538144751096e-06, 1.2871076289502192e-05], [6.435538144751096e-06, 1.9306614434253288e-05], [6.435538144751096e-06, 2.5742152579004385e-05], [6.435538144751096e-06, 3.217769072375548e-05], [6.435538144751096e-06, 3.8613228868506576e-05], [6.435538144751096e-06, 4.5048767013257676e-05], [1.2871076289502192e-05, 0.0], [1.2871076289502192e-05, 1.2871076289502192e-05], [1.2871076289502192e-05, 1.9306614434253288e-05], [1.2871076289502192e-05, 3.217769072375548e-05], [1.2871076289502192e-05, 3.8613228868506576e-05], [1.2871076289502192e-05, 4.5048767013257676e-05], [1.9306614434253288e-05, 0.0], [1.9306614434253288e-05, 6.435538144751096e-06], [1.9306614434253288e-05, 1.2871076289502192e-05], [1.9306614434253288e-05, 1.9306614434253288e-05], [1.9306614434253288e-05, 3.217769072375548e-05], [1.9306614434253288e-05, 4.5048767013257676e-05], [2.5742152579004385e-05, 0.0], [2.5742152579004385e-05, 1.2871076289502192e-05], [2.5742152579004385e-05, 1.9306614434253288e-05], [2.5742152579004385e-05, 2.5742152579004385e-05], [2.5742152579004385e-05, 3.8613228868506576e-05], [2.5742152579004385e-05, 4.5048767013257676e-05], [3.217769072375548e-05, 6.435538144751096e-06], [3.217769072375548e-05, 1.2871076289502192e-05], [3.217769072375548e-05, 2.5742152579004385e-05], [3.217769072375548e-05, 3.217769072375548e-05], [3.217769072375548e-05, 3.8613228868506576e-05], [3.217769072375548e-05, 4.5048767013257676e-05], [3.8613228868506576e-05, 6.435538144751096e-06], [3.8613228868506576e-05, 1.2871076289502192e-05], [3.8613228868506576e-05, 1.9306614434253288e-05], [3.8613228868506576e-05, 4.5048767013257676e-05], [4.5048767013257676e-05, 0.0], [4.5048767013257676e-05, 6.435538144751096e-06], [4.5048767013257676e-05, 1.2871076289502192e-05], [4.5048767013257676e-05, 1.9306614434253288e-05], [4.5048767013257676e-05, 2.5742152579004385e-05], [4.5048767013257676e-05, 3.217769072375548e-05]]}, "meta": {"timestamp_start": 1700092827.178012, "timestamp_end": 1700092884.552685, "version": "1.1"}, "sim_result": {"sim_density": null, "sim_counts": null, "sim_dt": null, "sim_timestamp": null}, "qpu_result": {"qpu_density": [0.76, 0.1717171717171717, 0.39, 0.49, 0.6767676767676768, 0.1414141414141414, 0.78, 0.08163265306122448, 0.2222222222222222, 0.24242424242424243, 0.13, 0.46, 0.11, 0.21, 0.13, 0.8383838383838383, 0.2857142857142857, 0.34, 0.23232323232323232, 0.12, 0.6, 0.050505050505050504, 0.3939393939393939, 0.18, 0.32, 0.67, 0.21, 0.84, 0.37755102040816324, 0.28, 0.3469387755102041, 0.2222222222222222, 0.61, 0.34, 0.34, 0.27, 0.48, 0.26, 0.08163265306122448, 0.27, 0.1, 0.5, 0.88, 0.87, 0.10101010101010101, 0.6262626262626263, 0.20202020202020202, 0.18181818181818182, 0.72], "qpu_counts": {"rggrggrgrggggrgrggggrgggrrgrggggrgrggggrggrrgrgrg": 1, "rgrgrgrggggrgggrrgggrgggrrgrrgggrrggrggggrrrggggr": 1, "rgrgrgrggggggrgrggggrgrgrrgrggggrgrrgrgrggrrgrggg": 1, "rgrgrrrggggggggrggrgrgrggggrrrrrgrggrggggggrggrgr": 1, "rgggrgrgrgrggggrggrgrgggrggrrgrrgrggrgrggrgrgrggr": 1, "rggrrgrgrgggggggrggrggggggggrgrrgrggrgggggrgrgrgr": 1, "rggrrgrggggrgggrggggrgrgrrgrggrgrgggrrgggrrrgrggr": 1, "grgrggrggrgggggrgrggrggggrgggrggrrggggggrgrrggrgr": 1, "rgrgrgrgggrggggrrgrgggggrggrrgggrgggrgggrgrrggrgr": 1, "rgrgrgrggggrggggrgggrggggrgrggggrrgrggggggrrgrggr": 1, "ggrgrgrgggrggggrrgggrgggrrgrgggrrgrgrggggrrrgrggr": 1, "rggrrgrgrggggggggrrrrggggggrrgrgrgggrgggggrrgrggg": 1, "rggrrgrggggrgggrgrggrggggrggrgggrggrgrggrgrrggggg": 1, "rgrgrgrggggrgggrrrggrggrgrgrggggrrgrgrggggrrgrggr": 1, "rgrgrgrggggggggrrgrgggrgggrrgggrggrgggrggggrrgrgr": 1, "grgggrgggrggrggrggggrgrggrgrrgggrgrrgrrrrgrgrgrgr": 1, "rgrgrgrgrrrggggrggrgrggrgggrggrrggrgrggggrrrgrggr": 1, "grgrgrggggggrgrrgrgggggggrgrrgrgrgggrggrgrrrggggr": 1, "rgrgrgrgggrggggrggggrggggrgrgrgrrgrrgrggggrrgrggr": 1, "rgrgrgrggggggggrgrrgrggrgggrggrgrgrgrggrggrrgrgrg": 1, "rgrgrgrggggggggrgrgggggggrrrrgrggggggrggrgrgrgrgr": 1, "grgrrgrrgggrgrgrrrggrgrggrgggrggrrggrggggrrrgrggr": 1, "rggrggrggrgrgrgrggggrgrgrrgrrgggrggrgrggggrrgrggr": 1, "rgrgrgrggggrggggrgggrgrggrgrggggrggrrrgggrrrggggr": 1, "rggrrgrgrrgggrgrrrgggggggggrgggggrggrgrggggrgrggr": 1, "rggrgrrggrgrggrrggggggggrrrrrggrggggrggggrrrgrggg": 1, "rggrrgrggrgggggrgggggggrgrgrgrggrrgrggggggrrgrggr": 1, "grgrggggggggrgrrggggggggrgrrggggrggrgggggrrrggggr": 1, "grgrrgrggrgggggrggggrggrgrgrgrggrrggrggggrrrgrgrg": 1, "rggrrgrgrggrgggrrgggggggrrrrrggrggggrgrrgrgrgrggg": 1, "rggrrgrggggrgggrggggrgrgrrgrrgggrrggrggggrrrgggrg": 1, "gggrgrggggggrggrrggrggggrggrggggrggggggggrrrgrggr": 1, "rgrgggrgrgrgrggrrgggrggggrgrrgggrggrgrgrgrrrggggr": 1, "grgggrgggrgrgggrggggrggggrgrggggrgrgrggggrrrgrggr": 1, "ggrgrgrrggggggggrgrgrgrgrggrggrgrgrgrgggggrrgrgrg": 1, "grrggggrgggrggrgggrgggggrgrrrgrgggggggggrgrrgggrg": 1, "ggrgrgrggggrggggrgggrgrggrggggrgrrggrggggrrrgrgrg": 1, "rgrgrgrrggrggggrgggggggggrgrgrgggrggrgggggrrgrgrg": 1, "rggrggrgrgggrggrrgggggrgrrggggrgrrgggrgggrrrgrggr": 1, "rrgrgrgggrggggrggrgrggrggrgrgrgrgrggrgrggggrggrgr": 1, "rggrrggggrgrggrrgrgggggrgrrrgrggggggrggrggrrggrgr": 1, "grgrrgrrgrgggggggrggrgrggggggrgrgggggggggrrrgrggr": 1, "rggrgrgggrgrgggrgggggggrgrrrgggrgrggggrggrgrggggr": 1, "rgrgrgrggggggrgrggggggrgrrggggggrgrrgrgrggrrggrgr": 1, "rggrrgrgrggggrgrgrrgrggggrgrgrggrgrgrggrggrrgrggr": 1, "grgrrgrggggrgggrrgggrgrggrggrgggrgrrgrgggrrrgrgrg": 1, "rggrggrrrggrgggrgrggrgrggrgrgrggggrgrggrggrrggrgr": 1, "rggrrgrgrggggggrgrggrggrgrgrgrggrrggrggggrrrgrggr": 1, "rggrrgrgrggggrgggrggggrggrrrrgggggggrggggrrrgrgrg": 1, "rgggrgrggggrgggrrgrgrgggrggrrgrrggggggrrggrrggrgr": 1, "rgrggrggggggrgrrgggggggrgrrrgrrggrggrgggggrrgrggr": 1, "rggrrgrggrgggrgrgrggrrgrgrgrgggrgrrrggrgrgggrggrr": 1, "rggggrggggggggrgrggrgggggrrrgrgggggggggggrgrgrggr": 1, "rggrrgrggggrgrgrggrgrggggggrrgrgrgggrggrgrrrgrggr": 1, "rgrgggrggggrgrgrrggggggggrrrrggggggrgrgrgrrrrrggr": 1, "rgggrgrggggrgggrggrgrgggrggrggggrgrgrggrggrrggggg": 1, "gggrgggrgggrggrgggggggrggrrrrgrggrgggggggrrrgrggr": 1, "rggrrgrggrgggggrgrgrgggggrgrrrggrgrgrgggggrrgrgrg": 1, "rggrrgrggrgrgggrgggggggrgrgrgrggrggrgrgggrrrgggrg": 1, "rgrgggrggggrgggrggggrgggrrggggggrgrrgrgrggggggggr": 1, "rgrgrgrgrgggggggrgggrrrggrggrgrgrggggrgrgrrggrggr": 1, "rgrgrgrggggrgggrggggrrgrgrgggrggrrggrggggrrrgrggr": 1, "rggrggggrgggrgrrgrggggrggrgrrrggrgggrggrgrrggrggr": 1, "grgrrgrgrggrgrgrggggrggggrgrrgrgrggggggrgrrrgrggg": 1, "rggrrgrggggggggrgrrrgggrgrrrgrggggrgrggrgrrgggggr": 1, "rgggrrrggrgrgrgrgrggrggrgrgrggggrgrrgrggrgrgrgrgg": 1, "rggrrgrggrgggggrgrggggggrrgrrgggrrgrgrggggrrrrrgr": 1, "rgrgrgrggggrgrgrrgggrggggrgrgrggrrggrggggrrrgrggr": 1, "rgrggrggggrggggrggggrggrgrgrgrgrggrgggrrgggrgrggr": 1, "rggrrgrgrrgrgggrggggrggrgggrggrgrgrgggggggrrgrggr": 1, "grgrgrgggggrgggrggrggggggggrggrgrrrgggggggrgrgggr": 1, "rggggrgggrgrggrrrrrgggrgggrgrgrrgrggggggggrrgrggr": 1, "rggrrgrggrgrgggrgrrgrggggggrrgrgrgggrggggrrrgrggr": 1, "rggrggrgrggrgggrggggrgrgrrggggrgrggggggrggrrgrgrg": 1, "gggrrgrggrgggggrggrgrgrgrggrggggrrgrggggrgrgggrgr": 1, "grgrrgrggggrgggrgrggrgrggrgrgrggggggrggrgrrrggggr": 1, "rgrgrgggrggrgrgrgrggrggggrgrrggggrggrggggrrrgrggr": 1, "rgrgrgrggggrgggrrggrggrgrgrrggrrgrggrgggggrrggrgr": 1, "rgrgrgrggggrgggrgrrgrgrggggrrgrgrgggrggggrrrgrggr": 1, "rgrgrgggggrggrgrggggrgggrrgrgggrggrgggggggrrgrggg": 1, "ggrgrgrgggrggggrrgrgggrgggrrgrgrggrrggggrrrrgrggr": 1, "grgrrgrggggggggrggggrgrgrgrrrgggrgggrgggggrgrgrgr": 1, "grggrgrrgrgrgrggggggrrgggrggrgggrrgrgrgrgrrrgrggg": 1, "rgggrgrggrgggrgrggggggrgrrgrggggrgrrgrgrggrrgrgrg": 1, "rgrgggrgrgrgrgggggggggrgrrrrgrrgggrggrggggrrgrggr": 1, "rgrgrgrgggrggggrggggrgrrgrgrgrggrgrrgggrgrrrgrggr": 1, "grgrrgrrgggggggggrrggrrgggrrrggggggrgrggggrgrgrgr": 1, "rgrggrgggggrggrrgrgrggrgggggrggrgrgrggggggrrgrggr": 1,