{"problem": {"instance_name": "UDMIS074EXT_N15_W1.0_R0.4.orig", "instance_data": [[0.0, 4.348336584291281e-06], [0.0, 8.696673168582562e-06], [0.0, 1.3045009752873843e-05], [0.0, 1.7393346337165125e-05], [4.348336584291281e-06, 8.696673168582562e-06], [8.696673168582562e-06, 4.348336584291281e-06], [8.696673168582562e-06, 8.696673168582562e-06], [8.696673168582562e-06, 1.3045009752873843e-05], [8.696673168582562e-06, 1.7393346337165125e-05], [1.3045009752873843e-05, 0.0], [1.3045009752873843e-05, 4.348336584291281e-06], [1.3045009752873843e-05, 1.7393346337165125e-05], [1.7393346337165125e-05, 4.348336584291281e-06], [1.7393346337165125e-05, 8.696673168582562e-06], [1.7393346337165125e-05, 1.3045009752873843e-05]]}, "meta": {"timestamp_start": 1700092251.996032, "timestamp_end": 1700092309.688995, "version": "1.1"}, "sim_result": {"sim_density": null, "sim_counts": null, "sim_dt": null, "sim_timestamp": null}, "qpu_result": {"qpu_density": [0.81, 0.061224489795918366, 0.09090909090909091, 0.73, 0.020202020202020204, 0.09090909090909091, 0.29292929292929293, 0.03, 0.28, 0.69, 0.02, 0.35353535353535354, 0.15, 0.38, 0.35], "qpu_counts": {"rgggggggrrggggr": 4, "rggrgggggggrrgg": 1, "rgrgggggrgggrgr": 1, "gggrggrggrggggr": 1, "rggrgggggrgrgrg": 8, "gggrgggggggrggg": 1, "grggggggrrgggrg": 1, "gggrgggggrgrggg": 1, "rggrggggrrgggrg": 4, "grgrggrggrgggrg": 1, "rggrgggggggrgrg": 1, "rggrgrgggggrrgg": 1, "rggrgrgggrgrrgg": 1, "rggrggrggrgrggg": 2, "ggggggggrrggggr": 1, "rggrgrgggrgrgrg": 1, "rggrggrggggrrgg": 1, "rrgrgggggrggggg": 1, "rgrrgrggggggggr": 1, "rggrgggggrgrggg": 3, "rggrggrggrgrgrg": 5, "rggrgggggrggggr": 7, "rggrgggrgrggggg": 1, "rgrgggggrrggggr": 1, "rggrggrggrggggr": 2, "grggggrggrgggrg": 1, "rgggggrggrgrggr": 1, "gggrggrgggggrgg": 1, "grgrggggrggrgrg": 1, "rgggggggrrgggrg": 2, "rggrggggrgrgggr": 1, "gggrggggrgrgggr": 1, "ggrggrggggggggr": 1, "rgrggrggrgggggr": 1, "rggrggrgggggggr": 2, "grgrgrgggggrgrg": 1, "rgggggggrgggrgr": 1, "gggrrgrgrrgggrg": 1, "rgrgggggrgggrgg": 1, "rggggggggrgrgrg": 1, "rggrgggggrgggrg": 3, "rggrggggggggrgr": 1, "rrgrggggggggggr": 1, "rggrgrggrgggrgr": 1, "rggggggggrgggrg": 2, "rggrggrgggggrgr": 1, "rggrggrggrgggrg": 2, "rgrgggrggrggrgg": 1, "grggggggrrggggr": 1, "rggrggrgggggggg": 1, "rggggggrggggrgg": 1, "rgrggrggrggggrg": 1, "ggrgggggrrgggrg": 1, "rggrggrggggrggg": 2, "gggrggrggggrrgg": 1, "rggrgggggrggggg": 1, "rggrggggggggggr": 1, "gggrggrggrgggrg": 1, "gggrggrgrgggggr": 1, "gggrrggggrgrggg": 1, "rggrggggrrggggg": 1, "rggggrggrgggrgr": 1, "rgrggggrgrggggr": 1, "rggrggrggrggggg": 1, "rggggggggrgrggg": 1, "rggrrgrggrgrggg": 1}, "qpu_dt": 57.689703941345215, "qpu_timestamp": 1700092251.997621}, "settings": {"time_points": [0, 2.5e-07, 2.75e-06, 3e-06], "amplitude_values": [0, 15700000.0, 15700000.0, 0], "detuning_values": [-20000000.0, -20000000.0, 20000000.0, 20000000.0], "phase_values": [0, 0, 0, 0], "blockade_radius": 8.04442268093887e-06, "n_site_max": 256, "C6": 5.42e-24, "x_min": 0, "y_min": 0, "R": 1.85, "factor": 4.348336584291281e-06}}