{"problem": {"instance_name": "UDMIS010EXT_N36_W1.0_R0.2.orig", "instance_data": [[0.0, 0.0], [0.0, 6.435538144751096e-06], [0.0, 1.9306614434253288e-05], [0.0, 2.5742152579004385e-05], [0.0, 3.8613228868506576e-05], [6.435538144751096e-06, 6.435538144751096e-06], [6.435538144751096e-06, 1.2871076289502192e-05], [6.435538144751096e-06, 1.9306614434253288e-05], [6.435538144751096e-06, 2.5742152579004385e-05], [6.435538144751096e-06, 3.8613228868506576e-05], [1.2871076289502192e-05, 6.435538144751096e-06], [1.2871076289502192e-05, 1.9306614434253288e-05], [1.2871076289502192e-05, 2.5742152579004385e-05], [1.2871076289502192e-05, 3.8613228868506576e-05], [1.9306614434253288e-05, 0.0], [1.9306614434253288e-05, 1.9306614434253288e-05], [1.9306614434253288e-05, 3.217769072375548e-05], [1.9306614434253288e-05, 3.8613228868506576e-05], [2.5742152579004385e-05, 0.0], [2.5742152579004385e-05, 6.435538144751096e-06], [2.5742152579004385e-05, 1.2871076289502192e-05], [2.5742152579004385e-05, 1.9306614434253288e-05], [2.5742152579004385e-05, 2.5742152579004385e-05], [2.5742152579004385e-05, 3.217769072375548e-05], [2.5742152579004385e-05, 3.8613228868506576e-05], [3.217769072375548e-05, 0.0], [3.217769072375548e-05, 6.435538144751096e-06], [3.217769072375548e-05, 2.5742152579004385e-05], [3.217769072375548e-05, 3.217769072375548e-05], [3.217769072375548e-05, 3.8613228868506576e-05], [3.8613228868506576e-05, 0.0], [3.8613228868506576e-05, 6.435538144751096e-06], [3.8613228868506576e-05, 1.9306614434253288e-05], [3.8613228868506576e-05, 2.5742152579004385e-05], [3.8613228868506576e-05, 3.217769072375548e-05], [3.8613228868506576e-05, 3.8613228868506576e-05]]}, "meta": {"timestamp_start": 1700090061.419609, "timestamp_end": 1700090118.658287, "version": "1.1"}, "sim_result": {"sim_density": null, "sim_counts": null, "sim_dt": null, "sim_timestamp": null}, "qpu_result": {"qpu_density": [0.85, 0.1414141414141414, 0.45, 0.46464646464646464, 0.8484848484848485, 0.11, 0.53, 0.07, 0.29, 0.10101010101010101, 0.79, 0.28, 0.46, 0.8, 0.66, 0.41, 0.4, 0.07, 0.24, 0.1717171717171717, 0.63, 0.09090909090909091, 0.4444444444444444, 0.07, 0.65, 0.41414141414141414, 0.23, 0.2, 0.18, 0.15, 0.39, 0.5729166666666666, 0.8484848484848485, 0.12121212121212122, 0.19, 0.73], "qpu_counts": {"rggrrgrgggrgrrggggrrrgrgrgggggrrrgrg": 1, "rgggrgggrgrrgrggggrgrgggrgggggrgrggg": 1, "rgrgrgggrgrggrgrrggrggggrrgggggrrggr": 1, "rggrrgrgggrgrrrgggggrgrgrrgggggrgrgr": 1, "rgrgrrggrggrggrgggggrgrggrgggrgrrrrg": 1, "grgrrgggggrgrrgrgggggggrggrrgrrgrgrg": 1, "grgrggrgggggrrrgggggrgrgrgrgggrgrggr": 1, "rgrgrgrgggrgrrgrggggrgrgrgrgggrgrggr": 1, "rgrgggrggrrrggrggrggggrggrgggrggrgrg": 1, "rgrgrgrgggrgrrrgggggggrgggrgggrgrggr": 1, "ggrgrgggrgrrgrggrgrgrggggggggrrgrggg": 1, "rggrggggggrggrrggggggrggggrrggrgrggr": 1, "rggrrgrgggrgrrrgggggrgrgrgrgggrggrgr": 1, "rggrrrgggggggrrrggggrgggrrgrgggrrggr": 1, "rgrgrgrgggrgrrgrggggrgrgrggggggrgggr": 1, "rgrgrgrgggrrgrrgrgggrgrgrrgggggrrggr": 1, "rggrrgrgggrgrrggggggrgrgrrgggggrrggr": 1, "rgrrrgrgggggrrrrggggrgrgrrgggggrgrgr": 1, "rggrrgrgggrgrrrgggggrgrgrggggggrrggr": 1, "rggrrgrgggrrgrrgrgggrgrgrrggrggrrggr": 1, "rgggrgrgggggrrrgrgggrrggrrgrgggrrggr": 1, "rggrgrgrgggggrggggrgrggggggggrrrggrg": 1, "rgrgrgrgggrgrrrrrggrggggrggrggrgrggr": 1, "rgrgrgrgrgrggrrgggggrgrgrrgggggrgrgr": 1, "rggrrgrgggrrgrrgrgggrgggrgrgrgrgrggr": 1, "rgrgggggrgrrgrrggggrrrggrggggggrrggr": 1, "rgrggggggrrrgggrgrrggggggggrgggrrggr": 1, "rggrrgrggggrgrrgrggrggrgrrgggggrrggr": 1, "rggrrgggggrggrggggrgrgrgrgrgggrgrggr": 1, "grrgrgggggrgrrrrgggrggggrggrgggrrggg": 1, "rggrrgrgggrgrrrgrgggrgggrggrgggrgggr": 1, "ggrgrgggggrggrgrrgrgrgggrggggggrrgrg": 1, "rggrrrrgrgrrggrgrgrrgggggggrrrrggggr": 1, "grrrrgggrgrrgrggrgrgrggggrrrgrrgrgrg": 1, "rgggrgrgggrggrrgrgggggrgrgrgggrgrggr": 1, "rggrrgrgggrrgrrgrggrrrggrrgggggrrgrg": 1, "rggrrgggggrgrrrgggggrgrgrgrgrgggrggr": 1, "grgrrgggggrgrrgrggrgggrgrgggggrgrrgr": 1, "rggrrrgrgrggrgggrgrgrgrgrgggggrgrggr": 1, "rgrgrgrgrgrggrrrrgggrgggrrgggggrrggr": 1, "rgggggrgggrgrgrrggggggrgrgrgggrgrggr": 1, "rggrrgrgggrgrrrgggggrgrgrgggrgrgrggr": 1, "rgggrgrgrgrrgrrgggggrgrgrrgggggrrggr": 1, "rggrrgrgggrgrrrrggggrgggrrgggggrgrgr": 1, "rggrrgrgggrgrrrgggggrgrgrrggrggrrggr": 1, "rgrgrgrgggrggrrrrggggggggrgggrgrrgrg": 1, "rggrrgggggrgrrgrgggrggggrgggggrgrggr": 1, "grgrrgggggrgrrrgggggrggrgrgggggrrgrg": 1, "rgrgrrggrggrggrgggggggrgggrgrgrgrggr": 1, "rggrrgrgggrgrrrgrggrgrggrrgrgggrrgrg": 1, "rggrrggrggrggrgrggrgrggggggrggrgrggr": 1, "rgrgrgrgrgrrgrrgrgggrgggrrgrgggrrggr": 1, "grrgrgggrgrrggggrgggrgrggrgggggrrggg": 1, "grgrrgggggrgrrrrrgggggggrrgrgggrrggr": 1, "rggrrgrgggrrgrggrgrgrgrgrgggggrggrgr": 1, "rgrggrggrggggrggrgrgrgrgrggggggrgrgr": 1, "rggrrrggggggrrrrgggrgggrgrgrgggrrggr": 1, "rgrgrgrgrgrrgrrggggggrggggrrgrrgrggg": 1, "rgrgrgggrggrgrrgggggrgrgrrgggggrrggr": 1, "rgrgrgggggrgrrrggggrggrgrgrgggrgrggr": 1, "rgrgrggggrrgrggrggrgrgrgrggggggrrggr": 1, "rgrgrgggrgrrgrrgrgggrgrgrgrrggrgrggr": 1, "rgggrgrgggrgrrrrggggggrggrgggggrrggr": 1, "rgrgrgrgrgrggrrrrgggrgggrgrgrgrgrggr": 1, "grrgrgggggrrggrgrggggrggrggrggrgrggr": 1, "grrgrgggrgrggrrrrgggrggggrggrggrrggr": 1, "rggrgggrggrgrrggrgrgrgrgggggrggrrggr": 1, "grrgrgrgrgggggrgrggrgrgggrgggrgrrgrg": 1, "grrgrgrgrgrrgrrggggggggrggrgggrgrgrg": 1, "rrrgrgrgrgrggrrrrgggrgrgggggrggrrggr": 1, "rgggrgrgggrgrrrgggggrgrgrrgggggrrggr": 1, "rggrrggrggrggrgrrgggggggrggggggrrggr": 1, "rggrgggrgrrgggrrrrgggggggggggggrrgrg": 1, "rgrgggggrrrggggrgrrgrgrggggggrrrrggg": 1, "rgggrgrgggggrrgrggrgggggrgrgggrgrggr": 1, "rgrgrgggrrgggrrrrgggrggggggggrgrrgrg": 1, "rggrrgrgggggrrrrggggggggggggrggrrggr": 1, "rggrrgrgggrgrgrgrgggrgrggrgggrgrgggr": 1, "rggrrgrgggrgrrrgrgggrgggrggggggrrggg": 1, "rgrgrgggrgrggrrrggggrgggrgggrggrrggr": 1, "rggrrgrgggrgrrrrggggrgrgrrgggggrrggr": 1, "rggggggggrrrggrggrggrggrgrgrgggrrggr": 1, "rgggrgrgrgrggrgggggrgrggrrgggggrrggr": 1, "rgrgrgggggrrgrggrgrgrgrgrgrgggrgrgrg": 1, "rgrgrgrgggrgrgrrgrgrgggrrrgggrgrrgrg": 1, "rggrrgrgggrgrrrrrgggrgggrrggggggrggr": 1, "rgrgrggggggrgrrgggggrgggrrgggggrgrgr": 1, "rgrrgrgggrggrrrgggggrggggrgggggrrgrg": 1, "rgrgrgrggggggrrrgggrggrgrggggggrrggr": 1, "rggrrgrgggrgrrgrggrgggggggrgggrggrgr": 1, "rggrrrgrgggggrrrrgggrgggrrggggggrgrg": 1, "rgggrgrgrgrggrrgrgggrgggrrggrggrrggr": 1, "rggrrgggggrgrrggggrgrgggrggrgggrrggr": 1, "rgrgrrgggggrgrggrgrgrgrgggggggrgrggr": 1, "rgrgggrggrrgrggrggggrggrggrggrrggrgg": 1, "rrgrrgrgggrgrggggrrgrgggggggrgrgrggr": 1, "rgrgrgggrgrrggrggggggrgggrgggggrrrgr": 1, "rgrgrgrgrgrggrgrggrgggrgrgrgrgrgrggr": 1, "rggrgggggrrgrggrgggrggggrgggrgrgrggr": 1, "grgrrgggggrgrrrrgggrggrgrrggrgggrggr": 1}, "qpu_dt": 57.232996225357056, "qpu_timestamp": 1700090061.421026}, "settings": {"time_points": [0, 2.5e-07, 2.75e-06, 3e-06], "amplitude_values": [0, 15700000.0, 15700000.0, 0], "detuning_values": [-20000000.0, -20000000.0, 20000000.0, 20000000.0], "phase_values": [0, 0, 0, 0], "blockade_radius": 8.04442268093887e-06, "n_site_max": 256, "C6": 5.42e-24, "x_min": 0, "y_min": 0, "R": 1.25, "factor": 6.435538144751096e-06}}