{"problem": {"instance_name": "UDMIS073EXT_N15_W1.0_R0.4.orig", "instance_data": [[0.0, 0.0], [0.0, 4.348336584291281e-06], [0.0, 8.696673168582562e-06], [4.348336584291281e-06, 0.0], [4.348336584291281e-06, 4.348336584291281e-06], [4.348336584291281e-06, 8.696673168582562e-06], [4.348336584291281e-06, 1.3045009752873843e-05], [4.348336584291281e-06, 1.7393346337165125e-05], [8.696673168582562e-06, 1.7393346337165125e-05], [1.3045009752873843e-05, 4.348336584291281e-06], [1.3045009752873843e-05, 8.696673168582562e-06], [1.3045009752873843e-05, 1.3045009752873843e-05], [1.3045009752873843e-05, 1.7393346337165125e-05], [1.7393346337165125e-05, 0.0], [1.7393346337165125e-05, 4.348336584291281e-06]]}, "meta": {"timestamp_start": 1700087997.502726, "timestamp_end": 1700088055.040988, "version": "1.1"}, "sim_result": {"sim_density": null, "sim_counts": null, "sim_dt": null, "sim_timestamp": null}, "qpu_result": {"qpu_density": [0.43, 0.03, 0.45918367346938777, 0.39, 0.0, 0.11, 0.05102040816326531, 0.72, 0.07, 0.030303030303030304, 0.5353535353535354, 0.14, 0.58, 0.84, 0.0707070707070707], "qpu_counts": {"rggggggrgggrgrg": 1, "rgrggggrggrgrrg": 7, "ggggggggggggrgr": 1, "gggrgggrggggrrg": 3, "ggrrgggrggggrrg": 4, "ggrrgggrggrggrg": 5, "rggggggrggrggrg": 2, "gggggrgrggggrrg": 1, "rggggggrggrgrrg": 6, "ggrrgggrggrgrrg": 2, "rgggggrgggrgrrg": 1, "rggggggrrgrgrrg": 1, "rggggrggggggrrg": 1, "rgggggggggrgrrg": 2, "ggrrggggggggrrg": 2, "gggrgggrggrgrrg": 2, "rgrggggrggrggrg": 2, "grgggggrggggrrg": 1, "ggrrgggrrgrgrrg": 1, "rgrggggrgggggrg": 1, "gggrgrggggrgggg": 1, "rggggrgggggrrrg": 1, "ggrrgggrgggrggr": 2, "rggggrgrggggrrg": 1, "rgrggggrggggrrg": 2, "gggrggggggggrrg": 1, "ggrrgggrgggggrg": 2, "rgrgggrgggrgrgg": 1, "rgrggggrgggrgrg": 1, "gggrgrggrgrggrg": 1, "gggggggrggrgggg": 1, "ggrggggrggrgrrg": 2, "rgrgggrgggrgrrg": 1, "gggrggggrgrggrg": 2, "ggrrgggrgrggrgg": 1, "ggrrggrrggggrrg": 1, "ggrrgggggggrgrg": 1, "ggrggggrgggrgrg": 2, "gggggggrggggggr": 1, "gggrggrrggggrrg": 1, "ggrggrggggrggrg": 1, "ggrrgggrgggrgrg": 2, "ggrrggggrgrggrg": 1, "rggggggrgggggrg": 1, "rgggggggggrggrg": 1, "rggggrgrggrggrg": 1, "gggrgrgrgggrggr": 1, "rggggggggrggrgg": 1, "ggggggggggrgrrg": 2, "rggggggrggggrgg": 1, "ggrrgggrggrgrgg": 1, "gggggggrggrgrrg": 1, "ggggggggggrggrg": 1, "rgrgggggrgrggrg": 1, "rggggggrgrggggg": 1, "gggrgggrgrgggrg": 1, "grgggggrgggrgrg": 1, "rggggrggggrrgrg": 1, "gggrgggrggggrgg": 1, "rgggggrggggrggr": 1, "rggggggrggggrrg": 1, "rgggggrggggggrg": 1, "gggggrggggrgrrg": 1, "rgrggggrggrgrrr": 1, "grgggggrggggrgr": 1, "gggggggrggrggrg": 1}, "qpu_dt": 57.53457474708557, "qpu_timestamp": 1700087997.503861}, "settings": {"time_points": [0, 2.5e-07, 2.75e-06, 3e-06], "amplitude_values": [0, 15700000.0, 15700000.0, 0], "detuning_values": [-20000000.0, -20000000.0, 20000000.0, 20000000.0], "phase_values": [0, 0, 0, 0], "blockade_radius": 8.04442268093887e-06, "n_site_max": 256, "C6": 5.42e-24, "x_min": 0, "y_min": 0, "R": 1.85, "factor": 4.348336584291281e-06}}