{"problem": {"instance_name": "UDMIS002EXT_N15_W1.0_R0.2.orig", "instance_data": [[0.0, 6.435538144751096e-06], [0.0, 1.2871076289502192e-05], [0.0, 1.9306614434253288e-05], [0.0, 2.5742152579004385e-05], [6.435538144751096e-06, 1.2871076289502192e-05], [1.2871076289502192e-05, 6.435538144751096e-06], [1.2871076289502192e-05, 1.2871076289502192e-05], [1.2871076289502192e-05, 1.9306614434253288e-05], [1.2871076289502192e-05, 2.5742152579004385e-05], [1.9306614434253288e-05, 0.0], [1.9306614434253288e-05, 6.435538144751096e-06], [1.9306614434253288e-05, 2.5742152579004385e-05], [2.5742152579004385e-05, 6.435538144751096e-06], [2.5742152579004385e-05, 1.2871076289502192e-05], [2.5742152579004385e-05, 1.9306614434253288e-05]]}, "meta": {"timestamp_start": 1700087880.24082, "timestamp_end": 1700087938.586149, "version": "1.1"}, "sim_result": {"sim_density": null, "sim_counts": null, "sim_dt": null, "sim_timestamp": null}, "qpu_result": {"qpu_density": [0.8484848484848485, 0.11, 0.19, 0.76, 0.41414141414141414, 0.65, 0.17, 0.49, 0.30612244897959184, 0.73, 0.03125, 0.58, 0.74, 0.13, 0.8469387755102041], "qpu_counts": {"rggrggrggrgrrgr": 1, "rggrrrgrgrgrrgr": 2, "rggrgrgggggrrgr": 1, "rggrgrgrggggrgr": 3, "rggrrrgrgggrrgr": 3, "rggrgrggrrgrrgr": 1, "rggrrrggrrggrgr": 5, "rgrggrgrrggrggg": 1, "rggrggrgrrggrgr": 3, "rgrggrgrgrgrggr": 1, "rggrgrgrgrgrrgr": 8, "rgrggrggggggrgr": 2, "rggrrggggrgrrgr": 2, "rgrgrrgrgrgrgrr": 1, "rgggrrgggrgrggg": 1, "rggrrggrgrgrggr": 1, "rgggggrgrrgggrg": 1, "rggrrggrgrgrrgr": 3, "grgrgrgrgrggrgr": 1, "rggrgrggrrrgrgr": 1, "rggrrrgggrgrrgg": 1, "grgrgrgrgrgrrgr": 2, "rggrrrgggrgrgrg": 1, "rggrrrgggrgrrgr": 3, "rggrgggggrgrgrr": 1, "rgrggrggrrggrgr": 1, "rggrggggrrgrrgr": 1, "rggrggrgrgrgggg": 1, "rggrrrggrgggrgr": 1, "rggrgrgrgrrrgrr": 1, "rgrggrgrgrgrrgr": 2, "rggrggrggggrggr": 1, "rgrgggrgrrggrgr": 2, "grgrggrggrgrgrr": 1, "rgggrrgrgrgrrgr": 1, "rggrgggrggggrgr": 1, "rggrrrgrgrggrgr": 1, "grgrggggrrgggrg": 1, "rgrrgrgrgrgrrgr": 1, "rggrgrgggrgrrgr": 1, "rggrgrgrgggrrgr": 1, "gggrrrgrgggrgrg": 1, "rggrrggggrggrgr": 1, "grgrggrgrgrgggr": 1, "rgggggrgrrggrgr": 1, "rgrgrggrrgrrggr": 1, "grgrggrgrrgggrg": 1, "grgrgrgrggggrgr": 1, "rggrrggggrgrggr": 1, "rrrrrrgrrgggrgr": 1, "grgrgrgrgrgrgrg": 1, "rggrgrgrgrggggr": 1, "rgggrrgrgrgrrgg": 1, "rggrgrgrgrggrgr": 1, "rggrrgggrrggrgr": 1, "rggrgrgrgggrggr": 1, "rgrgrgrgrrggrgr": 2, "gggrrrgggrrrrgr": 1, "rgrggrgrgrgrgrg": 1, "rggrrrgggrggrgr": 1, "rggrrggrrggrrgg": 1, "rggrrgggrrggggr": 1, "grgrgggrgrrrrgr": 1, "rggrrgrgrrggggg": 1, "gggrggrgrgggrgr": 1, "rgrggrgrgggrgrr": 1, "rgrggrgggrgrgrr": 1, "rgrggrgggrggrgr": 1, "rgggrggrgrgrrgr": 1, "gggrgrggrgggrgr": 1, "rgggrrgggggrrgr": 1, "gggrgrgrggggrgg": 1}, "qpu_dt": 58.34169244766235, "qpu_timestamp": 1700087880.241968}, "settings": {"time_points": [0, 2.5e-07, 2.75e-06, 3e-06], "amplitude_values": [0, 15700000.0, 15700000.0, 0], "detuning_values": [-20000000.0, -20000000.0, 20000000.0, 20000000.0], "phase_values": [0, 0, 0, 0], "blockade_radius": 8.04442268093887e-06, "n_site_max": 256, "C6": 5.42e-24, "x_min": 0, "y_min": 0, "R": 1.25, "factor": 6.435538144751096e-06}}